HourUTC,PriceArea,mismatch,renewable_share,SpotPriceDKK
2024-01-31 22:00:00,DK1,1861.3094270000001,0.8803415291967572,296.149994
2024-01-31 22:00:00,DK2,271.1280569999999,0.8171808850774722,11.93
2024-01-31 21:00:00,DK1,1887.1102820000006,0.896879064431288,249.929993
2024-01-31 21:00:00,DK2,249.4889659999999,0.7963857825144062,27.799999
2024-01-31 20:00:00,DK1,1750.4675089999996,0.9007668696854609,254.179993
2024-01-31 20:00:00,DK2,215.16330400000015,0.7658166406235903,121.800003
2024-01-31 19:00:00,DK1,1708.5714790000006,0.8999623395222907,274.309998
2024-01-31 19:00:00,DK2,224.609557,0.7222357680768782,149.300003
2024-01-31 18:00:00,DK1,1787.6761269999997,0.8921238477487332,307.399994
2024-01-31 18:00:00,DK2,205.8110340000003,0.6960675533520446,152.809998
2024-01-31 17:00:00,DK1,1736.0817260000003,0.8949460466822432,350.26001
2024-01-31 17:00:00,DK2,140.35817600000019,0.6720122149383452,198.279999
2024-01-31 16:00:00,DK1,1670.7874839999995,0.890792973888396,367.929993
2024-01-31 16:00:00,DK2,82.1008480000005,0.6649593587505842,367.929993
2024-01-31 15:00:00,DK1,1573.8341759999998,0.8997438572947614,297.559998
2024-01-31 15:00:00,DK2,193.75235199999997,0.66730641181527,193.880005
2024-01-31 14:00:00,DK1,1466.325839,0.8951840065007378,297.940002
2024-01-31 14:00:00,DK2,231.21488300000055,0.6639341613664126,149.75
2024-01-31 13:00:00,DK1,1578.3367689999995,0.8938090699364118,298.529999
2024-01-31 13:00:00,DK2,204.07145599999967,0.667556092768979,149.679993
2024-01-31 12:00:00,DK1,1689.9918260000004,0.8874468812194346,346.01001
2024-01-31 12:00:00,DK2,147.3101499999998,0.6651092608098146,152.360001
2024-01-31 11:00:00,DK1,1555.258085,0.8759445976019443,400.5
2024-01-31 11:00:00,DK2,133.0761849999999,0.6736469902904518,152.660004
2024-01-31 10:00:00,DK1,1037.500184,0.860672940508728,400.350006
2024-01-31 10:00:00,DK2,135.10723800000005,0.6679124657018085,168.979996
2024-01-31 09:00:00,DK1,571.0449970000004,0.8460667346445399,414.890015
2024-01-31 09:00:00,DK2,119.61936399999968,0.6585285223795626,312.170013
2024-01-31 08:00:00,DK1,192.2599099999993,0.8002627963889831,421.899994
2024-01-31 08:00:00,DK2,46.07959299999993,0.6276480649759201,381.350006
2024-01-31 07:00:00,DK1,325.42047399999956,0.7750977670092855,431.589996
2024-01-31 07:00:00,DK2,-76.74886900000024,0.6067073154946332,431.589996
2024-01-31 06:00:00,DK1,147.57009199999993,0.7688178122621994,424.209991
2024-01-31 06:00:00,DK2,-20.496934999999894,0.6395105731754387,418.540009
2024-01-31 05:00:00,DK1,348.3702000000003,0.7775723854855177,410.040009
2024-01-31 05:00:00,DK2,158.67701900000043,0.6747585203193739,190.369995
2024-01-31 04:00:00,DK1,664.8345009999998,0.8122275300624567,378.73999
2024-01-31 04:00:00,DK2,371.3595689999995,0.6863992398165296,144.529999
2024-01-31 03:00:00,DK1,1020.7407450000001,0.8491172280986065,383.059998
2024-01-31 03:00:00,DK2,374.4980989999999,0.7363666225550778,141.330002
2024-01-31 02:00:00,DK1,1158.1289810000003,0.8536903558837472,380.600006
2024-01-31 02:00:00,DK2,325.80284100000017,0.766985597032835,138.490005
2024-01-31 01:00:00,DK1,900.287871,0.8327902450269841,382.089996
2024-01-31 01:00:00,DK2,284.018779,0.7662889731709054,137.899994
2024-01-31 00:00:00,DK1,1015.1536760000004,0.8378526475304673,382.98999
2024-01-31 00:00:00,DK2,212.51205900000014,0.7625432248188804,137.600006
2024-01-30 23:00:00,DK1,1211.4421590000002,0.8580700637811552,384.700012
2024-01-30 23:00:00,DK2,172.49193199999968,0.7421686861098282,137.080002
2024-01-30 22:00:00,DK1,890.8548600000004,0.8228909991319896,396.929993
2024-01-30 22:00:00,DK2,363.605763,0.6914183258335022,180.169998
2024-01-30 21:00:00,DK1,591.4286349999998,0.8383823392943217,399.23999
2024-01-30 21:00:00,DK2,319.15172600000005,0.6481795909241077,168.160004
2024-01-30 20:00:00,DK1,383.3424310000005,0.7950889377237259,401.929993
2024-01-30 20:00:00,DK2,216.39867700000013,0.6088612670451024,401.929993
2024-01-30 19:00:00,DK1,369.6717020000001,0.7685208130629438,422.799988
2024-01-30 19:00:00,DK2,141.0127309999998,0.6186031573468491,422.799988
2024-01-30 18:00:00,DK1,512.3540280000002,0.7475961452115624,435.690002
2024-01-30 18:00:00,DK2,-18.513901000000033,0.6171507861257829,435.690002
2024-01-30 17:00:00,DK1,503.4763230000008,0.7823747750629018,457.829987
2024-01-30 17:00:00,DK2,-154.36077299999988,0.6067896645598969,457.829987
2024-01-30 16:00:00,DK1,466.94900700000017,0.777355431262405,535.950012
2024-01-30 16:00:00,DK2,-313.3549740000001,0.5889190867005853,535.950012
2024-01-30 15:00:00,DK1,569.9746189999992,0.7731172295170885,475.049988
2024-01-30 15:00:00,DK2,-339.22809400000006,0.5465971144678331,475.049988
2024-01-30 14:00:00,DK1,570.180656999999,0.7792870942754024,466.929993
2024-01-30 14:00:00,DK2,-481.20813,0.4891876362773721,466.929993
2024-01-30 13:00:00,DK1,427.3364110000007,0.7744364895595183,477.209991
2024-01-30 13:00:00,DK2,-588.9470289999997,0.43078403360927603,523.349976
2024-01-30 12:00:00,DK1,303.77070399999957,0.7554686092389641,474.75
2024-01-30 12:00:00,DK2,-681.5140259999998,0.4148953799939831,496.369995
2024-01-30 11:00:00,DK1,-40.230745999999726,0.7248086117319515,475.649994
2024-01-30 11:00:00,DK2,-644.2885699999999,0.4012946720931799,495.470001
2024-01-30 10:00:00,DK1,-71.99662800000033,0.7243008888121671,487.200012
2024-01-30 10:00:00,DK2,-794.5637800000002,0.3557592922553922,510.01001
2024-01-30 09:00:00,DK1,-153.74872199999982,0.6840892027326025,575.080017
2024-01-30 09:00:00,DK2,-895.4910159999997,0.2851437035401903,575.080017
2024-01-30 08:00:00,DK1,-237.81206900000006,0.6449899664709102,631.140015
2024-01-30 08:00:00,DK2,-901.8329150000002,0.2387369052624257,633.080017
2024-01-30 07:00:00,DK1,-210.44024799999988,0.6470580824463825,622.48999
2024-01-30 07:00:00,DK2,-926.992655,0.18898908668568995,715.070007
2024-01-30 06:00:00,DK1,-415.29663299999993,0.6349817483338724,561.219971
2024-01-30 06:00:00,DK2,-844.1923269999998,0.19166766818950196,675.340027
2024-01-30 05:00:00,DK1,-596.4877539999998,0.5760710536076724,511.869995
2024-01-30 05:00:00,DK2,-690.1833699999999,0.1417225178654671,570.609985
2024-01-30 04:00:00,DK1,-848.411509,0.48990623158841806,517.090027
2024-01-30 04:00:00,DK2,-530.8268740000001,0.13542195427813197,517.090027
2024-01-30 03:00:00,DK1,-1073.7914530000003,0.3706188177133801,500.769989
2024-01-30 03:00:00,DK2,-625.3444350000002,0.1202979623737702,500.769989
2024-01-30 02:00:00,DK1,-1076.9464159999998,0.29053908437670867,502.709991
2024-01-30 02:00:00,DK2,-664.2885380000001,0.1499994943103772,502.709991
2024-01-30 01:00:00,DK1,-1206.5484680000002,0.18079610936090765,517.090027
2024-01-30 01:00:00,DK2,-703.6863830000002,0.16260342213226622,517.090027
2024-01-30 00:00:00,DK1,-1286.5010990000003,0.14714491427130832,512.77002
2024-01-30 00:00:00,DK2,-751.282582,0.1688419801721355,512.77002
2024-01-29 23:00:00,DK1,-1362.4941190000002,0.1962803216576458,536.25
2024-01-29 23:00:00,DK2,-794.4324790000001,0.16704588508467286,536.25
2024-01-29 22:00:00,DK1,-1178.845785,0.18971555784050487,598.539978
2024-01-29 22:00:00,DK2,-763.6995129999998,0.2291866762073524,598.539978
2024-01-29 21:00:00,DK1,-1283.71249,0.14148190214394515,621.869995
2024-01-29 21:00:00,DK2,-858.922166,0.26573941275285595,621.869995
2024-01-29 20:00:00,DK1,-1111.1380869999998,0.09749901355177523,646.98999
2024-01-29 20:00:00,DK2,-823.856156,0.3544301365159756,646.98999
2024-01-29 19:00:00,DK1,-1301.644891,0.09167058791014246,685.679993
2024-01-29 19:00:00,DK2,-792.502653,0.40682510202527195,685.679993
2024-01-29 18:00:00,DK1,-1512.562025,0.08906818342964685,801.530029
2024-01-29 18:00:00,DK2,-674.451208,0.32744672463670615,801.530029
2024-01-29 17:00:00,DK1,-1613.3659650000004,0.06751332897612146,874.440002
2024-01-29 17:00:00,DK2,-705.8780559999996,0.31322605695391825,874.440002
2024-01-29 16:00:00,DK1,-1717.4590940000003,0.05460029690332747,949.880005
2024-01-29 16:00:00,DK2,-787.6127439999998,0.2903480959840872,949.880005
2024-01-29 15:00:00,DK1,-1649.9475779999998,0.05104935195733759,808.309998
2024-01-29 15:00:00,DK2,-623.859798,0.3060893904871565,808.309998
2024-01-29 14:00:00,DK1,-1560.8899040000006,0.09773642551242223,727.580017
2024-01-29 14:00:00,DK2,-612.0217389999998,0.31113988065171777,727.580017
2024-01-29 13:00:00,DK1,-1768.6092480000004,0.26882006762922533,615.390015
2024-01-29 13:00:00,DK2,-635.775866,0.34167067706424153,615.390015
2024-01-29 12:00:00,DK1,-1778.715763,0.40042652847646976,559.030029
2024-01-29 12:00:00,DK2,-490.72398499999986,0.39325651384562327,559.030029
2024-01-29 11:00:00,DK1,-1910.8863529999996,0.4278506836334967,523.619995
2024-01-29 11:00:00,DK2,-415.12148,0.4599889997318775,523.619995
2024-01-29 10:00:00,DK1,-1972.046647,0.4434025725782899,531.299988
2024-01-29 10:00:00,DK2,-277.8720030000002,0.508900194072702,531.299988
2024-01-29 09:00:00,DK1,-1764.386976,0.4631970820098236,588.179993
2024-01-29 09:00:00,DK2,-159.17087100000026,0.5281920207013797,588.179993
2024-01-29 08:00:00,DK1,-1387.6710149999997,0.5030834713284185,658.919983
2024-01-29 08:00:00,DK2,-145.46942200000012,0.537958962147348,658.919983
2024-01-29 07:00:00,DK1,-718.0618480000007,0.5575786396644106,620.460022
2024-01-29 07:00:00,DK2,-26.213304999999536,0.5675558157244983,620.460022
2024-01-29 06:00:00,DK1,-685.3722170000001,0.7074650262507854,462.339996
2024-01-29 06:00:00,DK2,40.356336000000056,0.6075021095124588,462.339996
2024-01-29 05:00:00,DK1,-95.8822869999999,0.7903609611346645,400.470001
2024-01-29 05:00:00,DK2,239.6047370000001,0.6213135337411999,180.330002
2024-01-29 04:00:00,DK1,493.164346,0.8439231268501355,413.140015
2024-01-29 04:00:00,DK2,248.59427700000037,0.689461664340007,111.900002
2024-01-29 03:00:00,DK1,703.5952150000003,0.8616609724303963,384.51001
2024-01-29 03:00:00,DK2,211.28484700000013,0.7444935023246384,111.82
2024-01-29 02:00:00,DK1,933.2880349999996,0.8644285642146718,357.600006
2024-01-29 02:00:00,DK2,81.35223200000019,0.7431619581948378,111.82
2024-01-29 01:00:00,DK1,1162.520787,0.872070486992286,358.720001
2024-01-29 01:00:00,DK2,44.14795300000014,0.7389602156633375,74.470001
2024-01-29 00:00:00,DK1,1210.3204950000004,0.8645777136995987,352.309998
2024-01-29 00:00:00,DK2,-21.148153000000093,0.7362079229502778,74.470001
2024-01-28 23:00:00,DK1,1238.1976679999993,0.8733442153675456,363.339996
2024-01-28 23:00:00,DK2,-29.642890999999963,0.736153694924108,111.82
2024-01-28 22:00:00,DK1,1483.8978349999993,0.8631890964403481,392.790009
2024-01-28 22:00:00,DK2,90.3809510000001,0.7106664599422952,51.59
2024-01-28 21:00:00,DK1,1451.696171,0.8539065960508126,400.390015
2024-01-28 21:00:00,DK2,161.44604200000026,0.6675146533551468,74.550003
2024-01-28 20:00:00,DK1,1467.4908529999998,0.8528436046624083,400.98999
2024-01-28 20:00:00,DK2,112.77624499999979,0.6566030148560282,122.029999
2024-01-28 19:00:00,DK1,1486.3347159999998,0.8472563039860349,405.089996
2024-01-28 19:00:00,DK2,207.26405299999988,0.6506620164184618,217.75
2024-01-28 18:00:00,DK1,1436.255802000001,0.8284231815328642,422.01001
2024-01-28 18:00:00,DK2,178.5460619999999,0.6407600659713213,422.01001
2024-01-28 17:00:00,DK1,1291.4279259999994,0.8155874681547767,427.380005
2024-01-28 17:00:00,DK2,62.6823200000008,0.6159144415702085,427.380005
2024-01-28 16:00:00,DK1,1064.9782269999992,0.8081154756202793,431.329987
2024-01-28 16:00:00,DK2,-115.22902399999998,0.5832182945295248,431.329987
2024-01-28 15:00:00,DK1,1055.0852260000001,0.8062043190308263,431.850006
2024-01-28 15:00:00,DK2,-240.0812350000001,0.5022039714119596,431.850006
2024-01-28 14:00:00,DK1,933.9514650000001,0.8413975775149117,420.519989
2024-01-28 14:00:00,DK2,-320.4811820000002,0.4610722782262833,420.519989
2024-01-28 13:00:00,DK1,821.8471829999999,0.8696164960496984,377.579987
2024-01-28 13:00:00,DK2,-356.025987,0.47761055415737047,377.579987
2024-01-28 12:00:00,DK1,281.9435559999997,0.8831867079544291,298.859985
2024-01-28 12:00:00,DK2,-326.6224379999999,0.5215175883127756,298.859985
2024-01-28 11:00:00,DK1,431.26713000000063,0.8712541364195954,309.970001
2024-01-28 11:00:00,DK2,-376.43677800000023,0.598184807956666,309.970001
2024-01-28 10:00:00,DK1,345.5173120000004,0.8650520258477044,341.049988
2024-01-28 10:00:00,DK2,-467.085204,0.598347508102599,341.049988
2024-01-28 09:00:00,DK1,419.56349100000034,0.8523914432133006,381.380005
2024-01-28 09:00:00,DK2,-522.7956919999997,0.5140831688663964,381.380005
2024-01-28 08:00:00,DK1,351.1193229999999,0.8155793995228151,410.609985
2024-01-28 08:00:00,DK2,-485.42874699999993,0.39361226381338876,410.609985
2024-01-28 07:00:00,DK1,440.3665609999998,0.7669283158049436,441.320007
2024-01-28 07:00:00,DK2,-468.39479299999994,0.33543956254507934,441.320007
2024-01-28 06:00:00,DK1,553.5839540000002,0.7521356756311094,439.679993
2024-01-28 06:00:00,DK2,-503.3307050000002,0.31365752948149134,439.679993
2024-01-28 05:00:00,DK1,637.2188739999997,0.7700897892833222,430.290009
2024-01-28 05:00:00,DK2,-449.55073100000004,0.34250755668269217,430.290009
2024-01-28 04:00:00,DK1,542.6251669999997,0.7776250101274562,429.609985
2024-01-28 04:00:00,DK2,-306.78229899999997,0.3685302845883385,429.609985
2024-01-28 03:00:00,DK1,472.8039510000003,0.7842976611607865,431.399994
2024-01-28 03:00:00,DK2,-284.56004200000007,0.3662812948437,431.399994
2024-01-28 02:00:00,DK1,510.2459149999995,0.7597672562489013,430.290009
2024-01-28 02:00:00,DK2,-390.54612,0.4582293543502986,430.290009
2024-01-28 01:00:00,DK1,567.904931,0.751792798379901,434.309998
2024-01-28 01:00:00,DK2,-179.340287,0.5187597500328078,434.309998
2024-01-28 00:00:00,DK1,777.7026209999999,0.783416205062792,438.339996
2024-01-28 00:00:00,DK2,20.59799599999974,0.5294048387419442,438.339996
2024-01-27 23:00:00,DK1,933.5455150000003,0.7717325112520442,497.75
2024-01-27 23:00:00,DK2,176.1538350000003,0.5370819306747378,497.75
2024-01-27 22:00:00,DK1,859.4722469999997,0.7985097102038673,429.5
2024-01-27 22:00:00,DK2,126.82236899999953,0.5123530779929544,429.5
2024-01-27 21:00:00,DK1,921.3627770000007,0.7993683637655095,430.390015
2024-01-27 21:00:00,DK2,2.6207460000000538,0.49579799575758027,430.390015
2024-01-27 20:00:00,DK1,1013.0416990000003,0.8044685629118862,431.290009
2024-01-27 20:00:00,DK2,-6.786751999999979,0.49687970890203537,431.290009
2024-01-27 19:00:00,DK1,898.7017599999999,0.8016776597664502,433.970001
2024-01-27 19:00:00,DK2,-124.74924599999986,0.5044169481276796,433.970001
2024-01-27 18:00:00,DK1,714.9963010000001,0.7896335215790142,443.070007
2024-01-27 18:00:00,DK2,-153.643775,0.5276603143702564,443.070007
2024-01-27 17:00:00,DK1,581.401233,0.7572199502861059,457.079987
2024-01-27 17:00:00,DK2,-122.35420199999999,0.5466319085071327,457.079987
2024-01-27 16:00:00,DK1,579.9678590000003,0.7491088441741283,460.359985
2024-01-27 16:00:00,DK2,-167.65584599999988,0.5573046482590865,460.359985
2024-01-27 15:00:00,DK1,617.2641000000008,0.752744499659707,439.339996
2024-01-27 15:00:00,DK2,-82.50704699999983,0.5863154495242584,439.339996
2024-01-27 14:00:00,DK1,614.8240370000003,0.7698474053712124,432.029999
2024-01-27 14:00:00,DK2,-103.33917200000019,0.5865634920801347,432.029999
2024-01-27 13:00:00,DK1,559.8766450000003,0.7784025507387374,440.910004
2024-01-27 13:00:00,DK2,-197.53420400000005,0.626927440705423,296.570007
2024-01-27 12:00:00,DK1,331.6181939999997,0.8023095338257223,401.690002
2024-01-27 12:00:00,DK2,-176.22573199999988,0.6474525096475788,242.220001
2024-01-27 11:00:00,DK1,377.125728,0.8037100080855704,416.299988
2024-01-27 11:00:00,DK2,-177.70765599999982,0.6335607246075771,416.299988
2024-01-27 10:00:00,DK1,449.98066700000027,0.784667821677858,422.040009
2024-01-27 10:00:00,DK2,-209.543226,0.6141679705505132,422.040009
2024-01-27 09:00:00,DK1,566.7053749999991,0.7760902110112189,433.899994
2024-01-27 09:00:00,DK2,-16.614873000000216,0.619252426676945,341.600006
2024-01-27 08:00:00,DK1,679.1887379999998,0.7587622392695547,436.130005
2024-01-27 08:00:00,DK2,-120.48044900000014,0.6366815849423241,237.820007
2024-01-27 07:00:00,DK1,617.4525429999999,0.7652713128211083,433.380005
2024-01-27 07:00:00,DK2,43.24113500000021,0.6597054343636415,215.080002
2024-01-27 06:00:00,DK1,756.18851,0.7647986259703168,431.359985
2024-01-27 06:00:00,DK2,127.8490320000003,0.6878767330359473,154.399994
2024-01-27 05:00:00,DK1,694.3719649999998,0.7847268112503026,426.73999
2024-01-27 05:00:00,DK2,248.90937799999983,0.7207585253790769,144.710007
2024-01-27 04:00:00,DK1,689.7822819999992,0.8138965315938519,423.679993
2024-01-27 04:00:00,DK2,291.09477100000004,0.7640420968255626,140.460007
2024-01-27 03:00:00,DK1,850.7382720000005,0.8232059292064978,415.559998
2024-01-27 03:00:00,DK2,265.0441720000001,0.7891781100707442,137.850006
2024-01-27 02:00:00,DK1,1022.3857149999999,0.8288273853404026,410.410004
2024-01-27 02:00:00,DK2,271.68631400000004,0.7905416069547007,134.339996
2024-01-27 01:00:00,DK1,1309.6280969999993,0.845609766671783,419.059998
2024-01-27 01:00:00,DK2,266.32490399999983,0.7845489339211693,131.440002
2024-01-27 00:00:00,DK1,1455.5544509999995,0.8552878529010856,410.26001
2024-01-27 00:00:00,DK2,278.02181199999995,0.772091960154,136.130005
2024-01-26 23:00:00,DK1,1582.8447379999993,0.8597088711442902,405.869995
2024-01-26 23:00:00,DK2,281.07871699999987,0.7755652152736267,144.039993
2024-01-26 22:00:00,DK1,1866.7320589999995,0.8667754376155925,400.429993
2024-01-26 22:00:00,DK2,274.08999800000015,0.7789291868514586,163.869995
2024-01-26 21:00:00,DK1,2038.8049630000005,0.8622899304448634,405.5
2024-01-26 21:00:00,DK2,236.93228399999998,0.7794630414653486,181.839996
2024-01-26 20:00:00,DK1,1489.6704340000001,0.8821473596522303,405.200012
2024-01-26 20:00:00,DK2,163.34970599999997,0.7786366055932104,192.050003
2024-01-26 19:00:00,DK1,2073.2175510000015,0.8721230751743998,404.980011
2024-01-26 19:00:00,DK2,127.43000399999983,0.7581522808587404,205.619995
2024-01-26 18:00:00,DK1,2252.385883,0.8703991222701342,406.540009
2024-01-26 18:00:00,DK2,113.45312099999956,0.7337692525124285,249.830002
2024-01-26 17:00:00,DK1,2023.3060850000006,0.874852950796078,412.140015
2024-01-26 17:00:00,DK2,11.811982000000171,0.7201049621860405,404.01001
2024-01-26 16:00:00,DK1,1935.2875339999996,0.8691155049940205,427.720001
2024-01-26 16:00:00,DK2,-34.770352,0.7213647800559978,427.720001
2024-01-26 15:00:00,DK1,1928.7657620000004,0.8991290381390362,393.200012
2024-01-26 15:00:00,DK2,106.48142499999994,0.7018957051845629,383.809998
2024-01-26 14:00:00,DK1,1854.4076440000008,0.9105388587038986,373.589996
2024-01-26 14:00:00,DK2,174.6811630000002,0.6904093759381333,364.640015
2024-01-26 13:00:00,DK1,1801.8472830000005,0.910428822498259,367.399994
2024-01-26 13:00:00,DK2,95.32032999999956,0.6860892776324812,367.399994
2024-01-26 12:00:00,DK1,1482.8544390000002,0.9093243555467948,346.450012
2024-01-26 12:00:00,DK2,0.5956519999999728,0.6954198983443082,346.450012
2024-01-26 11:00:00,DK1,1227.4413679999989,0.8835493918139491,389.769989
2024-01-26 11:00:00,DK2,-50.55552399999988,0.7023728873899849,389.769989
2024-01-26 10:00:00,DK1,1299.7811449999995,0.8370209865424734,437.929993
2024-01-26 10:00:00,DK2,1.5871289999995497,0.6766862788108007,437.929993
2024-01-26 09:00:00,DK1,1791.7040159999997,0.8074231229472828,456.420013
2024-01-26 09:00:00,DK2,-20.019734000000426,0.6711685502349333,456.420013
2024-01-26 08:00:00,DK1,1923.949146,0.8029217116694987,475.660004
2024-01-26 08:00:00,DK2,-12.51578500000005,0.6487680013556596,475.660004
2024-01-26 07:00:00,DK1,1733.1383769999998,0.8174679394732745,484.149994
2024-01-26 07:00:00,DK2,65.273326,0.6104035106719088,484.149994
2024-01-26 06:00:00,DK1,1534.280831999999,0.8424373676760822,469.470001
2024-01-26 06:00:00,DK2,36.731039999999894,0.5857451754526409,469.470001
2024-01-26 05:00:00,DK1,1338.7288749999998,0.8516321121157175,419.519989
2024-01-26 05:00:00,DK2,-99.98064399999998,0.5419183411000096,432.040009
2024-01-26 04:00:00,DK1,1090.111421,0.8467137302404024,377.619995
2024-01-26 04:00:00,DK2,-391.2593680000002,0.48128287615306714,388.869995
2024-01-26 03:00:00,DK1,864.5268759999999,0.8479610246928708,355.029999
2024-01-26 03:00:00,DK2,-604.368559,0.45888411946483265,415.269989
2024-01-26 02:00:00,DK1,536.7270569999996,0.8412076817647944,408.480011
2024-01-26 02:00:00,DK2,-767.2901800000001,0.388631170644976,420.109985
2024-01-26 01:00:00,DK1,107.85811299999978,0.8036786438645285,436.070007
2024-01-26 01:00:00,DK2,-932.8834970000001,0.2839302253863167,436.070007
2024-01-26 00:00:00,DK1,-19.719605000000684,0.704902282716063,461.940002
2024-01-26 00:00:00,DK2,-955.5925070000001,0.20317338722619524,462.23999
2024-01-25 23:00:00,DK1,-282.7039530000002,0.6542735531423011,468.200012
2024-01-25 23:00:00,DK2,-844.0831689999999,0.22112478975427616,468.200012
2024-01-25 22:00:00,DK1,-410.81589799999983,0.5565115705817087,560.440002
2024-01-25 22:00:00,DK2,-598.3770819999999,0.19476448423916193,560.440002
2024-01-25 21:00:00,DK1,-496.3452440000001,0.47537780280794295,599.73999
2024-01-25 21:00:00,DK2,-473.96117000000004,0.2501575169089621,599.73999
2024-01-25 20:00:00,DK1,-725.1954489999998,0.3904707403485135,643.580017
2024-01-25 20:00:00,DK2,-514.3807689999999,0.2922206531914171,643.580017
2024-01-25 19:00:00,DK1,-958.261581,0.35577911055165856,679.070007
2024-01-25 19:00:00,DK2,-493.3305250000001,0.3848605666180037,679.070007
2024-01-25 18:00:00,DK1,-1059.16828,0.3443438152110753,736.640015
2024-01-25 18:00:00,DK2,-381.51438299999995,0.42260515007435284,736.640015
2024-01-25 17:00:00,DK1,-1197.703278,0.3035173022458487,861.539978
2024-01-25 17:00:00,DK2,-431.2576859999999,0.4610443070720468,861.539978
2024-01-25 16:00:00,DK1,-1324.3066400000002,0.2745677830980508,920.0
2024-01-25 16:00:00,DK2,-321.9771969999995,0.4464660543051445,920.0
2024-01-25 15:00:00,DK1,-1217.3925679999998,0.27675723210816955,755.950012
2024-01-25 15:00:00,DK2,-313.79882599999996,0.43121642691985584,755.950012
2024-01-25 14:00:00,DK1,-1039.098424,0.35653442162713644,686.530029
2024-01-25 14:00:00,DK2,-348.5238750000001,0.49037576852052145,686.530029
2024-01-25 13:00:00,DK1,-883.1756009999995,0.48614459489010226,633.659973
2024-01-25 13:00:00,DK2,-74.81990200000018,0.5259903592333415,633.659973
2024-01-25 12:00:00,DK1,-616.537922,0.6010818923509501,566.630005
2024-01-25 12:00:00,DK2,70.55375100000015,0.577782000688872,566.630005
2024-01-25 11:00:00,DK1,-311.44162300000016,0.6588666363349982,545.450012
2024-01-25 11:00:00,DK2,168.25328900000022,0.6084464277734465,545.450012
2024-01-25 10:00:00,DK1,193.49080300000014,0.7061136726995718,568.340027
2024-01-25 10:00:00,DK2,203.9858250000002,0.6423045803305397,568.340027
2024-01-25 09:00:00,DK1,692.0580539999992,0.7244257209685024,606.599976
2024-01-25 09:00:00,DK2,142.82004700000016,0.652382488916979,606.599976
2024-01-25 08:00:00,DK1,1038.009736,0.7176877528274354,635.679993
2024-01-25 08:00:00,DK2,166.16164100000015,0.6468405531226081,635.679993
2024-01-25 07:00:00,DK1,1520.1895679999998,0.7495692103114511,663.789978
2024-01-25 07:00:00,DK2,151.97205900000063,0.6555609218410436,663.789978
2024-01-25 06:00:00,DK1,1800.5300789999997,0.7995695498219072,492.51001
2024-01-25 06:00:00,DK2,98.60004300000014,0.7071463940302711,492.51001
2024-01-25 05:00:00,DK1,2312.4525009999984,0.8097920800621238,432.709991
2024-01-25 05:00:00,DK2,302.77400000000034,0.7248699444849146,442.850006
2024-01-25 04:00:00,DK1,2354.1758959999997,0.8465935801444439,390.579987
2024-01-25 04:00:00,DK2,496.8099480000003,0.7272625781998078,380.359985
2024-01-25 03:00:00,DK1,2401.11707,0.857711508281988,344.640015
2024-01-25 03:00:00,DK2,499.08827500000007,0.7540016000359243,336.369995
2024-01-25 02:00:00,DK1,2351.852653999999,0.8692568834287658,334.950012
2024-01-25 02:00:00,DK2,444.2301110000003,0.7684506302534244,326.970001
2024-01-25 01:00:00,DK1,2258.6815650000003,0.8749522745380487,323.170013
2024-01-25 01:00:00,DK2,331.9038910000004,0.7929494876736434,318.839996
2024-01-25 00:00:00,DK1,2315.142095999999,0.8758582946147603,335.98999
2024-01-25 00:00:00,DK2,315.8948270000001,0.7867672903282058,327.869995
2024-01-24 23:00:00,DK1,2307.395823,0.8738470826951583,330.630005
2024-01-24 23:00:00,DK2,311.86773199999993,0.777128794184395,326.899994
2024-01-24 22:00:00,DK1,2300.952300999999,0.8808850090077817,287.320007
2024-01-24 22:00:00,DK2,414.38502300000005,0.7574344942577065,287.320007
2024-01-24 21:00:00,DK1,2212.5299620000005,0.8765668265566481,313.269989
2024-01-24 21:00:00,DK2,351.8856370000001,0.7464853231444707,313.269989
2024-01-24 20:00:00,DK1,1977.6924290000002,0.8867562887511862,298.579987
2024-01-24 20:00:00,DK2,255.0797889999999,0.7334090974067553,298.579987
2024-01-24 19:00:00,DK1,2080.9192959999996,0.8716800169795532,314.540009
2024-01-24 19:00:00,DK2,220.50240899999972,0.7215649858344696,314.540009
2024-01-24 18:00:00,DK1,2001.8859710000002,0.8652472404332807,373.529999
2024-01-24 18:00:00,DK2,129.0349620000004,0.718951445638835,373.529999
2024-01-24 17:00:00,DK1,1861.6403139999989,0.8619299604611745,397.609985
2024-01-24 17:00:00,DK2,96.52931099999978,0.68630591333664,397.609985
2024-01-24 16:00:00,DK1,1695.653359,0.8657635002140415,404.25
2024-01-24 16:00:00,DK2,43.91406499999948,0.6840651363504394,404.25
2024-01-24 15:00:00,DK1,1657.9018119999996,0.8829721447357971,378.820007
2024-01-24 15:00:00,DK2,195.78479600000037,0.6795396406268195,378.820007
2024-01-24 14:00:00,DK1,1723.4262899999999,0.8822181491618437,372.480011
2024-01-24 14:00:00,DK2,235.21889900000042,0.6854683697374259,372.480011
2024-01-24 13:00:00,DK1,1590.1164209999988,0.9006235172418646,335.869995
2024-01-24 13:00:00,DK2,71.42986900000005,0.7155337964215249,335.869995
2024-01-24 12:00:00,DK1,1554.1387699999996,0.9100650967897402,271.73999
2024-01-24 12:00:00,DK2,-75.29597899999999,0.742662666137538,278.450012
2024-01-24 11:00:00,DK1,1658.558102,0.9082308225643085,293.209991
2024-01-24 11:00:00,DK2,-110.90104399999973,0.7584646409618422,293.359985
2024-01-24 10:00:00,DK1,1462.2853799999998,0.8991506721243656,378.670013
2024-01-24 10:00:00,DK2,-23.367403000000195,0.7409599903114664,378.519989
2024-01-24 09:00:00,DK1,1408.22876,0.9063867145019826,373.600006
2024-01-24 09:00:00,DK2,39.482580999999755,0.7123033890133188,373.600006
2024-01-24 08:00:00,DK1,1376.227970999999,0.8981619449975234,369.429993
2024-01-24 08:00:00,DK2,171.8078790000004,0.6844090088715692,369.429993
2024-01-24 07:00:00,DK1,1474.2372719999998,0.8879810049039377,373.380005
2024-01-24 07:00:00,DK2,130.44293900000002,0.7027614556308762,373.380005
2024-01-24 06:00:00,DK1,1721.7629319999992,0.9015863452540015,313.869995
2024-01-24 06:00:00,DK2,46.166275999999925,0.7490966985755022,288.809998
2024-01-24 05:00:00,DK1,1650.590345,0.9189045399744046,110.07
2024-01-24 05:00:00,DK2,148.62490000000025,0.771719559329028,190.160004
2024-01-24 04:00:00,DK1,711.8445940000001,0.9209988342109127,-1.34
2024-01-24 04:00:00,DK2,228.49910999999997,0.782421255500879,145.789993
2024-01-24 03:00:00,DK1,1026.5267990000002,0.9244208872187581,-0.15
2024-01-24 03:00:00,DK2,241.12958600000002,0.7898320076708512,133.110001
2024-01-24 02:00:00,DK1,890.8514930000006,0.9238864211696234,-0.07
2024-01-24 02:00:00,DK2,179.77773899999988,0.804537305957853,140.339996
2024-01-24 01:00:00,DK1,804.5798800000002,0.9222402109298425,0.0
2024-01-24 01:00:00,DK2,179.17832800000042,0.8037209442489618,153.910004
2024-01-24 00:00:00,DK1,729.3741350000005,0.9196914607249191,-0.22
2024-01-24 00:00:00,DK2,182.86184799999978,0.8012863731677802,187.699997
2024-01-23 23:00:00,DK1,1569.8419159999999,0.922072474842393,22.74
2024-01-23 23:00:00,DK2,254.526163,0.7705361401673156,213.350006
2024-01-23 22:00:00,DK1,1962.1252840000002,0.9035336387076045,248.050003
2024-01-23 22:00:00,DK2,380.6482090000002,0.7359761842754721,248.050003
2024-01-23 21:00:00,DK1,2033.7382460000008,0.8872240771472043,338.290009
2024-01-23 21:00:00,DK2,283.11169799999993,0.7211697041787921,304.429993
2024-01-23 20:00:00,DK1,1933.4255059999996,0.8519472512111633,400.790009
2024-01-23 20:00:00,DK2,73.8143140000002,0.7128843566527631,391.170013
2024-01-23 19:00:00,DK1,1610.3642599999994,0.8149367402724492,450.910004
2024-01-23 19:00:00,DK2,-36.18085899999983,0.6848354316072466,450.910004
2024-01-23 18:00:00,DK1,1186.0390469999984,0.7794909793467935,472.390015
2024-01-23 18:00:00,DK2,-264.1752640000002,0.7014509014969542,472.390015
2024-01-23 17:00:00,DK1,952.1802160000002,0.7642485144083612,498.040009
2024-01-23 17:00:00,DK2,-283.3142620000001,0.7156091693723969,498.040009
2024-01-23 16:00:00,DK1,567.0763349999997,0.7531632775529495,510.570007
2024-01-23 16:00:00,DK2,-265.87513999999965,0.6751488404297867,510.570007
2024-01-23 15:00:00,DK1,667.6074100000001,0.7587873861235825,494.390015
2024-01-23 15:00:00,DK2,-101.51185400000008,0.6820080631026846,494.390015
2024-01-23 14:00:00,DK1,940.7684240000003,0.7627241889655961,468.059998
2024-01-23 14:00:00,DK2,-36.75775900000008,0.7362461706513022,468.059998
2024-01-23 13:00:00,DK1,1245.7529570000002,0.818295686309624,461.649994
2024-01-23 13:00:00,DK2,-48.81614100000024,0.7464414457855689,320.019989
2024-01-23 12:00:00,DK1,1473.9790940000016,0.8381237434545262,443.230011
2024-01-23 12:00:00,DK2,-65.58555000000024,0.7556719200481774,199.570007
2024-01-23 11:00:00,DK1,1727.4966129999998,0.8518089980825218,441.059998
2024-01-23 11:00:00,DK2,-78.28134900000032,0.7477595455235879,310.100006
2024-01-23 10:00:00,DK1,1804.1040929999995,0.8629310023304673,443.299988
2024-01-23 10:00:00,DK2,-91.9884990000005,0.7438513334591105,443.299988
2024-01-23 09:00:00,DK1,1690.8640850000002,0.855414211764391,447.25
2024-01-23 09:00:00,DK2,-124.13582199999973,0.7380617873629883,447.25
2024-01-23 08:00:00,DK1,1739.361159,0.8603609975892565,455.76001
2024-01-23 08:00:00,DK2,-138.2611690000001,0.7374510816439003,455.76001
2024-01-23 07:00:00,DK1,1812.823649999999,0.8657663667970226,461.649994
2024-01-23 07:00:00,DK2,-108.04704399999946,0.7332077046644104,461.649994
2024-01-23 06:00:00,DK1,1705.1889240000005,0.8814049795195198,454.410004
2024-01-23 06:00:00,DK2,-15.316735999999537,0.7350487389302174,454.410004
2024-01-23 05:00:00,DK1,1563.1822460000003,0.8956231068193835,439.940002
2024-01-23 05:00:00,DK2,205.26744200000007,0.7326032254055979,191.889999
2024-01-23 04:00:00,DK1,1400.204604,0.915764593959886,292.579987
2024-01-23 04:00:00,DK2,303.71458500000017,0.7508270601793565,161.320007
2024-01-23 03:00:00,DK1,1105.3356880000015,0.9150349578057083,76.220001
2024-01-23 03:00:00,DK2,284.178173,0.7781073070180633,76.220001
2024-01-23 02:00:00,DK1,1063.0530609999996,0.9153678275133545,31.1
2024-01-23 02:00:00,DK2,176.73564999999985,0.8049723568878963,31.1
2024-01-23 01:00:00,DK1,1147.7427950000001,0.9189284606701041,69.879997
2024-01-23 01:00:00,DK2,149.86800600000015,0.8088888296566497,69.879997
2024-01-23 00:00:00,DK1,1312.8453100000006,0.9199968683360197,75.330002
2024-01-23 00:00:00,DK2,141.23406200000022,0.8074187314264919,75.330002
2024-01-22 23:00:00,DK1,1667.1482310000001,0.9080590161980945,121.040001
2024-01-22 23:00:00,DK2,150.20684899999992,0.8063082452259281,118.129997
2024-01-22 22:00:00,DK1,1865.3971739999993,0.8901267379178057,372.019989
2024-01-22 22:00:00,DK2,205.16448700000024,0.7815065492242012,171.770004
2024-01-22 21:00:00,DK1,2083.3710369999994,0.8797143239048221,416.850006
2024-01-22 21:00:00,DK2,233.76613099999986,0.7463686234577422,194.440002
2024-01-22 20:00:00,DK1,1951.7668410000006,0.8802804242037997,425.119995
2024-01-22 20:00:00,DK2,118.70822800000019,0.7442313781831387,425.119995
2024-01-22 19:00:00,DK1,2058.7211279999997,0.8595470671520615,444.519989
2024-01-22 19:00:00,DK2,36.00027600000021,0.7393167598827277,444.519989
2024-01-22 18:00:00,DK1,2149.4293290000005,0.8384915166109662,447.720001
2024-01-22 18:00:00,DK2,-28.239506999999776,0.7301481319043384,447.720001
2024-01-22 17:00:00,DK1,2040.2962619999994,0.8414855801835047,455.179993
2024-01-22 17:00:00,DK2,-157.17118299999947,0.7249542443592407,455.179993
2024-01-22 16:00:00,DK1,1918.9966539999996,0.8337069583374442,461.299988
2024-01-22 16:00:00,DK2,-250.30014700000015,0.7293342206734469,461.299988
2024-01-22 15:00:00,DK1,2002.9756270000007,0.8413971596884118,447.429993
2024-01-22 15:00:00,DK2,-199.4840999999999,0.7361889811914742,447.429993
2024-01-22 14:00:00,DK1,1969.0614569999998,0.8523022402512788,445.48999
2024-01-22 14:00:00,DK2,-141.83647900000005,0.7608734089155662,445.48999
2024-01-22 13:00:00,DK1,1906.5966229999995,0.8537739219291793,434.299988
2024-01-22 13:00:00,DK2,-143.05522099999962,0.7769056229162875,434.299988
2024-01-22 12:00:00,DK1,1824.261550000001,0.8639222462812292,423.040009
2024-01-22 12:00:00,DK2,-134.57335999999987,0.7878534415969961,423.040009
2024-01-22 11:00:00,DK1,2211.7194129999993,0.8531838860250686,424.529999
2024-01-22 11:00:00,DK2,-113.15598499999987,0.7741643852821382,424.529999
2024-01-22 10:00:00,DK1,2285.5301419999996,0.8483425786189182,451.970001
2024-01-22 10:00:00,DK2,-169.537507,0.7663486161962921,451.970001
2024-01-22 09:00:00,DK1,2123.453372,0.8470506339658815,459.059998
2024-01-22 09:00:00,DK2,-221.2894240000005,0.7646509658981434,459.059998
2024-01-22 08:00:00,DK1,1967.0306350000005,0.838385673851611,429.450012
2024-01-22 08:00:00,DK2,-181.10714599999937,0.7608578388921468,429.450012
2024-01-22 07:00:00,DK1,2005.1208789999996,0.8325035174069685,495.829987
2024-01-22 07:00:00,DK2,-115.33077600000024,0.7594900585838481,495.829987
2024-01-22 06:00:00,DK1,1960.5586459999995,0.8449042261472285,451.01001
2024-01-22 06:00:00,DK2,-26.413464000000204,0.7667501492485839,451.01001
2024-01-22 05:00:00,DK1,1546.6226900000001,0.8974822719596802,302.059998
2024-01-22 05:00:00,DK2,55.57809700000007,0.7984001394756658,302.059998
2024-01-22 04:00:00,DK1,1099.9692959999988,0.9149130826429452,149.169998
2024-01-22 04:00:00,DK2,138.4043569999999,0.8170269252272258,149.169998
2024-01-22 03:00:00,DK1,951.0804749999988,0.9210865680305261,37.740002
2024-01-22 03:00:00,DK2,171.54481999999985,0.8188074105928044,37.740002
2024-01-22 02:00:00,DK1,1155.4085100000007,0.908527031299939,37.59
2024-01-22 02:00:00,DK2,95.54143799999997,0.8161384363430998,37.59
2024-01-22 01:00:00,DK1,1397.5424449999996,0.914375339205979,138.869995
2024-01-22 01:00:00,DK2,97.18510700000002,0.8120360488229437,138.869995
2024-01-22 00:00:00,DK1,1607.874723,0.9121995829450948,165.869995
2024-01-22 00:00:00,DK2,87.29369299999962,0.8114428692980918,165.869995
2024-01-21 23:00:00,DK1,1926.1782689999995,0.9058910153008557,273.420013
2024-01-21 23:00:00,DK2,67.81878500000039,0.8086782632583622,203.610001
2024-01-21 22:00:00,DK1,2401.6745339999993,0.8766156427744094,294.309998
2024-01-21 22:00:00,DK2,64.1334880000004,0.7987424824868921,216.520004
2024-01-21 21:00:00,DK1,2509.2682710000004,0.8500059968446014,375.829987
2024-01-21 21:00:00,DK2,0.12627000000020416,0.7985812563668012,375.829987
2024-01-21 20:00:00,DK1,2389.126941,0.8434758797260903,391.26001
2024-01-21 20:00:00,DK2,-106.43198100000018,0.7926229310116073,391.26001
2024-01-21 19:00:00,DK1,2339.8426029999996,0.8327756515029959,384.100006
2024-01-21 19:00:00,DK2,-88.042956,0.7620528092323721,384.100006
2024-01-21 18:00:00,DK1,2232.966819,0.8222580756151899,437.359985
2024-01-21 18:00:00,DK2,-107.20918299999971,0.7354272786329082,437.359985
2024-01-21 17:00:00,DK1,1905.778753,0.817734593385861,458.309998
2024-01-21 17:00:00,DK2,-254.06672099999992,0.7340977207134763,458.309998
2024-01-21 16:00:00,DK1,1640.025775999999,0.8164606827782483,422.51001
2024-01-21 16:00:00,DK2,-415.12845600000014,0.7660853795794471,422.51001
2024-01-21 15:00:00,DK1,1705.8808700000004,0.8391882266306747,371.649994
2024-01-21 15:00:00,DK2,-387.9891309999996,0.784411121273688,371.649994
2024-01-21 14:00:00,DK1,1751.6885100000009,0.8627732472626163,365.76001
2024-01-21 14:00:00,DK2,-259.3623790000004,0.7862493548328753,365.76001
2024-01-21 13:00:00,DK1,1749.2978750000002,0.8612869586483343,330.399994
2024-01-21 13:00:00,DK2,-241.83195,0.7922193389897112,330.399994
2024-01-21 12:00:00,DK1,1759.8941899999995,0.8669114036706093,281.100006
2024-01-21 12:00:00,DK2,-216.59089200000017,0.7864991923433613,281.100006
2024-01-21 11:00:00,DK1,1771.3523079999995,0.8680769171707394,287.0
2024-01-21 11:00:00,DK2,-221.5956550000003,0.7868024819006022,287.0
2024-01-21 10:00:00,DK1,1918.9423570000008,0.8603363129969395,363.0
2024-01-21 10:00:00,DK2,-208.5881690000001,0.7878024900739562,363.0
2024-01-21 09:00:00,DK1,1947.9177510000009,0.8590705984180489,343.529999
2024-01-21 09:00:00,DK2,-193.61412699999983,0.7845818567422561,343.529999
2024-01-21 08:00:00,DK1,2191.753618,0.8361868042477341,405.429993
2024-01-21 08:00:00,DK2,-149.90301499999987,0.7772959882085136,405.429993
2024-01-21 07:00:00,DK1,2073.3465539999997,0.8300364952128036,383.059998
2024-01-21 07:00:00,DK2,-96.40917600000012,0.774457661990074,383.059998
2024-01-21 06:00:00,DK1,1912.4578940000006,0.8489245867244122,327.869995
2024-01-21 06:00:00,DK2,-12.931765999999925,0.7569366679413687,327.869995
2024-01-21 05:00:00,DK1,1771.9664970000003,0.8530114821182984,339.579987
2024-01-21 05:00:00,DK2,34.38953199999992,0.7543449101299472,339.579987
2024-01-21 04:00:00,DK1,1845.3679929999998,0.8498703954391751,353.899994
2024-01-21 04:00:00,DK2,-36.77142600000002,0.7469104936576565,353.899994
2024-01-21 03:00:00,DK1,1652.7688719999992,0.8450775680344054,361.799988
2024-01-21 03:00:00,DK2,-142.90946600000007,0.7321631998929328,361.799988
2024-01-21 02:00:00,DK1,1586.334777,0.8311651454950196,379.549988
2024-01-21 02:00:00,DK2,-255.12479099999973,0.7098362792509396,379.549988
2024-01-21 01:00:00,DK1,1902.5140740000006,0.7881022790059687,411.329987
2024-01-21 01:00:00,DK2,-284.71552199999974,0.7015678381328647,411.329987
2024-01-21 00:00:00,DK1,1942.4472960000003,0.8002426925233254,429.230011
2024-01-21 00:00:00,DK2,-192.0713340000002,0.7161937242761259,429.230011
2024-01-20 23:00:00,DK1,1944.52788,0.813520400516501,445.26001
2024-01-20 23:00:00,DK2,-209.49203099999977,0.6711494522783861,445.26001
2024-01-20 22:00:00,DK1,2036.2163689999993,0.8106248216372104,499.579987
2024-01-20 22:00:00,DK2,-212.64895799999977,0.6163012413364247,499.579987
2024-01-20 21:00:00,DK1,1955.8493399999988,0.8101372393403924,525.159973
2024-01-20 21:00:00,DK2,-214.07246800000007,0.6224933960390159,525.159973
2024-01-20 20:00:00,DK1,1962.49482,0.7687697024870828,547.309998
2024-01-20 20:00:00,DK2,-337.03615200000013,0.5879711303988812,547.309998
2024-01-20 19:00:00,DK1,1945.034792999999,0.7381814857610939,596.599976
2024-01-20 19:00:00,DK2,-359.174982,0.588992755040946,596.599976
2024-01-20 18:00:00,DK1,1741.9970720000001,0.6995697350865123,682.880005
2024-01-20 18:00:00,DK2,-368.08306500000003,0.62016831097481,682.880005
2024-01-20 17:00:00,DK1,1308.585731999999,0.6791999430093995,744.780029
2024-01-20 17:00:00,DK2,-528.2291539999999,0.6009640244084172,754.030029
2024-01-20 16:00:00,DK1,844.111731,0.6563978217766094,707.940002
2024-01-20 16:00:00,DK2,-836.5784289999999,0.5225488620824188,725.390015
2024-01-20 15:00:00,DK1,705.2932099999998,0.6405185568014321,654.77002
2024-01-20 15:00:00,DK2,-903.8087780000001,0.4585250865637429,671.549988
2024-01-20 14:00:00,DK1,667.1858280000001,0.6302922139287676,589.960022
2024-01-20 14:00:00,DK2,-742.1936329999999,0.5080005282332279,589.960022
2024-01-20 13:00:00,DK1,507.93073300000015,0.6539563429867064,547.309998
2024-01-20 13:00:00,DK2,-655.4771819999999,0.5580616874888115,547.309998
2024-01-20 12:00:00,DK1,519.6458019999995,0.6836123849223245,512.929993
2024-01-20 12:00:00,DK2,-501.7811509999999,0.6185403513029635,527.919983
2024-01-20 11:00:00,DK1,507.4637190000003,0.6570558499412761,505.100006
2024-01-20 11:00:00,DK2,-342.8494280000002,0.6658983741684091,520.159973
2024-01-20 10:00:00,DK1,521.4795710000003,0.6368569391646327,527.77002
2024-01-20 10:00:00,DK2,-167.16254000000026,0.6962111321536966,540.73999
2024-01-20 09:00:00,DK1,553.0195879999992,0.6462508762977246,535.450012
2024-01-20 09:00:00,DK2,-55.14606400000025,0.710427705048123,548.650024
2024-01-20 08:00:00,DK1,719.0857280000005,0.6293364086098939,580.940002
2024-01-20 08:00:00,DK2,136.53908300000012,0.7195938573738263,588.02002
2024-01-20 07:00:00,DK1,958.7459740000004,0.6449826027120278,557.969971
2024-01-20 07:00:00,DK2,282.65050899999983,0.7351557892694641,557.969971
2024-01-20 06:00:00,DK1,1214.7245289999992,0.7341950886229134,498.910004
2024-01-20 06:00:00,DK2,311.50257399999964,0.7696663423824863,511.209991
2024-01-20 05:00:00,DK1,1815.9665809999992,0.7901479886278217,466.769989
2024-01-20 05:00:00,DK2,370.76319899999976,0.7805419561196804,480.640015
2024-01-20 04:00:00,DK1,2134.9305269999995,0.8304944978920578,460.5
2024-01-20 04:00:00,DK2,383.82374300000015,0.7807630030595618,460.5
2024-01-20 03:00:00,DK1,2384.10505,0.8472761535091521,461.25
2024-01-20 03:00:00,DK2,353.0626209999998,0.7796788659952049,472.579987
2024-01-20 02:00:00,DK1,2480.1163680000004,0.843350391861421,461.019989
2024-01-20 02:00:00,DK2,298.6399650000001,0.777989657988703,472.359985
2024-01-20 01:00:00,DK1,2609.5230779999997,0.8200896363041157,473.850006
2024-01-20 01:00:00,DK2,259.0992580000002,0.776040637431361,485.480011
2024-01-20 00:00:00,DK1,2576.7271849999993,0.8311577503154781,473.179993
2024-01-20 00:00:00,DK2,227.183765,0.7756916274846302,484.809998
2024-01-19 23:00:00,DK1,2510.6036280000003,0.8267186060858248,492.200012
2024-01-19 23:00:00,DK2,232.22910800000022,0.7621115097359077,504.279999
2024-01-19 22:00:00,DK1,2562.860889999999,0.7927235834456847,482.869995
2024-01-19 22:00:00,DK2,294.3697639999996,0.7321904952680321,497.339996
2024-01-19 21:00:00,DK1,2267.539694,0.7882323164400254,511.880005
2024-01-19 21:00:00,DK2,171.25080099999946,0.7244157959549061,527.169983
2024-01-19 20:00:00,DK1,1850.9238870000008,0.7574228663874815,530.380005
2024-01-19 20:00:00,DK2,48.85595399999988,0.7027611023222656,544.469971
2024-01-19 19:00:00,DK1,1497.7104189999986,0.7222936827362172,551.849976
2024-01-19 19:00:00,DK2,-16.342273000000432,0.6836336200496195,565.429993
2024-01-19 18:00:00,DK1,1192.447388,0.6562134360730429,576.98999
2024-01-19 18:00:00,DK2,-140.61393100000032,0.6491758203054571,634.630005
2024-01-19 17:00:00,DK1,852.1465309999999,0.6152856424419304,656.630005
2024-01-19 17:00:00,DK2,-274.6580779999997,0.634088297240387,809.059998
2024-01-19 16:00:00,DK1,674.3983309999999,0.5777195475158994,698.02002
2024-01-19 16:00:00,DK2,-349.489024,0.6408202144613195,855.890015
2024-01-19 15:00:00,DK1,763.2074890000004,0.6030505478954454,631.570007
2024-01-19 15:00:00,DK2,-315.16461200000026,0.6443438862862336,780.049988
2024-01-19 14:00:00,DK1,898.0832599999999,0.660599968055525,577.580017
2024-01-19 14:00:00,DK2,-174.59872300000006,0.6540926186153888,648.429993
2024-01-19 13:00:00,DK1,769.2923009999995,0.682600127999346,560.880005
2024-01-19 13:00:00,DK2,-98.6368650000004,0.6667421608878431,573.549988
2024-01-19 12:00:00,DK1,844.2045929999999,0.6770259097850768,547.01001
2024-01-19 12:00:00,DK2,-71.99010500000031,0.6747745048078302,560.429993
2024-01-19 11:00:00,DK1,1066.171459000001,0.6834931326397907,572.960022
2024-01-19 11:00:00,DK2,-63.19624299999987,0.6763870677309927,587.049988
2024-01-19 10:00:00,DK1,1307.3448940000007,0.6842016238911081,644.030029
2024-01-19 10:00:00,DK2,-108.34017600000016,0.6779597116381804,645.52002
2024-01-19 09:00:00,DK1,1201.4764329999998,0.6751859122530723,709.580017
2024-01-19 09:00:00,DK2,-218.40898500000003,0.6660745671627828,714.799988
2024-01-19 08:00:00,DK1,1135.3985889999994,0.6506483483218096,767.0
2024-01-19 08:00:00,DK2,-303.77483500000017,0.6561547463179066,770.359985
2024-01-19 07:00:00,DK1,1075.8122080000003,0.6230993758697104,776.030029
2024-01-19 07:00:00,DK2,-338.8630639999999,0.6406651758094704,777.590027
2024-01-19 06:00:00,DK1,1149.093651999999,0.6410741722844149,639.330017
2024-01-19 06:00:00,DK2,-190.91900900000041,0.6495542470233551,666.549988
2024-01-19 05:00:00,DK1,1296.7619379999996,0.6969707154971287,564.830017
2024-01-19 05:00:00,DK2,-51.19785999999999,0.6898170891564986,564.830017
2024-01-19 04:00:00,DK1,1164.1602580000003,0.7339549376872512,491.079987
2024-01-19 04:00:00,DK2,139.31339499999967,0.7148385378659621,491.079987
2024-01-19 03:00:00,DK1,879.7939739999997,0.7474520775684141,472.209991
2024-01-19 03:00:00,DK2,198.31765500000006,0.7462090541366418,472.209991
2024-01-19 02:00:00,DK1,589.3837920000005,0.7192350883491916,468.029999
2024-01-19 02:00:00,DK2,176.22298100000035,0.7561545677859665,468.029999
2024-01-19 01:00:00,DK1,483.87046100000043,0.6950387352901035,477.649994
2024-01-19 01:00:00,DK2,122.25797399999965,0.7521221709710575,477.649994
2024-01-19 00:00:00,DK1,730.2575899999993,0.7155240416879022,487.269989
2024-01-19 00:00:00,DK2,111.96729800000003,0.7244939622620062,487.269989
2024-01-18 23:00:00,DK1,802.5104820000006,0.7084049422029665,510.089996
2024-01-18 23:00:00,DK2,104.90204699999981,0.7212720591966447,510.089996
2024-01-18 22:00:00,DK1,903.2617880000003,0.6860317496762611,532.0
2024-01-18 22:00:00,DK2,86.09774100000027,0.7167607867870539,532.0
2024-01-18 21:00:00,DK1,840.7733929999995,0.6820755148345135,577.48999
2024-01-18 21:00:00,DK2,-30.761121000000003,0.705452973105991,577.48999
2024-01-18 20:00:00,DK1,707.6048269999997,0.6440115918910473,605.090027
2024-01-18 20:00:00,DK2,-275.878637,0.674858505934813,605.090027
2024-01-18 19:00:00,DK1,822.7195480000009,0.6348463389541168,648.650024
2024-01-18 19:00:00,DK2,-358.96319500000027,0.6282269897826924,648.650024
2024-01-18 18:00:00,DK1,948.5916700000007,0.6336741221275277,705.030029
2024-01-18 18:00:00,DK2,-480.15104299999985,0.5962183248246625,705.030029
2024-01-18 17:00:00,DK1,902.9200300000011,0.5882660023849533,770.140015
2024-01-18 17:00:00,DK2,-835.7267539999998,0.5419495107675478,770.140015
2024-01-18 16:00:00,DK1,1047.6039660000006,0.6195518654645077,780.72998
2024-01-18 16:00:00,DK2,-1040.174374,0.5056909446155654,780.72998
2024-01-18 15:00:00,DK1,921.9263820000001,0.6436661376902704,742.25
2024-01-18 15:00:00,DK2,-1058.683777,0.4851514967293687,742.25
2024-01-18 14:00:00,DK1,750.8871970000005,0.6308238795025379,702.940002
2024-01-18 14:00:00,DK2,-1037.3569110000003,0.5611810053808025,702.940002
2024-01-18 13:00:00,DK1,906.8151280000002,0.6829847913136042,644.619995
2024-01-18 13:00:00,DK2,-1084.6643569999999,0.6007513660079966,644.619995
2024-01-18 12:00:00,DK1,602.3625030000003,0.6690325365466981,653.48999
2024-01-18 12:00:00,DK2,-1097.5255819999998,0.6216994341302531,653.48999
2024-01-18 11:00:00,DK1,557.7329080000004,0.6058525027098345,697.719971
2024-01-18 11:00:00,DK2,-1222.7333560000002,0.5918794657483099,697.719971
2024-01-18 10:00:00,DK1,204.9737570000002,0.5346027197671445,805.119995
2024-01-18 10:00:00,DK2,-1078.666113,0.5598355487143283,805.119995
2024-01-18 09:00:00,DK1,-73.25074100000074,0.4878117160789284,827.119995
2024-01-18 09:00:00,DK2,-1118.3125640000003,0.5460386418959534,827.119995
2024-01-18 08:00:00,DK1,-158.5523430000003,0.4780174118814933,911.179993
2024-01-18 08:00:00,DK2,-1220.8829890000002,0.493813362830706,911.179993
2024-01-18 07:00:00,DK1,56.31759000000011,0.5206344347180107,938.919983
2024-01-18 07:00:00,DK2,-1288.6623369999995,0.43012847452675906,938.919983
2024-01-18 06:00:00,DK1,-53.435101999999915,0.5237314627084092,831.969971
2024-01-18 06:00:00,DK2,-1289.104593,0.3756667738155259,831.969971
2024-01-18 05:00:00,DK1,-265.34394399999974,0.5160500311616889,680.570007
2024-01-18 05:00:00,DK2,-1154.9101580000001,0.4245232079258777,681.97998
2024-01-18 04:00:00,DK1,-176.58439899999985,0.5515129350644327,604.119995
2024-01-18 04:00:00,DK2,-981.0648980000001,0.4617702178341588,604.119995
2024-01-18 03:00:00,DK1,-248.58891500000027,0.5571231695514511,578.539978
2024-01-18 03:00:00,DK2,-966.9334329999999,0.43462553601409853,578.539978
2024-01-18 02:00:00,DK1,-246.84218599999986,0.5327251133644518,558.700012
2024-01-18 02:00:00,DK2,-1075.2348729999999,0.3812351304351616,558.700012
2024-01-18 01:00:00,DK1,-333.6941109999998,0.524972003232995,561.530029
2024-01-18 01:00:00,DK2,-1054.47775,0.3611522731096685,561.530029
2024-01-18 00:00:00,DK1,-352.7075480000003,0.5392492207027617,575.780029
2024-01-18 00:00:00,DK2,-1032.7995150000002,0.37111686244335607,575.780029
2024-01-17 23:00:00,DK1,-392.6651850000003,0.5244098879781336,606.580017
2024-01-17 23:00:00,DK2,-949.8401160000001,0.36830941368540543,606.580017
2024-01-17 22:00:00,DK1,-271.5528079999999,0.5109926013188815,627.710022
2024-01-17 22:00:00,DK2,-900.9429090000001,0.34618674110533076,627.710022
2024-01-17 21:00:00,DK1,-352.7246180000002,0.5076785358827705,703.099976
2024-01-17 21:00:00,DK2,-1068.2956789999998,0.27696793866655167,703.099976
2024-01-17 20:00:00,DK1,-242.32420899999943,0.4808087447819449,753.890015
2024-01-17 20:00:00,DK2,-1168.1353840000002,0.27294450551137756,753.890015
2024-01-17 19:00:00,DK1,-124.17509500000097,0.45091024151232034,818.849976
2024-01-17 19:00:00,DK2,-1244.036184,0.29517951853724333,818.849976
2024-01-17 18:00:00,DK1,-170.39149500000076,0.4352375074588841,852.26001
2024-01-17 18:00:00,DK2,-1324.1686350000002,0.31938425172442736,852.26001
2024-01-17 17:00:00,DK1,-211.71153699999968,0.46605921773914305,921.690002
2024-01-17 17:00:00,DK2,-1392.5980080000004,0.36113745216426235,921.690002
2024-01-17 16:00:00,DK1,-284.444665,0.48517414639777784,1047.939941
2024-01-17 16:00:00,DK2,-1429.9672580000001,0.38503801401853965,1047.939941
2024-01-17 15:00:00,DK1,92.22164599999996,0.5323833091700612,958.75
2024-01-17 15:00:00,DK2,-1177.920774,0.47235297908105073,958.75
2024-01-17 14:00:00,DK1,348.2560199999998,0.5247109738972551,935.630005
2024-01-17 14:00:00,DK2,-880.0334110000001,0.6111464733183778,935.630005
2024-01-17 13:00:00,DK1,387.60367899999983,0.5558864828386801,907.890015
2024-01-17 13:00:00,DK2,-610.7511200000001,0.6871164728290877,907.890015
2024-01-17 12:00:00,DK1,520.472925,0.608393044648888,907.590027
2024-01-17 12:00:00,DK2,-453.92017599999986,0.7204409711211992,907.590027
2024-01-17 11:00:00,DK1,652.0209689999997,0.6241199814546705,877.840027
2024-01-17 11:00:00,DK2,-260.16293099999984,0.6909991498837477,877.840027
2024-01-17 10:00:00,DK1,705.8741480000003,0.6487667873119617,802.890015
2024-01-17 10:00:00,DK2,-215.69445300000007,0.6919535425528537,828.539978
2024-01-17 09:00:00,DK1,659.1456699999999,0.6167555257429078,797.289978
2024-01-17 09:00:00,DK2,-143.5552200000002,0.6892788401548942,797.289978
2024-01-17 08:00:00,DK1,1009.2466340000005,0.6322066081248345,767.159973
2024-01-17 08:00:00,DK2,-110.80121400000007,0.6930671754541655,767.159973
2024-01-17 07:00:00,DK1,1382.5404870000002,0.6782114772095736,715.929993
2024-01-17 07:00:00,DK2,-68.19807300000002,0.6981256456557838,715.929993
2024-01-17 06:00:00,DK1,1437.9883190000014,0.7181625339220656,591.23999
2024-01-17 06:00:00,DK2,3.6501430000002983,0.7060407665680132,596.159973
2024-01-17 05:00:00,DK1,1798.7261170000006,0.7700484048437191,499.209991
2024-01-17 05:00:00,DK2,182.6649030000001,0.7119241076674163,526.880005
2024-01-17 04:00:00,DK1,2194.744004,0.806880305204088,487.209991
2024-01-17 04:00:00,DK2,276.1382629999998,0.7320445296880536,501.75
2024-01-17 03:00:00,DK1,2413.4930140000006,0.8145344418103718,487.429993
2024-01-17 03:00:00,DK2,213.56157699999972,0.758498510072202,501.970001
2024-01-17 02:00:00,DK1,2316.705421000001,0.8216291966168542,489.220001
2024-01-17 02:00:00,DK2,142.68375799999967,0.7519156509103336,503.839996
2024-01-17 01:00:00,DK1,2422.7585599999998,0.7979007588456836,495.779999
2024-01-17 01:00:00,DK2,114.8043319999997,0.7468309276269418,510.619995
2024-01-17 00:00:00,DK1,2140.779985,0.7819037219298394,502.269989
2024-01-17 00:00:00,DK2,65.7270239999998,0.7416353168557385,517.26001
2024-01-16 23:00:00,DK1,1634.5439719999995,0.7545651132594835,506.070007
2024-01-16 23:00:00,DK2,14.554319000000078,0.7375139968847902,521.210022
2024-01-16 22:00:00,DK1,1286.4316380000005,0.7331166718234142,579.429993
2024-01-16 22:00:00,DK2,9.333650000000034,0.7334027551647125,579.429993
2024-01-16 21:00:00,DK1,1040.7648230000004,0.7188236919650478,611.869995
2024-01-16 21:00:00,DK2,-159.48040999999967,0.7227506883997475,611.869995
2024-01-16 20:00:00,DK1,863.9514510000004,0.6941664496085773,642.969971
2024-01-16 20:00:00,DK2,-407.2573810000001,0.6530054742665194,642.969971
2024-01-16 19:00:00,DK1,830.555523,0.637864249127269,712.179993
2024-01-16 19:00:00,DK2,-529.2160330000002,0.5683715514034988,712.179993
2024-01-16 18:00:00,DK1,1001.0242949999997,0.5871047420186832,833.599976
2024-01-16 18:00:00,DK2,-831.3435629999999,0.5030923441173429,833.599976
2024-01-16 17:00:00,DK1,764.223727999999,0.5751662597811771,949.5
2024-01-16 17:00:00,DK2,-1138.4900010000001,0.4430181696901319,992.539978
2024-01-16 16:00:00,DK1,583.151496,0.576386644068547,955.77002
2024-01-16 16:00:00,DK2,-1357.8799769999998,0.36550007166612813,1273.930054
2024-01-16 15:00:00,DK1,485.96124499999996,0.574276581877567,830.77002
2024-01-16 15:00:00,DK2,-1334.836354,0.29123873230287606,1268.48999
2024-01-16 14:00:00,DK1,83.82208300000002,0.5418163402082626,822.27002
2024-01-16 14:00:00,DK2,-1425.7737279999997,0.21726715640830435,1164.670044
2024-01-16 13:00:00,DK1,-188.89865399999962,0.5366330293907602,715.98999
2024-01-16 13:00:00,DK2,-1503.720802,0.16128555028505395,1070.849976
2024-01-16 12:00:00,DK1,-766.3015740000001,0.44905620606667856,708.380005
2024-01-16 12:00:00,DK2,-1557.279868,0.16815970290126603,1058.839966
2024-01-16 11:00:00,DK1,-1015.4425840000004,0.3822104202745837,771.400024
2024-01-16 11:00:00,DK2,-1630.829621,0.14965988559643148,1268.189941
2024-01-16 10:00:00,DK1,-1209.5865130000002,0.3042362568396012,871.940002
2024-01-16 10:00:00,DK2,-1682.537395,0.1285510863247242,1495.73999
2024-01-16 09:00:00,DK1,-1495.1924799999993,0.23021780927964233,1039.670044
2024-01-16 09:00:00,DK2,-1643.3888419999998,0.12158558780228577,1864.030029
2024-01-16 08:00:00,DK1,-1572.3048880000001,0.17574599369467261,1121.119995
2024-01-16 08:00:00,DK2,-1674.2367669999999,0.09908104135143977,2017.890015
2024-01-16 07:00:00,DK1,-1709.249438,0.1286953039749412,1119.849976
2024-01-16 07:00:00,DK2,-1679.6025140000002,0.08474072068028587,2055.399902
2024-01-16 06:00:00,DK1,-1728.403368,0.13193226224233767,855.97998
2024-01-16 06:00:00,DK2,-1639.22,0.04799694236629869,1442.560059
2024-01-16 05:00:00,DK1,-1674.1359949999996,0.12977991112779422,701.590027
2024-01-16 05:00:00,DK2,-1455.596422,0.022032665125064427,917.359985
2024-01-16 04:00:00,DK1,-1536.4517029999997,0.153872977766199,622.390015
2024-01-16 04:00:00,DK2,-1364.911074,0.0374476167006408,622.390015
2024-01-16 03:00:00,DK1,-1609.9454980000003,0.17096387825486695,578.679993
2024-01-16 03:00:00,DK2,-1377.46823,0.011419589706307546,578.679993
2024-01-16 02:00:00,DK1,-1605.1554649999996,0.1653236337934338,583.679993
2024-01-16 02:00:00,DK2,-1414.3546270000002,0.013386091927768738,583.679993
2024-01-16 01:00:00,DK1,-1635.0675119999999,0.1876463842188,597.179993
2024-01-16 01:00:00,DK2,-1444.001982,0.015325603401767893,597.179993
2024-01-16 00:00:00,DK1,-1640.804398,0.16122763941319132,607.099976
2024-01-16 00:00:00,DK2,-1459.080009,0.02774768759836635,607.099976
2024-01-15 23:00:00,DK1,-1672.1143369999998,0.16613788047008568,607.469971
2024-01-15 23:00:00,DK2,-1433.8997239999999,0.07328779938400692,612.98999
2024-01-15 22:00:00,DK1,-1554.235554,0.12650030936782639,644.539978
2024-01-15 22:00:00,DK2,-1370.699287,0.16784650265320453,644.539978
2024-01-15 21:00:00,DK1,-1703.6606429999997,0.09765215054462367,667.359985
2024-01-15 21:00:00,DK2,-1330.1732270000002,0.3015760162081819,667.359985
2024-01-15 20:00:00,DK1,-1629.119752,0.08152670934768723,693.159973
2024-01-15 20:00:00,DK2,-1295.505556,0.3978951608021046,693.159973
2024-01-15 19:00:00,DK1,-1603.525858,0.06480852796239507,769.22998
2024-01-15 19:00:00,DK2,-1209.425678,0.47065966933539033,769.22998
2024-01-15 18:00:00,DK1,-1625.947236,0.09293056680915619,825.22998
2024-01-15 18:00:00,DK2,-1124.444022,0.513149429929675,825.22998
2024-01-15 17:00:00,DK1,-1649.737064,0.15182266189988644,861.849976
2024-01-15 17:00:00,DK2,-1086.5966870000002,0.5450139838792454,861.849976
2024-01-15 16:00:00,DK1,-1653.5167510000006,0.24765573679011707,813.450012
2024-01-15 16:00:00,DK2,-1027.0958640000001,0.5852840326506036,813.450012
2024-01-15 15:00:00,DK1,-1376.8542329999998,0.33863201892664807,745.140015
2024-01-15 15:00:00,DK2,-829.7091010000004,0.6133230659024669,745.140015
2024-01-15 14:00:00,DK1,-1284.848425,0.3783578678952984,666.98999
2024-01-15 14:00:00,DK2,-715.5657399999996,0.6887580424584715,666.98999
2024-01-15 13:00:00,DK1,-1559.2147450000002,0.3867383460887157,630.150024
2024-01-15 13:00:00,DK2,-601.2937789999999,0.7390050616168224,630.150024
2024-01-15 12:00:00,DK1,-1457.4974220000004,0.43456041912808735,612.619995
2024-01-15 12:00:00,DK2,-512.6809270000003,0.7561373071393604,612.619995
2024-01-15 11:00:00,DK1,-1169.761598,0.4925834102408789,625.369995
2024-01-15 11:00:00,DK2,-438.339207,0.7638395037755452,625.369995
2024-01-15 10:00:00,DK1,-764.0449089999997,0.5390765238404654,673.099976
2024-01-15 10:00:00,DK2,-336.5379949999997,0.7476956900943593,673.099976
2024-01-15 09:00:00,DK1,-352.41146400000025,0.5733173808295983,707.549988
2024-01-15 09:00:00,DK2,-244.20940699999983,0.7280262457130571,707.549988
2024-01-15 08:00:00,DK1,61.74127300000055,0.5957873775262845,747.900024
2024-01-15 08:00:00,DK2,-220.7971660000003,0.7296522594801955,747.900024
2024-01-15 07:00:00,DK1,519.2266749999999,0.6439089081096238,740.52002
2024-01-15 07:00:00,DK2,-195.28993699999955,0.7335943094964461,740.52002
2024-01-15 06:00:00,DK1,764.0173880000007,0.70283392740516,625.22998
2024-01-15 06:00:00,DK2,-126.94857999999977,0.7490075972684803,625.22998
2024-01-15 05:00:00,DK1,1268.8441599999987,0.7534483374249633,596.219971
2024-01-15 05:00:00,DK2,26.153584000000137,0.772549597936796,596.219971
2024-01-15 04:00:00,DK1,1663.6587489999997,0.78708568412329,516.419983
2024-01-15 04:00:00,DK2,162.61016500000005,0.7739776602675065,526.27002
2024-01-15 03:00:00,DK1,1538.60448,0.8385496622157719,462.649994
2024-01-15 03:00:00,DK2,238.83052500000008,0.7560814111784463,474.059998
2024-01-15 02:00:00,DK1,1676.9894020000006,0.8484078759552127,462.649994
2024-01-15 02:00:00,DK2,214.62714600000004,0.7510695027695136,462.649994
2024-01-15 01:00:00,DK1,1529.2853409999989,0.8405583249925667,476.820007
2024-01-15 01:00:00,DK2,198.10076100000015,0.7495218809081957,479.579987
2024-01-15 00:00:00,DK1,1305.8623320000002,0.8299599083144495,484.730011
2024-01-15 00:00:00,DK2,138.75099699999987,0.7430834553443753,492.559998
2024-01-14 23:00:00,DK1,1358.989333,0.7938049672250531,506.350006
2024-01-14 23:00:00,DK2,169.501849,0.7222938346973486,519.409973
2024-01-14 22:00:00,DK1,1191.1952500000002,0.7647815308268164,501.059998
2024-01-14 22:00:00,DK2,139.926563,0.698233478903535,498.820007
2024-01-14 21:00:00,DK1,1140.477801,0.7357809093078811,562.210022
2024-01-14 21:00:00,DK2,63.647226000000046,0.6967422893060465,562.210022
2024-01-14 20:00:00,DK1,1257.0507979999993,0.7370544887092302,586.150024
2024-01-14 20:00:00,DK2,19.34865200000013,0.7059465254792812,586.150024
2024-01-14 19:00:00,DK1,1215.7362240000002,0.7282643299299703,589.580017
2024-01-14 19:00:00,DK2,2.144954000000098,0.7067943779746068,589.580017
2024-01-14 18:00:00,DK1,1384.7550070000002,0.7221393173266891,635.809998
2024-01-14 18:00:00,DK2,-84.6388559999998,0.7083109196869766,635.809998
2024-01-14 17:00:00,DK1,1425.211652,0.714228531754633,705.76001
2024-01-14 17:00:00,DK2,-178.18288300000017,0.7037208181043382,705.76001
2024-01-14 16:00:00,DK1,1292.6639810000001,0.7259714889920574,685.030029
2024-01-14 16:00:00,DK2,-273.67785000000003,0.6918504795949134,685.030029
2024-01-14 15:00:00,DK1,1609.003776,0.7291043752520668,645.960022
2024-01-14 15:00:00,DK2,-188.07040599999982,0.6844253421227336,645.960022
2024-01-14 14:00:00,DK1,1760.280734999999,0.753124242332261,613.890015
2024-01-14 14:00:00,DK2,-20.33428799999956,0.6929241873016131,613.890015
2024-01-14 13:00:00,DK1,1725.4789619999992,0.7831963132441176,590.25
2024-01-14 13:00:00,DK2,0.8289220000003752,0.7005738770477887,590.25
2024-01-14 12:00:00,DK1,1825.8557880000003,0.7926839627255533,574.52002
2024-01-14 12:00:00,DK2,-8.380831000000171,0.7026190027496347,574.52002
2024-01-14 11:00:00,DK1,1770.8071029999992,0.7892045639177201,599.5
2024-01-14 11:00:00,DK2,-14.235432000000174,0.7032946196796823,599.5
2024-01-14 10:00:00,DK1,1669.7905159999996,0.7507174134318868,610.309998
2024-01-14 10:00:00,DK2,-51.91694799999959,0.695329753469355,610.309998
2024-01-14 09:00:00,DK1,1443.3323500000001,0.73859957011295,601.289978
2024-01-14 09:00:00,DK2,-106.05509499999994,0.6857163977304741,601.289978
2024-01-14 08:00:00,DK1,1308.4432120000001,0.7310653607808385,605.090027
2024-01-14 08:00:00,DK2,-168.249683,0.6640059933080633,605.090027
2024-01-14 07:00:00,DK1,1178.9446349999998,0.7269164972973664,572.280029
2024-01-14 07:00:00,DK2,-221.4231249999998,0.630645936473819,572.280029
2024-01-14 06:00:00,DK1,1084.9588670000003,0.7401627943349539,534.390015
2024-01-14 06:00:00,DK2,-46.23013200000014,0.6489805477900042,534.390015
2024-01-14 05:00:00,DK1,1099.834656,0.7479597859609137,501.950012
2024-01-14 05:00:00,DK2,112.19793699999991,0.6612916369195312,501.950012
2024-01-14 04:00:00,DK1,1150.5515690000007,0.7611358128013227,486.220001
2024-01-14 04:00:00,DK2,119.47605999999996,0.6961604944271605,486.220001
2024-01-14 03:00:00,DK1,1061.3680900000004,0.7795257338760432,482.269989
2024-01-14 03:00:00,DK2,135.9117470000001,0.7079952406848963,482.269989
2024-01-14 02:00:00,DK1,1083.6863529999996,0.7776348190527353,477.350006
2024-01-14 02:00:00,DK2,125.47340000000031,0.7129633265049461,477.350006
2024-01-14 01:00:00,DK1,1135.6394640000003,0.778328402843328,469.290009
2024-01-14 01:00:00,DK2,119.24592100000018,0.7220062283534672,469.290009
2024-01-14 00:00:00,DK1,1244.3642020000002,0.771172597030313,463.179993
2024-01-14 00:00:00,DK2,112.19227999999998,0.731394192667717,463.179993
2024-01-13 23:00:00,DK1,1292.5137610000002,0.7690638236573318,477.420013
2024-01-13 23:00:00,DK2,133.22279000000026,0.7332111590186876,477.420013
2024-01-13 22:00:00,DK1,1566.5948200000007,0.7448990101987695,470.970001
2024-01-13 22:00:00,DK2,212.98478599999999,0.7311355613428467,459.709991
2024-01-13 21:00:00,DK1,1655.7109999999993,0.7691640461252136,479.470001
2024-01-13 21:00:00,DK2,183.54445799999985,0.7271698075981231,467.98999
2024-01-13 20:00:00,DK1,1869.4786960000001,0.7665153508799107,528.909973
2024-01-13 20:00:00,DK2,122.41327200000023,0.7290724425126883,528.909973
2024-01-13 19:00:00,DK1,2046.7397469999992,0.7643666938685819,544.799988
2024-01-13 19:00:00,DK2,78.18747599999983,0.7256740447497978,544.799988
2024-01-13 18:00:00,DK1,2348.453117000001,0.762391348599362,550.460022
2024-01-13 18:00:00,DK2,0.8560829999998987,0.7171182023386505,550.460022
2024-01-13 17:00:00,DK1,2134.8065870000005,0.7765368808419021,565.299988
2024-01-13 17:00:00,DK2,-118.40291299999967,0.7156785223578757,565.299988
2024-01-13 16:00:00,DK1,2271.5233780000003,0.7760357100427612,553.450012
2024-01-13 16:00:00,DK2,-144.07236500000045,0.714846352920152,553.450012
2024-01-13 15:00:00,DK1,2497.0823109999997,0.792400521962571,527.789978
2024-01-13 15:00:00,DK2,-54.59497100000044,0.7188714572642485,527.789978
2024-01-13 14:00:00,DK1,2622.167779,0.8098736175820945,511.609985
2024-01-13 14:00:00,DK2,19.051933999999846,0.7380816262380826,511.609985
2024-01-13 13:00:00,DK1,2681.291164,0.8243083083866558,506.390015
2024-01-13 13:00:00,DK2,35.482799000000114,0.7417453402893639,506.390015
2024-01-13 12:00:00,DK1,2700.3805340000004,0.8301286867212763,474.779999
2024-01-13 12:00:00,DK2,12.864718999999923,0.7410070978711985,474.779999
2024-01-13 11:00:00,DK1,2648.0467090000006,0.8175004584825492,521.609985
2024-01-13 11:00:00,DK2,-45.357180999999855,0.7464734661786114,521.609985
2024-01-13 10:00:00,DK1,2758.8425039999993,0.7999910936250922,529.289978
2024-01-13 10:00:00,DK2,-63.57830900000022,0.7418861382252233,529.289978
2024-01-13 09:00:00,DK1,2542.305888000001,0.7930384917023999,537.039978
2024-01-13 09:00:00,DK2,-121.02996899999994,0.7458076231389971,537.039978
2024-01-13 08:00:00,DK1,2427.603781999999,0.7689956332620971,546.659973
2024-01-13 08:00:00,DK2,-111.37111499999969,0.7236554541694246,546.659973
2024-01-13 07:00:00,DK1,2370.2044130000004,0.7874753555568752,500.799988
2024-01-13 07:00:00,DK2,-18.2045099999998,0.7056644143732942,500.799988
2024-01-13 06:00:00,DK1,2238.5102900000006,0.7857168322521353,510.869995
2024-01-13 06:00:00,DK2,2.158826999999974,0.7285544855976742,381.790009
2024-01-13 05:00:00,DK1,2107.703469,0.7826549166667157,486.040009
2024-01-13 05:00:00,DK2,-111.33959400000003,0.7212581198994091,340.179993
2024-01-13 04:00:00,DK1,1960.6886879999993,0.7963543921947148,512.51001
2024-01-13 04:00:00,DK2,-210.806646,0.6465619664040783,414.230011
2024-01-13 03:00:00,DK1,1981.0136680000005,0.7737542171275079,538.679993
2024-01-13 03:00:00,DK2,-237.8392570000001,0.6033679175626838,538.679993
2024-01-13 02:00:00,DK1,2023.0544160000004,0.7679007747602581,532.190002
2024-01-13 02:00:00,DK2,-399.93815400000017,0.5300940624703819,532.190002
2024-01-13 01:00:00,DK1,1919.603759,0.7850070956275934,549.200012
2024-01-13 01:00:00,DK2,-481.6236230000002,0.5104570425299723,549.200012
2024-01-13 00:00:00,DK1,1716.0459879999994,0.7709898698571129,558.140015
2024-01-13 00:00:00,DK2,-527.444129,0.494328891727978,558.140015
2024-01-12 23:00:00,DK1,1375.3236930000007,0.7573054066713136,544.869995
2024-01-12 23:00:00,DK2,-786.2105620000001,0.4218749353634376,564.030029
2024-01-12 22:00:00,DK1,1230.9852859999996,0.7050927997509479,615.140015
2024-01-12 22:00:00,DK2,-911.9146440000002,0.2752361098442569,634.969971
2024-01-12 21:00:00,DK1,932.123278,0.6587977573952943,634.0
2024-01-12 21:00:00,DK2,-975.4900860000001,0.17753647935119551,696.27002
2024-01-12 20:00:00,DK1,605.4485869999999,0.6215545808246743,683.820007
2024-01-12 20:00:00,DK2,-1071.051605,0.1748145945263019,734.369995
2024-01-12 19:00:00,DK1,430.978302,0.5632829105627905,798.880005
2024-01-12 19:00:00,DK2,-1156.986859,0.17209246711456844,811.26001
2024-01-12 18:00:00,DK1,386.3251309999996,0.4897959378958149,890.900024
2024-01-12 18:00:00,DK2,-1241.9137339999997,0.1567004000601564,890.900024
2024-01-12 17:00:00,DK1,-246.22711700000082,0.5073711234260061,939.590027
2024-01-12 17:00:00,DK2,-1444.7684600000002,0.1717644006274874,939.590027
2024-01-12 16:00:00,DK1,-446.31793100000004,0.48869652146281145,950.780029
2024-01-12 16:00:00,DK2,-1445.96589,0.2314315666789962,950.780029
2024-01-12 15:00:00,DK1,-219.47809599999982,0.4709821854340373,894.849976
2024-01-12 15:00:00,DK2,-1220.5803890000002,0.3462293590525516,894.849976
2024-01-12 14:00:00,DK1,-252.16400599999997,0.46673086898567784,820.280029
2024-01-12 14:00:00,DK2,-1142.6230370000003,0.3721501249845118,820.280029
2024-01-12 13:00:00,DK1,-353.18167299999914,0.5008287759240994,779.559998
2024-01-12 13:00:00,DK2,-1140.059558,0.4244814652147746,779.559998
2024-01-12 12:00:00,DK1,-285.02453700000024,0.5180652133127769,768.679993
2024-01-12 12:00:00,DK2,-1077.08068,0.47645831158026286,768.679993
2024-01-12 11:00:00,DK1,-243.55390100000022,0.5468206306633664,797.76001
2024-01-12 11:00:00,DK2,-1161.2975069999998,0.4176648175140108,797.76001
2024-01-12 10:00:00,DK1,-325.12842100000034,0.5296138378936353,855.549988
2024-01-12 10:00:00,DK2,-1293.9901,0.348113411806501,855.549988
2024-01-12 09:00:00,DK1,-481.86378600000035,0.46551188292527435,909.840027
2024-01-12 09:00:00,DK2,-1238.2464239999997,0.3921140950658348,909.840027
2024-01-12 08:00:00,DK1,-537.3017539999996,0.46506393336613916,1006.409973
2024-01-12 08:00:00,DK2,-1312.8138890000002,0.3321061324674576,1006.409973
2024-01-12 07:00:00,DK1,-622.6255219999998,0.45000728353973113,1049.51001
2024-01-12 07:00:00,DK2,-1383.6318239999996,0.26427834893958113,1049.51001
2024-01-12 06:00:00,DK1,-491.8774229999999,0.4536154715725175,881.130005
2024-01-12 06:00:00,DK2,-1288.7791920000002,0.27489693380058233,881.130005
2024-01-12 05:00:00,DK1,-379.159709,0.4756893082171648,665.469971
2024-01-12 05:00:00,DK2,-1237.8068569999998,0.2158978443097621,686.869995
2024-01-12 04:00:00,DK1,-282.52820299999985,0.5207184031190774,628.190002
2024-01-12 04:00:00,DK2,-1100.086445,0.16952175699383182,636.23999
2024-01-12 03:00:00,DK1,-319.50321500000064,0.5119549603867417,628.929993
2024-01-12 03:00:00,DK2,-1105.1989310000004,0.13655783566724128,628.929993
2024-01-12 02:00:00,DK1,-513.0065270000005,0.44988008819117276,631.090027
2024-01-12 02:00:00,DK2,-1229.401294,0.10558609183945686,631.090027
2024-01-12 01:00:00,DK1,-414.96158299999934,0.38078018164011035,635.48999
2024-01-12 01:00:00,DK2,-1253.8883340000002,0.027519633886865402,635.48999
2024-01-12 00:00:00,DK1,-931.0220550000001,0.30787383002304575,657.859985
2024-01-12 00:00:00,DK2,-1253.246579,0.009209379403713212,657.859985
2024-01-11 23:00:00,DK1,-1013.436592,0.20668500350586105,678.890015
2024-01-11 23:00:00,DK2,-1217.3748549999996,0.0036942476311477308,678.890015
2024-01-11 22:00:00,DK1,-1043.5441159999998,0.11533212464204694,725.059998
2024-01-11 22:00:00,DK2,-1199.224898,0.006641820427948334,725.059998
2024-01-11 21:00:00,DK1,-1146.8252449999998,0.06261568980740802,745.789978
2024-01-11 21:00:00,DK2,-1256.630842,0.03778207466984783,745.789978
2024-01-11 20:00:00,DK1,-1273.5259050000002,0.05932822429904256,799.419983
2024-01-11 20:00:00,DK2,-1281.090785,0.09414580187152428,799.419983
2024-01-11 19:00:00,DK1,-1226.5109670000002,0.10116012681398642,879.140015
2024-01-11 19:00:00,DK2,-1243.33804,0.16871333091848037,887.119995
2024-01-11 18:00:00,DK1,-1198.0242660000004,0.14203500028847588,986.76001
2024-01-11 18:00:00,DK2,-1224.574658,0.2686682900297512,986.76001
2024-01-11 17:00:00,DK1,-1302.0424359999997,0.17880772767916564,1019.429993
2024-01-11 17:00:00,DK2,-1260.1343960000004,0.3393330590512126,1019.429993
2024-01-11 16:00:00,DK1,-1388.1955150000003,0.23471443343456885,1119.359985
2024-01-11 16:00:00,DK2,-1215.9007479999998,0.39290803002949526,1119.359985
2024-01-11 15:00:00,DK1,-1137.959962,0.23747419515671714,1024.349976
2024-01-11 15:00:00,DK2,-859.4040859999998,0.4956226843449035,1024.349976
2024-01-11 14:00:00,DK1,-973.5260779999999,0.27172913401054233,879.73999
2024-01-11 14:00:00,DK2,-673.275803,0.529080328418568,879.73999
2024-01-11 13:00:00,DK1,-1039.583435,0.29357101102036887,790.390015
2024-01-11 13:00:00,DK2,-859.2571909999997,0.5452451130732842,790.390015
2024-01-11 12:00:00,DK1,-1198.3474279999996,0.2879086125421012,738.340027
2024-01-11 12:00:00,DK2,-1003.5030919999999,0.5743745214813167,738.340027
2024-01-11 11:00:00,DK1,-1151.7943759999998,0.2753560402585681,741.169983
2024-01-11 11:00:00,DK2,-1049.525711,0.5740642067322388,741.169983
2024-01-11 10:00:00,DK1,-1323.4913790000005,0.25602834182465894,794.119995
2024-01-11 10:00:00,DK2,-1041.1151799999998,0.5813141096455051,794.119995
2024-01-11 09:00:00,DK1,-1459.331306,0.21592911365582443,847.590027
2024-01-11 09:00:00,DK2,-1144.49237,0.559140806497597,847.590027
2024-01-11 08:00:00,DK1,-1559.94415,0.13698747679197867,963.27002
2024-01-11 08:00:00,DK2,-1101.4416749999998,0.5102972135487369,963.27002
2024-01-11 07:00:00,DK1,-1557.2028079999998,0.12429330536747325,1051.569946
2024-01-11 07:00:00,DK2,-976.8924709999999,0.4992763580345751,1051.569946
2024-01-11 06:00:00,DK1,-1307.945746,0.14061659682898298,871.530029
2024-01-11 06:00:00,DK2,-864.3410370000001,0.5012390692737987,871.530029
2024-01-11 05:00:00,DK1,-945.5030529999999,0.1943841394497098,761.22998
2024-01-11 05:00:00,DK2,-757.902049,0.5557453556104949,761.22998
2024-01-11 04:00:00,DK1,-854.7243230000001,0.2869335068850909,666.440002
2024-01-11 04:00:00,DK2,-647.0742089999999,0.578215487057125,666.440002
2024-01-11 03:00:00,DK1,-694.5824570000002,0.3605107871831706,611.179993
2024-01-11 03:00:00,DK2,-566.626399,0.5972506669226254,611.179993
2024-01-11 02:00:00,DK1,-608.7007290000001,0.3956589169240874,614.390015
2024-01-11 02:00:00,DK2,-635.5358699999999,0.5814550982587083,614.390015
2024-01-11 01:00:00,DK1,-665.8435669999999,0.39623113015862116,650.710022
2024-01-11 01:00:00,DK2,-759.8093929999999,0.5458724362528253,650.710022
2024-01-11 00:00:00,DK1,-542.8023859999998,0.3972618213957065,660.700012
2024-01-11 00:00:00,DK2,-897.63688,0.4874203076622328,660.700012
2024-01-10 23:00:00,DK1,-408.19172400000025,0.36531242599550007,684.27002
2024-01-10 23:00:00,DK2,-1013.4033559999999,0.39028953994535787,684.27002
2024-01-10 22:00:00,DK1,-485.4005100000004,0.35601132835115235,677.909973
2024-01-10 22:00:00,DK2,-1083.667309,0.286188729405252,716.169983
2024-01-10 21:00:00,DK1,-506.0135719999994,0.32291049731497357,779.26001
2024-01-10 21:00:00,DK2,-1175.143564,0.2807030624979022,779.26001
2024-01-10 20:00:00,DK1,-715.420126,0.28031056184842124,818.559998
2024-01-10 20:00:00,DK2,-1185.2062250000001,0.2856354075725684,818.559998
2024-01-10 19:00:00,DK1,-817.2911679999997,0.2349252070649206,894.929993
2024-01-10 19:00:00,DK2,-1280.855697,0.2569864309630525,894.929993
2024-01-10 18:00:00,DK1,-1050.8067139999994,0.20979384138307555,985.539978
2024-01-10 18:00:00,DK2,-1392.1329569999998,0.21384004936701861,985.539978
2024-01-10 17:00:00,DK1,-1342.0418960000002,0.17079805434285397,1044.089966
2024-01-10 17:00:00,DK2,-1512.458584,0.19675912874095192,1044.089966
2024-01-10 16:00:00,DK1,-1552.631086,0.1383716755252178,1072.349976
2024-01-10 16:00:00,DK2,-1598.204434,0.18934495398997364,1072.349976
2024-01-10 15:00:00,DK1,-1495.1155630000003,0.10856846387846254,1004.109985
2024-01-10 15:00:00,DK2,-1504.673288,0.1692737093012583,1004.109985
2024-01-10 14:00:00,DK1,-1421.8255,0.09242504403043693,923.27002
2024-01-10 14:00:00,DK2,-1482.345018,0.15894731474134763,923.27002
2024-01-10 13:00:00,DK1,-1517.7561320000002,0.11219903907068911,842.059998
2024-01-10 13:00:00,DK2,-1460.9869010000002,0.1515142199591981,862.710022
2024-01-10 12:00:00,DK1,-1509.1782449999998,0.12716427377632858,787.609985
2024-01-10 12:00:00,DK2,-1460.3231329999996,0.1540961490316024,806.929993
2024-01-10 11:00:00,DK1,-1432.590119,0.1323922592075251,762.26001
2024-01-10 11:00:00,DK2,-1550.510617,0.1593566853938228,762.26001
2024-01-10 10:00:00,DK1,-1496.3235719999996,0.1217514839949995,813.869995
2024-01-10 10:00:00,DK2,-1622.5461029999997,0.13425842246419548,813.869995
2024-01-10 09:00:00,DK1,-1563.0597559999999,0.07782837619744078,884.190002
2024-01-10 09:00:00,DK2,-1638.1978399999998,0.1278917926208247,905.890015
2024-01-10 08:00:00,DK1,-1518.8802329999999,0.021868876374056483,972.419983
2024-01-10 08:00:00,DK2,-1578.855822,0.1035060023898598,972.419983
2024-01-10 07:00:00,DK1,-1674.6179980000002,0.003583705626360592,1053.630005
2024-01-10 07:00:00,DK2,-1545.732976,0.0845067474671227,1066.459961
2024-01-10 06:00:00,DK1,-1724.5581329999993,0.0010635382576543821,941.840027
2024-01-10 06:00:00,DK2,-1455.8394769999998,0.08428457936003647,965.030029
2024-01-10 05:00:00,DK1,-1423.060477,0.0017913789572413074,812.0
2024-01-10 05:00:00,DK2,-1239.089915,0.09689268275558807,812.0
2024-01-10 04:00:00,DK1,-1280.7691450000002,0.0029302962810786835,664.109985
2024-01-10 04:00:00,DK2,-1114.464642,0.1184061677274045,664.109985
2024-01-10 03:00:00,DK1,-1326.4019720000003,0.0068113453261651625,643.599976
2024-01-10 03:00:00,DK2,-869.9488729999999,0.08348155076367038,643.599976
2024-01-10 02:00:00,DK1,-1273.7389849999997,0.027414942707983843,642.039978
2024-01-10 02:00:00,DK2,-844.5732149999999,0.07700844891741404,642.039978
2024-01-10 01:00:00,DK1,-1261.3594900000003,0.06006590323254266,646.809998
2024-01-10 01:00:00,DK2,-896.1120270000001,0.0850492162049731,646.809998
2024-01-10 00:00:00,DK1,-1245.3477520000001,0.06523479793161588,647.039978
2024-01-10 00:00:00,DK2,-973.4326189999998,0.05346099488212061,647.039978
2024-01-09 23:00:00,DK1,-1146.891345,0.06959342718362783,665.900024
2024-01-09 23:00:00,DK2,-913.4062819999999,0.03666478490494484,665.900024
2024-01-09 22:00:00,DK1,-1099.4989039999996,0.0755477189305576,724.340027
2024-01-09 22:00:00,DK2,-745.7231419999996,0.029337311812445505,724.340027
2024-01-09 21:00:00,DK1,-1193.1882609999998,0.07221487390982416,792.150024
2024-01-09 21:00:00,DK2,-849.6178419999999,0.010471632360974035,792.150024
2024-01-09 20:00:00,DK1,-1206.1371749999998,0.07334255311970429,833.179993
2024-01-09 20:00:00,DK2,-969.2815030000002,0.006249803533953082,833.179993
2024-01-09 19:00:00,DK1,-1265.8872780000002,0.060861723326791024,897.039978
2024-01-09 19:00:00,DK2,-1076.9136380000002,0.00570576951141745,897.039978
2024-01-09 18:00:00,DK1,-1485.096126,0.05943059432558433,973.070007
2024-01-09 18:00:00,DK2,-1184.1278909999999,0.0041648882990219524,973.070007
2024-01-09 17:00:00,DK1,-1584.0166920000001,0.06257375889557193,1028.050049
2024-01-09 17:00:00,DK2,-1331.237769,0.00852642282516791,1028.050049
2024-01-09 16:00:00,DK1,-1677.3287459999997,0.08882313467893484,1028.349976
2024-01-09 16:00:00,DK2,-1387.3470320000006,0.01230520568471525,1029.170044
2024-01-09 15:00:00,DK1,-1453.1919870000002,0.12786129842599886,953.820007
2024-01-09 15:00:00,DK2,-1277.2259830000003,0.014188045799440272,977.23999
2024-01-09 14:00:00,DK1,-1334.480372,0.16477792324859555,890.780029
2024-01-09 14:00:00,DK2,-1181.57267,0.027988398462517543,903.390015
2024-01-09 13:00:00,DK1,-1382.9037829999997,0.20340922005611825,827.289978
2024-01-09 13:00:00,DK2,-1237.9285779999996,0.03934447957636865,838.26001
2024-01-09 12:00:00,DK1,-1492.66777,0.2569176615823894,752.159973
2024-01-09 12:00:00,DK2,-1253.646841,0.06147063552741798,752.159973
2024-01-09 11:00:00,DK1,-1441.8856610000003,0.2879638975145228,747.690002
2024-01-09 11:00:00,DK2,-1357.002129,0.06722042301307579,747.690002
2024-01-09 10:00:00,DK1,-1577.5576250000004,0.26213452815961275,789.169983
2024-01-09 10:00:00,DK2,-1424.882337,0.04746440474968316,789.169983
2024-01-09 09:00:00,DK1,-1812.276748,0.24014004916709053,844.450012
2024-01-09 09:00:00,DK2,-1488.106085,0.043208145706020946,844.450012
2024-01-09 08:00:00,DK1,-1783.1469430000002,0.21230911235395344,902.039978
2024-01-09 08:00:00,DK2,-1444.1010059999999,0.04066117305940749,902.039978
2024-01-09 07:00:00,DK1,-1764.827907,0.24027811429527363,994.030029
2024-01-09 07:00:00,DK2,-1442.4221970000003,0.060468523077833944,994.099976
2024-01-09 06:00:00,DK1,-1632.9640100000001,0.24531204689730368,925.539978
2024-01-09 06:00:00,DK2,-1400.256181,0.09654835198752416,925.539978
2024-01-09 05:00:00,DK1,-1337.921191,0.2202917945056043,809.530029
2024-01-09 05:00:00,DK2,-1200.0965769999998,0.09912957747615862,809.530029
2024-01-09 04:00:00,DK1,-1317.9870319999998,0.22640211542444513,666.070007
2024-01-09 04:00:00,DK2,-1085.6899170000002,0.12096449366192775,666.070007
2024-01-09 03:00:00,DK1,-1409.077063,0.23768743199269643,639.51001
2024-01-09 03:00:00,DK2,-904.9611300000003,0.10622239174416236,639.51001
2024-01-09 02:00:00,DK1,-1446.1935379999998,0.22982305233079384,627.719971
2024-01-09 02:00:00,DK2,-986.6403089999999,0.11678088344525385,627.719971
2024-01-09 01:00:00,DK1,-1462.8924920000002,0.21844331964437025,634.140015
2024-01-09 01:00:00,DK2,-1026.838729,0.14799234039755002,634.140015
2024-01-09 00:00:00,DK1,-1459.9460709999998,0.20263356766790103,649.359985
2024-01-09 00:00:00,DK2,-1051.589285,0.13048387299024156,649.359985
2024-01-08 23:00:00,DK1,-1493.307636,0.1941743025916497,657.710022
2024-01-08 23:00:00,DK2,-1049.67414,0.11658260755532067,657.710022
2024-01-08 22:00:00,DK1,-1288.981141,0.18173279865302056,682.400024
2024-01-08 22:00:00,DK2,-993.5868569999998,0.14278161774272624,682.400024
2024-01-08 21:00:00,DK1,-1341.4865730000004,0.13915838965859037,745.719971
2024-01-08 21:00:00,DK2,-1117.1025490000002,0.13671302906032415,745.719971
2024-01-08 20:00:00,DK1,-1410.3248509999999,0.12255305708672985,766.97998
2024-01-08 20:00:00,DK2,-1255.323144,0.13425806542331048,766.97998
2024-01-08 19:00:00,DK1,-1232.2781639999998,0.12792837450903233,851.859985
2024-01-08 19:00:00,DK2,-1192.9188630000003,0.1526475795755034,851.859985
2024-01-08 18:00:00,DK1,-1360.3675949999997,0.14334053864627827,910.859985
2024-01-08 18:00:00,DK2,-1236.416694,0.18939283762261905,910.859985
2024-01-08 17:00:00,DK1,-1491.476932,0.1816610894927908,969.710022
2024-01-08 17:00:00,DK2,-1382.2655670000001,0.2469181910294687,969.710022
2024-01-08 16:00:00,DK1,-1612.0804409999996,0.18800140898955317,963.299988
2024-01-08 16:00:00,DK2,-1437.087247,0.22197046626431105,986.869995
2024-01-08 15:00:00,DK1,-1521.5904879999998,0.19062267532779562,923.619995
2024-01-08 15:00:00,DK2,-1332.208046,0.21945953325393713,954.719971
2024-01-08 14:00:00,DK1,-1441.7297529999996,0.20190095629191754,805.390015
2024-01-08 14:00:00,DK2,-1234.3265620000002,0.25294821586490807,825.22998
2024-01-08 13:00:00,DK1,-1638.99811,0.25699907725298493,763.25
2024-01-08 13:00:00,DK2,-1109.9892789999997,0.3328668230405333,764.219971
2024-01-08 12:00:00,DK1,-1657.871028,0.3157270889093489,701.349976
2024-01-08 12:00:00,DK2,-989.6517999999996,0.40664765406763576,707.690002
2024-01-08 11:00:00,DK1,-1428.2096649999999,0.3440897715238838,712.309998
2024-01-08 11:00:00,DK2,-984.786887,0.41210861942826515,729.76001
2024-01-08 10:00:00,DK1,-1266.8265809999998,0.31354578344989353,768.25
2024-01-08 10:00:00,DK2,-836.6249459999999,0.39408062641977865,787.200012
2024-01-08 09:00:00,DK1,-1191.5288309999996,0.30300353768440974,824.940002
2024-01-08 09:00:00,DK2,-870.6740839999998,0.3923574753525071,849.549988
2024-01-08 08:00:00,DK1,-1063.6856109999999,0.3478889420902396,878.859985
2024-01-08 08:00:00,DK2,-462.1058690000002,0.42131709630053316,900.48999
2024-01-08 07:00:00,DK1,-1028.542410999999,0.4184849268207512,903.330017
2024-01-08 07:00:00,DK2,-509.87952700000005,0.4802253749920062,903.330017
2024-01-08 06:00:00,DK1,-864.369753,0.4377280583233682,828.669983
2024-01-08 06:00:00,DK2,-671.6383680000001,0.5611378208043848,829.559998
2024-01-08 05:00:00,DK1,-820.897054,0.4607736072128809,703.359985
2024-01-08 05:00:00,DK2,-446.82455000000004,0.5958845834663834,703.359985
2024-01-08 04:00:00,DK1,-674.2706560000001,0.48517100300841565,612.359985
2024-01-08 04:00:00,DK2,-157.276879,0.6183422867936982,612.359985
2024-01-08 03:00:00,DK1,-566.6430530000007,0.50144589410921,585.359985
2024-01-08 03:00:00,DK2,-85.34198100000003,0.6154346799212184,585.359985
2024-01-08 02:00:00,DK1,-531.622335,0.5117221405816748,590.059998
2024-01-08 02:00:00,DK2,-77.31526000000008,0.6193276039327699,590.059998
2024-01-08 01:00:00,DK1,-394.3558849999995,0.5297029185828738,610.27002
2024-01-08 01:00:00,DK2,-48.23653499999955,0.6307051001204783,610.27002
2024-01-08 00:00:00,DK1,-92.55073200000061,0.5761170281195777,628.919983
2024-01-08 00:00:00,DK2,-66.75955500000009,0.6335567104798572,628.919983
2024-01-07 23:00:00,DK1,-101.38672300000007,0.5732309435081332,649.059998
2024-01-07 23:00:00,DK2,-124.67604699999993,0.6209731689253957,649.059998
2024-01-07 22:00:00,DK1,78.44315699999925,0.5446690738583284,625.48999
2024-01-07 22:00:00,DK2,-139.329479,0.5975690588963292,625.48999
2024-01-07 21:00:00,DK1,185.1390849999998,0.5272362853396919,680.01001
2024-01-07 21:00:00,DK2,-257.35674199999994,0.5834471279002214,680.01001
2024-01-07 20:00:00,DK1,219.92239599999948,0.500701928643102,695.97998
2024-01-07 20:00:00,DK2,-220.6257760000001,0.5563224271594032,695.97998
2024-01-07 19:00:00,DK1,42.98948599999994,0.4951150740222645,749.599976
2024-01-07 19:00:00,DK2,-271.363611,0.5783849594493488,749.599976
2024-01-07 18:00:00,DK1,-48.307638000000225,0.48017739711978097,772.349976
2024-01-07 18:00:00,DK2,-170.56448599999976,0.5289153684270183,772.349976
2024-01-07 17:00:00,DK1,-166.12920299999996,0.43267523321242246,782.049988
2024-01-07 17:00:00,DK2,-313.4592419999999,0.4981607872679183,791.299988
2024-01-07 16:00:00,DK1,-484.75831100000005,0.4084814889885834,759.080017
2024-01-07 16:00:00,DK2,-572.9239600000005,0.47973475798888815,777.719971
2024-01-07 15:00:00,DK1,-565.5340329999999,0.3796095212291438,696.799988
2024-01-07 15:00:00,DK2,-504.97610399999985,0.47857197246607114,717.609985
2024-01-07 14:00:00,DK1,-678.6637069999997,0.3443248943609006,656.440002
2024-01-07 14:00:00,DK2,-458.68954799999983,0.5097167839713274,676.059998
2024-01-07 13:00:00,DK1,-762.6946630000002,0.35856104511131487,634.219971
2024-01-07 13:00:00,DK2,-508.2443629999998,0.5121914406195239,650.630005
2024-01-07 12:00:00,DK1,-815.0645440000003,0.3528678024229433,652.789978
2024-01-07 12:00:00,DK2,-702.8470939999997,0.4512807614120814,652.789978
2024-01-07 11:00:00,DK1,-820.1894739999998,0.3359044089812863,682.469971
2024-01-07 11:00:00,DK2,-675.1980559999997,0.4399442024079587,682.469971
2024-01-07 10:00:00,DK1,-609.5615669999997,0.3653123878224289,666.210022
2024-01-07 10:00:00,DK2,-711.9218350000003,0.3998050628107809,686.130005
2024-01-07 09:00:00,DK1,-809.5343420000004,0.40283526139565473,650.030029
2024-01-07 09:00:00,DK2,-778.212198,0.3457946781018355,669.419983
2024-01-07 08:00:00,DK1,-981.3921039999996,0.38688367677754837,634.219971
2024-01-07 08:00:00,DK2,-790.8507430000002,0.30631079614911466,653.159973
2024-01-07 07:00:00,DK1,-960.9019570000005,0.3847192873852972,610.049988
2024-01-07 07:00:00,DK2,-725.4797609999998,0.29556525773899733,628.099976
2024-01-07 06:00:00,DK1,-936.6869699999997,0.3893569338205717,582.080017
2024-01-07 06:00:00,DK2,-641.1912059999997,0.3168464394433118,599.460022
2024-01-07 05:00:00,DK1,-824.952115,0.393866945122745,560.450012
2024-01-07 05:00:00,DK2,-646.401742,0.35750060936700456,585.140015
2024-01-07 04:00:00,DK1,-876.6928959999996,0.39752130721206075,550.309998
2024-01-07 04:00:00,DK2,-534.523398,0.41557116057140037,577.460022
2024-01-07 03:00:00,DK1,-889.1888860000001,0.3974737585362437,546.950012
2024-01-07 03:00:00,DK2,-420.2077790000001,0.46259672812571595,573.5
2024-01-07 02:00:00,DK1,-850.1864969999997,0.40017492032093593,561.48999
2024-01-07 02:00:00,DK2,-347.151353,0.49382754455497824,578.280029
2024-01-07 01:00:00,DK1,-707.6179900000002,0.4142770219710874,573.72998
2024-01-07 01:00:00,DK2,-313.7301559999996,0.5036993030808748,590.880005
2024-01-07 00:00:00,DK1,-628.7500579999996,0.45068801502533024,615.049988
2024-01-07 00:00:00,DK2,-288.68998799999963,0.5038708388393878,615.049988
2024-01-06 23:00:00,DK1,-495.1704899999995,0.4755468680226474,642.570007
2024-01-06 23:00:00,DK2,-199.10708999999997,0.5125125130602618,642.570007
2024-01-06 22:00:00,DK1,-291.2612610000001,0.4890970177039806,596.919983
2024-01-06 22:00:00,DK2,-153.21862499999997,0.5290840472428999,617.580017
2024-01-06 21:00:00,DK1,19.714782000000014,0.4730417357645854,647.039978
2024-01-06 21:00:00,DK2,-202.82834799999955,0.5320501586463355,666.359985
2024-01-06 20:00:00,DK1,28.71736800000008,0.4880949095145095,656.359985
2024-01-06 20:00:00,DK2,-308.57060000000024,0.5337912548660118,675.97998
2024-01-06 19:00:00,DK1,190.52522400000043,0.4681397947162912,687.909973
2024-01-06 19:00:00,DK2,-318.13313100000005,0.5270418375642193,708.419983
2024-01-06 18:00:00,DK1,248.12974599999916,0.473014271120485,740.719971
2024-01-06 18:00:00,DK2,-377.3966270000001,0.5353020676405861,762.799988
2024-01-06 17:00:00,DK1,34.441829000000325,0.47594891633082154,774.51001
2024-01-06 17:00:00,DK2,-462.4251619999998,0.5306413198097665,797.630005
2024-01-06 16:00:00,DK1,-27.075126000000182,0.48506479664245516,780.849976
2024-01-06 16:00:00,DK2,-420.0980519999998,0.532340085925319,882.140015
2024-01-06 15:00:00,DK1,148.57344599999988,0.4887715571531585,744.75
2024-01-06 15:00:00,DK2,-377.4495810000003,0.5362106586120003,820.450012
2024-01-06 14:00:00,DK1,322.88608399999976,0.5053798874857164,709.23999
2024-01-06 14:00:00,DK2,-292.04045699999983,0.5481971852014581,734.679993
2024-01-06 13:00:00,DK1,388.26221399999986,0.5235020088459362,690.299988
2024-01-06 13:00:00,DK2,-278.96799499999975,0.5573452633642566,712.380005
2024-01-06 12:00:00,DK1,549.1090970000005,0.5442650316394265,710.210022
2024-01-06 12:00:00,DK2,-213.96248400000013,0.5461950931686808,729.080017
2024-01-06 11:00:00,DK1,638.121705,0.5427755643452271,739.599976
2024-01-06 11:00:00,DK2,-152.69009499999993,0.5380418127425994,763.25
2024-01-06 10:00:00,DK1,673.9026249999997,0.547166180200224,749.070007
2024-01-06 10:00:00,DK2,-134.09978200000023,0.5397764471280473,773.090027
2024-01-06 09:00:00,DK1,599.4915660000001,0.5700779206553899,725.72998
2024-01-06 09:00:00,DK2,-87.39870299999939,0.5525402528805421,748.929993
2024-01-06 08:00:00,DK1,721.851831,0.5731922880882617,687.909973
2024-01-06 08:00:00,DK2,-81.40567499999997,0.5741444555794286,708.419983
2024-01-06 07:00:00,DK1,754.8946599999999,0.5753337101866113,659.349976
2024-01-06 07:00:00,DK2,-18.33812100000023,0.5919284566660755,677.77002
2024-01-06 06:00:00,DK1,821.8851209999998,0.5967771291617657,607.059998
2024-01-06 06:00:00,DK2,81.90595500000018,0.5893189214983817,652.109985
2024-01-06 05:00:00,DK1,725.9498369999997,0.6459937907999702,560.150024
2024-01-06 05:00:00,DK2,236.5501989999998,0.5811895597924631,630.109985
2024-01-06 04:00:00,DK1,790.0429819999999,0.6542691317625898,556.340027
2024-01-06 04:00:00,DK2,299.48297300000013,0.576729436891458,627.5
2024-01-06 03:00:00,DK1,667.8000920000004,0.6514793182115173,544.559998
2024-01-06 03:00:00,DK2,292.34187999999995,0.5857412048283261,615.559998
2024-01-06 02:00:00,DK1,777.7553489999996,0.6526306557914799,544.559998
2024-01-06 02:00:00,DK2,149.35296500000004,0.6183239833252159,612.950012
2024-01-06 01:00:00,DK1,776.1936720000003,0.6534008334697182,567.830017
2024-01-06 01:00:00,DK2,206.9417209999997,0.5735954048378651,611.830017
2024-01-06 00:00:00,DK1,931.8328510000001,0.6550554019058964,598.190002
2024-01-06 00:00:00,DK2,160.14644999999996,0.5744211682208388,620.559998
2024-01-05 23:00:00,DK1,1162.2672179999995,0.6590150130637736,613.47998
2024-01-05 23:00:00,DK2,148.74648500000012,0.5713033918534807,633.090027
2024-01-05 22:00:00,DK1,935.0525539999999,0.6660119558153643,647.429993
2024-01-05 22:00:00,DK2,178.9278969999998,0.5634146866641433,692.710022
2024-01-05 21:00:00,DK1,955.7223370000006,0.6538467814636723,708.0
2024-01-05 21:00:00,DK2,121.20182199999977,0.5588721021039652,746.630005
2024-01-05 20:00:00,DK1,903.7358700000009,0.6430909948896185,702.549988
2024-01-05 20:00:00,DK2,42.57947800000011,0.5514978364160926,841.51001
2024-01-05 19:00:00,DK1,1036.5271950000001,0.6355661437742497,746.559998
2024-01-05 19:00:00,DK2,46.02935599999955,0.5290053103475882,1115.849976
2024-01-05 18:00:00,DK1,1007.348027999999,0.6360382520583165,775.419983
2024-01-05 18:00:00,DK2,-78.87805200000048,0.51944338699712,1356.839966
2024-01-05 17:00:00,DK1,1045.8232559999997,0.6264027142772215,808.909973
2024-01-05 17:00:00,DK2,-175.787597,0.49255446157695665,2610.22998
2024-01-05 16:00:00,DK1,945.3811030000011,0.6433547682649478,800.929993
2024-01-05 16:00:00,DK2,-249.53632800000014,0.47307792096802004,3925.22998
2024-01-05 15:00:00,DK1,1364.6523580000003,0.6554256533317409,768.039978
2024-01-05 15:00:00,DK2,-235.0812960000003,0.4632880166478941,3353.810059
2024-01-05 14:00:00,DK1,1331.024183999999,0.6775823803324916,746.26001
2024-01-05 14:00:00,DK2,-204.54423399999996,0.45448311861223134,2237.209961
2024-01-05 13:00:00,DK1,1197.3922979999998,0.6924650046535962,719.109985
2024-01-05 13:00:00,DK2,-356.503336,0.4301399019781135,1475.810059
2024-01-05 12:00:00,DK1,1064.4684829999992,0.6988959176484189,682.780029
2024-01-05 12:00:00,DK2,-472.76153999999997,0.40638313136731136,1469.25
2024-01-05 11:00:00,DK1,957.8962330000008,0.6943027918140641,688.01001
2024-01-05 11:00:00,DK2,-543.8260230000003,0.39146264659778474,1516.23999
2024-01-05 10:00:00,DK1,823.1472580000009,0.6816931332440099,732.609985
2024-01-05 10:00:00,DK2,-605.973166,0.35363690385604724,1574.640015
2024-01-05 09:00:00,DK1,449.2843309999994,0.6818825034866409,718.140015
2024-01-05 09:00:00,DK2,-761.7274339999999,0.3299723457702257,1908.430054
2024-01-05 08:00:00,DK1,221.94525699999986,0.6714259730465677,708.070007
2024-01-05 08:00:00,DK2,-797.7589230000003,0.2965280005643251,1858.150024
2024-01-05 07:00:00,DK1,67.80654300000015,0.6709132229093817,668.090027
2024-01-05 07:00:00,DK2,-808.3335189999998,0.26688635171891084,2230.280029
2024-01-05 06:00:00,DK1,46.844798999999966,0.6523118735634856,648.919983
2024-01-05 06:00:00,DK2,-776.3407709999997,0.26035646157556025,1230.790039
2024-01-05 05:00:00,DK1,93.71634499999936,0.6585282007441143,604.169983
2024-01-05 05:00:00,DK2,-669.2079599999997,0.228959435187057,818.909973
2024-01-05 04:00:00,DK1,23.149831000000177,0.6594342776837149,567.099976
2024-01-05 04:00:00,DK2,-708.2658839999999,0.23203142279645037,657.419983
2024-01-05 03:00:00,DK1,-26.564515999999912,0.6512212337522694,552.330017
2024-01-05 03:00:00,DK2,-747.3277519999999,0.2228384620489804,615.280029
2024-01-05 02:00:00,DK1,-295.7120319999999,0.6152960818589913,546.059998
2024-01-05 02:00:00,DK2,-816.2215269999998,0.18927328813703298,597.97998
2024-01-05 01:00:00,DK1,-376.67527500000006,0.6023999579817365,574.409973
2024-01-05 01:00:00,DK2,-933.064906,0.1355525739715241,596.710022
2024-01-05 00:00:00,DK1,-228.857121,0.5904786971105646,600.51001
2024-01-05 00:00:00,DK2,-972.2589210000001,0.09580804736704218,619.76001
2024-01-04 23:00:00,DK1,-307.86145399999987,0.5476443375070066,642.059998
2024-01-04 23:00:00,DK2,-900.2995819999999,0.09250246439307687,662.570007
2024-01-04 22:00:00,DK1,-147.93496099999993,0.5114027992419605,662.47998
2024-01-04 22:00:00,DK2,-827.7231850000003,0.09863214060457712,662.47998
2024-01-04 21:00:00,DK1,-128.19845700000042,0.46783594708121207,707.450012
2024-01-04 21:00:00,DK2,-894.7525850000002,0.11858299141443068,707.450012
2024-01-04 20:00:00,DK1,-215.59133999999995,0.42590212922773457,745.859985
2024-01-04 20:00:00,DK2,-989.7549919999997,0.1331242438036184,745.859985
2024-01-04 19:00:00,DK1,-220.09541200000012,0.4005784459172434,772.549988
2024-01-04 19:00:00,DK2,-1062.0234250000003,0.1407925196336598,772.549988
2024-01-04 18:00:00,DK1,-279.7383540000001,0.4021823852863314,932.22998
2024-01-04 18:00:00,DK2,-1105.1635379999998,0.19935954704512016,932.22998
2024-01-04 17:00:00,DK1,-397.72533299999986,0.40563253458459125,1078.77002
2024-01-04 17:00:00,DK2,-1125.3875470000003,0.2670344442483135,1078.77002
2024-01-04 16:00:00,DK1,-536.738621,0.40704940355280034,993.599976
2024-01-04 16:00:00,DK2,-1067.567677,0.33030503407014594,993.599976
2024-01-04 15:00:00,DK1,-473.7037499999997,0.41446060488783293,788.51001
2024-01-04 15:00:00,DK2,-897.3951329999998,0.3780301834195737,788.51001
2024-01-04 14:00:00,DK1,-277.30242200000066,0.44171545975033183,735.48999
2024-01-04 14:00:00,DK2,-629.269659,0.4377992996442976,735.48999
2024-01-04 13:00:00,DK1,-264.1326230000004,0.48625060938884734,686.940002
2024-01-04 13:00:00,DK2,-495.32681699999944,0.48240075464803983,686.940002
2024-01-04 12:00:00,DK1,-56.929915000000165,0.5317037902669537,641.070007
2024-01-04 12:00:00,DK2,-401.46451,0.5193841253804976,641.070007
2024-01-04 11:00:00,DK1,219.1971709999998,0.5932513185966252,643.609985
2024-01-04 11:00:00,DK2,-345.8975320000004,0.5475077776824969,646.52002
2024-01-04 10:00:00,DK1,580.1841870000007,0.6178659164249135,671.429993
2024-01-04 10:00:00,DK2,-247.50098000000025,0.5661708861985139,674.190002
2024-01-04 09:00:00,DK1,805.1506289999988,0.6477029782261126,683.210022
2024-01-04 09:00:00,DK2,-208.21114399999988,0.5816230652345116,685.969971
2024-01-04 08:00:00,DK1,1017.29178,0.6747413166816716,702.530029
2024-01-04 08:00:00,DK2,-160.20511799999986,0.6044269239969732,702.530029
2024-01-04 07:00:00,DK1,1206.2259439999998,0.6997551415752604,682.169983
2024-01-04 07:00:00,DK2,-69.06713499999933,0.6049270549209035,682.169983
2024-01-04 06:00:00,DK1,1454.9714330000002,0.733575430805647,634.059998
2024-01-04 06:00:00,DK2,57.39269999999988,0.6173139356753551,634.059998
2024-01-04 05:00:00,DK1,1585.7438459999998,0.7735515476228739,541.809998
2024-01-04 05:00:00,DK2,162.45100399999978,0.6450287134739595,541.809998
2024-01-04 04:00:00,DK1,1311.1749960000016,0.8268501670552805,430.540009
2024-01-04 04:00:00,DK2,48.54575599999998,0.6291705081511554,441.130005
2024-01-04 03:00:00,DK1,1059.1619119999996,0.8838547950400455,261.019989
2024-01-04 03:00:00,DK2,-16.33958900000016,0.6045808128438405,434.420013
2024-01-04 02:00:00,DK1,1014.4876060000001,0.8947726691270543,190.020004
2024-01-04 02:00:00,DK2,-142.8958319999997,0.5973839362306643,411.519989
2024-01-04 01:00:00,DK1,1212.6851210000004,0.8814022493309557,298.309998
2024-01-04 01:00:00,DK2,-205.96381799999995,0.5916135070066196,406.0
2024-01-04 00:00:00,DK1,1625.3581739999995,0.8533623983869787,376.320007
2024-01-04 00:00:00,DK2,-284.18443000000025,0.580635210299607,399.73999
2024-01-03 23:00:00,DK1,1799.9905010000011,0.8441241619846189,427.329987
2024-01-03 23:00:00,DK2,-242.5117819999998,0.5858590785581632,437.850006
2024-01-03 22:00:00,DK1,1976.6691880000008,0.8261118482270924,433.290009
2024-01-03 22:00:00,DK2,-228.90880300000003,0.5960646445509628,433.290009
2024-01-03 21:00:00,DK1,1904.1527149999997,0.8245327447190695,484.579987
2024-01-03 21:00:00,DK2,-274.14768300000014,0.6046090344713998,484.579987
2024-01-03 20:00:00,DK1,1993.7497199999993,0.826074855219111,502.549988
2024-01-03 20:00:00,DK2,-279.264903,0.5978467367073615,502.549988
2024-01-03 19:00:00,DK1,2120.779782,0.8059009667608991,545.940002
2024-01-03 19:00:00,DK2,-185.28782400000023,0.5622179342838115,545.940002
2024-01-03 18:00:00,DK1,2069.5189810000006,0.7965453810220072,589.179993
2024-01-03 18:00:00,DK2,-190.83486500000004,0.5781489604288648,589.179993
2024-01-03 17:00:00,DK1,1879.430363,0.7967744393669424,618.549988
2024-01-03 17:00:00,DK2,-332.6381909999998,0.5950781114351905,618.549988
2024-01-03 16:00:00,DK1,1707.867523,0.7967253699382081,613.409973
2024-01-03 16:00:00,DK2,-382.9689039999996,0.6057642905688396,613.409973
2024-01-03 15:00:00,DK1,1742.8411989999995,0.8101356114416951,548.619995
2024-01-03 15:00:00,DK2,-350.9668350000002,0.6152339584864029,548.619995
2024-01-03 14:00:00,DK1,1718.0607030000006,0.8341300297268284,500.829987
2024-01-03 14:00:00,DK2,-279.33858599999985,0.6192240806535717,513.140015
2024-01-03 13:00:00,DK1,1383.2165899999995,0.8601431679997288,453.720001
2024-01-03 13:00:00,DK2,-288.86918900000023,0.6166341706703431,484.51001
2024-01-03 12:00:00,DK1,1338.0464630000001,0.8632284582667763,438.809998
2024-01-03 12:00:00,DK2,-360.5673760000002,0.611667501110243,438.809998
2024-01-03 11:00:00,DK1,1369.6943460000002,0.866681035969084,445.820007
2024-01-03 11:00:00,DK2,-374.31330300000036,0.6241662126828199,445.820007
2024-01-03 10:00:00,DK1,1412.595585,0.8592415286374759,409.209991
2024-01-03 10:00:00,DK2,-395.78779499999996,0.6355712903162315,447.01001
2024-01-03 09:00:00,DK1,1350.7389949999997,0.8572993421110059,424.940002
2024-01-03 09:00:00,DK2,-418.42355299999963,0.6435220802750026,448.720001
2024-01-03 08:00:00,DK1,1445.0382110000005,0.8645986233264131,451.850006
2024-01-03 08:00:00,DK2,-273.6677789999999,0.6538984132002074,484.51001
2024-01-03 07:00:00,DK1,1490.448874000001,0.8652150210708272,444.399994
2024-01-03 07:00:00,DK2,-199.15288899999996,0.630161398941959,473.25
2024-01-03 06:00:00,DK1,1124.4640199999994,0.9140106275803598,302.600006
2024-01-03 06:00:00,DK2,-153.424935,0.6417527304010741,399.070007
2024-01-03 05:00:00,DK1,861.6205159999995,0.9327172904148381,8.13
2024-01-03 05:00:00,DK2,44.23395400000004,0.6710182268280485,368.579987
2024-01-03 04:00:00,DK1,505.9384109999992,0.937463314213854,0.15
2024-01-03 04:00:00,DK2,229.9583520000001,0.6962041219249776,149.399994
2024-01-03 03:00:00,DK1,644.5777649999995,0.9383573958453318,0.0
2024-01-03 03:00:00,DK2,329.6507769999996,0.7141041557827484,118.830002
2024-01-03 02:00:00,DK1,1021.6478259999999,0.936896144610667,-0.07
2024-01-03 02:00:00,DK2,326.7742959999998,0.7160039336338994,118.389999
2024-01-03 01:00:00,DK1,1167.323281,0.9350343499975732,0.0
2024-01-03 01:00:00,DK2,294.73681599999964,0.7158512443365357,118.389999
2024-01-03 00:00:00,DK1,1110.8307909999999,0.935819532602205,-0.07
2024-01-03 00:00:00,DK2,248.47550499999988,0.7161910426057498,118.309998
2024-01-02 23:00:00,DK1,1356.7116859999996,0.9342132240966644,7.75
2024-01-02 23:00:00,DK2,325.09636900000055,0.7029845820343474,149.100006
2024-01-02 22:00:00,DK1,1615.6240710000002,0.9235016730679583,162.589996
2024-01-02 22:00:00,DK2,399.69513099999995,0.6967290551601603,223.639999
2024-01-02 21:00:00,DK1,1741.515128,0.9041252910176657,298.190002
2024-01-02 21:00:00,DK2,406.220916,0.6710153324192085,298.190002
2024-01-02 20:00:00,DK1,1468.5564550000004,0.8953109515474756,349.549988
2024-01-02 20:00:00,DK2,400.37172599999985,0.6414007594338593,358.130005
2024-01-02 19:00:00,DK1,2255.750083,0.8505614390713079,425.73999
2024-01-02 19:00:00,DK2,309.09395599999993,0.6456772133554869,425.73999
2024-01-02 18:00:00,DK1,1769.5166229999995,0.8527523200184552,470.98999
2024-01-02 18:00:00,DK2,228.46991200000002,0.6407024065074729,470.98999
2024-01-02 17:00:00,DK1,2328.1766350000007,0.8207112977384294,558.72998
2024-01-02 17:00:00,DK2,101.85309700000016,0.6381240912883519,558.72998
2024-01-02 16:00:00,DK1,2194.132055,0.8165284015575246,603.23999
2024-01-02 16:00:00,DK2,37.87353299999995,0.6291176865151502,603.23999
2024-01-02 15:00:00,DK1,2322.375053,0.8103260956494376,607.26001
2024-01-02 15:00:00,DK2,155.45930399999997,0.6064670639860583,607.26001
2024-01-02 14:00:00,DK1,2264.774226000001,0.8099113425344725,596.080017
2024-01-02 14:00:00,DK2,200.76745500000015,0.608523792557456,596.080017
2024-01-02 13:00:00,DK1,2084.4766629999995,0.8110643581271757,590.719971
2024-01-02 13:00:00,DK2,192.52802200000042,0.603500361424628,590.719971
2024-01-02 12:00:00,DK1,2084.2141869999996,0.8065227582741099,587.960022
2024-01-02 12:00:00,DK2,17.922867000000224,0.578944981548742,587.960022
2024-01-02 11:00:00,DK1,2050.4663609999993,0.808267076416149,582.659973
2024-01-02 11:00:00,DK2,-136.33994499999972,0.5443413897251063,582.659973
2024-01-02 10:00:00,DK1,1910.0479289999994,0.8088525878842272,548.219971
2024-01-02 10:00:00,DK2,-290.01085199999966,0.4971132196049284,548.219971
2024-01-02 09:00:00,DK1,1743.3937170000004,0.8071456450626888,514.22998
2024-01-02 09:00:00,DK2,-501.5930549999998,0.42706450565900234,514.22998
2024-01-02 08:00:00,DK1,1407.886419,0.7979832506536952,482.549988
2024-01-02 08:00:00,DK2,-636.960936,0.3580055157521055,492.829987
2024-01-02 07:00:00,DK1,1120.264893,0.7962933932109224,489.549988
2024-01-02 07:00:00,DK2,-591.377634,0.3397637921685995,489.549988
2024-01-02 06:00:00,DK1,835.5032820000001,0.8034283003155469,433.119995
2024-01-02 06:00:00,DK2,-593.6663019999999,0.3075393419129432,437.970001
2024-01-02 05:00:00,DK1,456.11195799999996,0.8484497561229029,355.070007
2024-01-02 05:00:00,DK2,-563.5986519999999,0.24303795939663053,366.630005
2024-01-02 04:00:00,DK1,7.915957999999591,0.8733435218739918,102.730003
2024-01-02 04:00:00,DK2,-413.084786,0.2937412549892422,311.01001
2024-01-02 03:00:00,DK1,-336.6104439999999,0.8745368486407146,82.599998
2024-01-02 03:00:00,DK2,-480.685839,0.32282705725836297,273.589996
2024-01-02 02:00:00,DK1,-525.050949,0.8619078378747534,137.089996
2024-01-02 02:00:00,DK2,-420.7990050000001,0.3976251660537993,240.710007
2024-01-02 01:00:00,DK1,-404.9515510000001,0.8701647114490338,231.320007
2024-01-02 01:00:00,DK2,-510.67130800000007,0.36360824291288973,238.779999
2024-01-02 00:00:00,DK1,-286.8694660000001,0.8900339845208548,149.619995
2024-01-02 00:00:00,DK2,-463.0014030000001,0.4054370141844706,250.179993
2024-01-01 23:00:00,DK1,-215.25871199999983,0.8815370701909097,228.039993
2024-01-01 23:00:00,DK2,-381.76631,0.4411828174134938,283.279999
2024-01-01 22:00:00,DK1,197.24928799999998,0.8419149885794113,265.019989
2024-01-01 22:00:00,DK2,-334.9020159999998,0.40365202134701933,283.279999
2024-01-01 21:00:00,DK1,87.50113099999999,0.8249396625607842,355.220001
2024-01-01 21:00:00,DK2,-384.8614620000001,0.33559019742847956,336.959991
2024-01-01 20:00:00,DK1,4.3342810000008285,0.8175437769072518,409.420013
2024-01-01 20:00:00,DK2,-414.62843599999997,0.36436683763978706,328.079987
2024-01-01 19:00:00,DK1,199.52916800000003,0.7835311611569397,447.059998
2024-01-01 19:00:00,DK2,-418.25603300000034,0.37218629841571904,357.899994
2024-01-01 18:00:00,DK1,293.5882710000001,0.7155626003385339,456.75
2024-01-01 18:00:00,DK2,-542.2232240000001,0.3662970612132475,410.529999
2024-01-01 17:00:00,DK1,127.78184199999941,0.7084592132768954,460.26001
2024-01-01 17:00:00,DK2,-776.5331430000001,0.2843005449154517,460.26001
2024-01-01 16:00:00,DK1,-24.340332000000217,0.6975634194928316,484.480011
2024-01-01 16:00:00,DK2,-774.6313719999998,0.2806540579672817,484.480011
2024-01-01 15:00:00,DK1,-30.43684200000007,0.7143475435183758,443.329987
2024-01-01 15:00:00,DK2,-612.4562040000001,0.3102094603436559,443.329987
2024-01-01 14:00:00,DK1,-353.8422989999999,0.744562188288581,377.290009
2024-01-01 14:00:00,DK2,-658.2715819999999,0.2836655315386092,377.290009
2024-01-01 13:00:00,DK1,-599.7337110000003,0.7737307415847726,344.709991
2024-01-01 13:00:00,DK2,-728.1472359999997,0.27743209461701424,344.709991
2024-01-01 12:00:00,DK1,-567.8857040000003,0.7818753311477302,330.170013
2024-01-01 12:00:00,DK2,-492.38374899999985,0.4200387751357104,330.170013
2024-01-01 11:00:00,DK1,-446.8327919999997,0.7968334027287484,320.700012
2024-01-01 11:00:00,DK2,-468.35921699999994,0.46448710803258686,320.700012
2024-01-01 10:00:00,DK1,-331.0124190000006,0.8187424366931442,324.359985
2024-01-01 10:00:00,DK2,-411.484197,0.4799005588533048,324.359985
2024-01-01 09:00:00,DK1,-254.09434700000065,0.8339682426657141,308.179993
2024-01-01 09:00:00,DK2,-368.40708500000005,0.4747498619674653,308.179993
2024-01-01 08:00:00,DK1,-406.6489219999994,0.8723728308986779,0.6
2024-01-01 08:00:00,DK2,-362.634102,0.4796867372583656,240.119995
2024-01-01 07:00:00,DK1,-790.5373439999998,0.8495657411889793,0.0
2024-01-01 07:00:00,DK2,-285.637884,0.49776824267606823,189.5
2024-01-01 06:00:00,DK1,-756.427083,0.8506005356392834,-0.15
2024-01-01 06:00:00,DK2,-197.70028800000023,0.5337837734978585,164.300003
2024-01-01 05:00:00,DK1,-890.5629709999998,0.848115341032828,-0.37
2024-01-01 05:00:00,DK2,-147.49981500000013,0.5634242177426093,118.309998
2024-01-01 04:00:00,DK1,-939.1234069999998,0.8533366948268922,-0.15
2024-01-01 04:00:00,DK2,-25.005605999999716,0.6128527580139577,118.379997
2024-01-01 03:00:00,DK1,-913.4800420000001,0.8526379848982519,-0.22
2024-01-01 03:00:00,DK2,-19.712289000000055,0.6184459913472036,178.990005
2024-01-01 02:00:00,DK1,-455.2731909999993,0.881538992708036,30.860001
2024-01-01 02:00:00,DK2,-165.85941000000003,0.5832047100746091,182.490005
2024-01-01 01:00:00,DK1,-185.46820500000013,0.8658478909910953,198.740005
2024-01-01 01:00:00,DK2,-221.6978170000002,0.5701309528342076,198.740005
2024-01-01 00:00:00,DK1,98.80743799999982,0.871847751737224,209.779999
2024-01-01 00:00:00,DK2,-366.229053,0.5229162163550625,212.160004
2023-12-31 23:00:00,DK1,107.40518299999985,0.8796470565517565,126.660004
2023-12-31 23:00:00,DK2,-286.77873400000044,0.5602424055111663,217.160004
