HourUTC,HourDK,PriceArea,CentralPowerMWh,LocalPowerMWh,CommercialPowerMWh,LocalPowerSelfConMWh,OffshoreWindLt100MW_MWh,OffshoreWindGe100MW_MWh,OnshoreWindLt50kW_MWh,OnshoreWindGe50kW_MWh,HydroPowerMWh,SolarPowerLt10kW_MWh,SolarPowerGe10Lt40kW_MWh,SolarPowerGe40kW_MWh,SolarPowerSelfConMWh,UnknownProdMWh,ExchangeNO_MWh,ExchangeSE_MWh,ExchangeGE_MWh,ExchangeNL_MWh,ExchangeGB_MWh,ExchangeGreatBelt_MWh,GrossConsumptionMWh,GridLossTransmissionMWh,GridLossInterconnectorsMWh,GridLossDistributionMWh,PowerToHeatMWh
2024-01-31T22:00:00,2024-01-31T23:00:00,DK1,422.799437,98.896055,78.796125,23.288701,249.773187,1092.959233,12.318345,3062.124499,3.87659,0.123808,0.040062,0.54875,0.0,3e-06,-1703.5612,-11.236,615.5268,0.0,-1377.204321,588.0,3157.070074,103.943365,61.7942,148.698093,358.175759
2024-01-31T22:00:00,2024-01-31T23:00:00,DK2,270.178741,40.582431,49.99937,11.191695,36.7068,938.499866,1.639195,635.592716,0.0,0.102481,0.013873,0.004123,0.0,1.33649,,978.66175,-664.317992,,,-598.0,1702.191539,60.510895,14.336992,81.585824,64.82298
2024-01-31T21:00:00,2024-01-31T22:00:00,DK1,367.370059,98.061664,81.203232,25.252757,249.960344,1099.998324,14.05631,3389.445504,3.882608,0.173496,0.049405,0.593179,0.0,0.0,-1651.7972,249.371,204.0189,0.0,-1305.838347,588.0,3413.801235,115.459595,55.9782,166.17958,382.680542
2024-01-31T21:00:00,2024-01-31T22:00:00,DK2,325.521505,40.839485,48.293048,10.364646,37.3513,938.203844,1.661461,644.472592,0.0,0.10375,0.019048,0.002948,0.0,1.42138,,997.549,-660.623992,,,-598.2,1786.980015,59.668842,14.500992,84.49377,63.15068
2024-01-31T20:00:00,2024-01-31T21:00:00,DK1,363.148485,85.427848,81.418604,25.139284,250.606025,1097.575383,14.679172,3447.188658,3.882028,0.196851,0.049871,0.616271,0.0,1e-06,-1213.0467,116.346,112.1263,0.0,-1382.814422,587.9,3590.439659,108.267595,34.3747,173.773981,384.439694
2024-01-31T20:00:00,2024-01-31T21:00:00,DK2,401.663249,42.177146,48.9361,8.043084,37.4879,937.787538,1.638071,634.403467,0.0,0.116185,0.019342,0.004609,0.0,1.79662,,1033.09,-660.093008,,,-598.0,1889.070303,57.83044,14.283008,88.446911,64.82496
2024-01-31T19:00:00,2024-01-31T20:00:00,DK1,359.678232,87.594578,87.359014,25.414707,248.045908,1097.403808,14.69901,3448.60869,3.87739,0.225505,0.051123,0.639681,0.0,1e-06,-961.6368,-116.688,16.5738,0.0,-1264.012577,587.9,3635.73407,97.64331,27.6058,173.685071,354.23938
2024-01-31T19:00:00,2024-01-31T20:00:00,DK2,498.586699,47.637175,67.984699,7.441013,37.7286,936.387005,1.564033,621.193604,0.0,0.151184,0.022701,0.002995,0.0,1.91118,,1024.31925,-660.281,,,-598.0,1986.649138,57.702995,14.388,90.703369,58.16691
2024-01-31T18:00:00,2024-01-31T19:00:00,DK1,395.521168,98.10989,87.017802,25.556074,248.324641,1098.335091,14.568673,3439.737841,3.890088,0.241472,0.053825,0.640308,0.0,1e-06,-846.6215,-177.598,72.7025,0.0,-1453.60529,588.0,3594.874584,98.584117,24.4095,176.739809,318.456103
2024-01-31T18:00:00,2024-01-31T19:00:00,DK2,492.562443,48.059958,150.246855,7.3553,37.828,934.506624,1.485238,608.175426,0.0,0.199215,0.033159,0.004436,0.0,1.79815,,1043.6365,-660.400984,,,-598.2,2067.29032,56.21802,14.273984,95.263878,24.53302
2024-01-31T17:00:00,2024-01-31T18:00:00,DK1,378.003524,99.782738,88.927138,25.467672,244.896097,1101.733985,14.345812,3465.84164,3.881576,0.315419,0.053149,0.599059,0.0,2e-06,-516.0377,-424.001,45.2877,0.0,-1457.679976,587.0,3658.416835,97.729522,20.3437,184.349594,224.48316
2024-01-31T17:00:00,2024-01-31T18:00:00,DK2,529.308582,50.195614,181.809803,7.58668,37.7749,924.787474,1.41543,595.540574,0.0,0.28372,0.044737,0.004873,0.0,2.07787,,1107.78425,-660.706976,,,-597.1,2180.807531,55.919009,14.450976,100.055694,12.15216
2024-01-31T16:00:00,2024-01-31T17:00:00,DK1,373.329732,126.386806,90.689327,25.618203,247.686193,1097.204155,14.208551,3455.766955,3.875405,0.371094,0.061145,0.595307,0.051377,2e-06,-658.724,-136.613,-22.62,0.0,-1457.575471,575.2,3735.511781,97.359292,18.977,187.568309,193.494924
2024-01-31T16:00:00,2024-01-31T17:00:00,DK2,531.045789,52.477062,190.033271,6.966782,36.5607,916.212439,1.413614,580.703786,0.0,0.332432,0.054907,0.00865,0.0,2.65612,,1154.60725,-661.331,,,-585.0,2226.741802,54.864909,14.318,100.871587,13.39164
2024-01-31T15:00:00,2024-01-31T16:00:00,DK1,346.398923,98.509415,89.355325,25.939226,249.747331,1104.375853,14.35156,3419.162238,3.873537,0.29748,0.058547,6.730147,0.815315,0.0,-1011.8026,237.135,40.2156,0.0,-1457.310254,587.3,3755.152643,101.151706,27.0306,173.650588,327.036675
2024-01-31T15:00:00,2024-01-31T16:00:00,DK2,529.575066,52.914787,188.658736,8.012756,34.7914,920.72026,1.523301,587.908025,0.0,0.211958,0.028073,1.562746,0.199986,2.73518,,1060.50975,-667.910024,,,-597.3,2124.142,55.623526,14.379024,92.323834,54.92521
2024-01-31T14:00:00,2024-01-31T15:00:00,DK1,368.773966,98.975033,89.569658,30.127144,250.061096,1055.132653,14.588635,3384.099338,3.908143,1.913727,0.22467,53.775897,16.913183,3e-06,-1152.7788,464.496,31.1361,0.0,-1448.127613,588.0,3850.788834,96.294094,32.3588,171.614751,332.188065
2024-01-31T14:00:00,2024-01-31T15:00:00,DK2,529.481336,51.955422,189.012535,10.500653,31.6976,896.11983,1.499193,572.940909,0.0,1.088368,0.123785,18.635648,14.614406,2.5733,,1012.43475,-673.337992,,,-598.0,2061.339743,53.830578,14.264992,87.113059,52.09999
2024-01-31T13:00:00,2024-01-31T14:00:00,DK1,389.3019,89.541868,90.607258,38.101846,249.962136,1049.999693,14.596459,3307.41109,3.892162,11.503693,0.9994,158.596877,54.297428,1.8e-05,-1219.9591,303.451,106.2088,0.0,-1452.328923,588.0,3784.183605,101.428868,34.6491,168.492937,313.926532
2024-01-31T13:00:00,2024-01-31T14:00:00,DK2,531.493566,52.559212,182.822548,15.108387,27.0531,898.106767,1.478093,561.448836,0.0,4.109721,0.442725,47.266544,36.43541,2.67048,,1019.78025,-679.965984,,,-598.1,2102.709656,54.447913,14.267984,86.577521,64.80682
2024-01-31T12:00:00,2024-01-31T13:00:00,DK1,424.115679,97.278737,88.421209,43.651392,250.067516,1032.472848,14.421156,3248.106159,3.873042,21.876663,1.823852,239.441302,80.62809,3.5e-05,-1067.5765,24.15,87.4918,0.0,-1450.209684,588.0,3728.033295,95.127902,29.4655,167.778579,221.774456
2024-01-31T12:00:00,2024-01-31T13:00:00,DK2,529.642884,50.781095,177.959919,16.378678,21.1876,879.486035,1.359443,515.636151,0.0,8.44503,0.888448,79.18452,63.929268,2.77739,,1057.1135,-689.408984,,,-598.1,2117.260975,54.103351,13.881984,84.199512,63.09137
2024-01-31T11:00:00,2024-01-31T12:00:00,DK1,456.258788,108.208947,86.661142,44.999252,244.551994,948.123731,13.868681,3084.370811,3.834606,24.637951,2.128727,279.883476,93.228821,3.3e-05,-628.1616,-246.479,-60.432,0.0,-1350.148195,587.9,3693.436163,93.202079,19.1166,159.021768,191.95786
2024-01-31T11:00:00,2024-01-31T12:00:00,DK2,529.855757,54.575015,137.05484,17.410621,21.0128,854.053936,1.219802,481.923228,0.0,12.247422,1.279627,117.529705,69.311852,2.3171,,1070.79725,-694.913008,,,-598.0,2077.675947,52.796829,14.123008,83.019129,20.91874
2024-01-31T10:00:00,2024-01-31T11:00:00,DK1,439.430208,130.163316,81.747059,41.910891,239.118986,678.005302,12.669791,2765.283515,3.812017,26.516383,2.189979,299.77914,64.904022,1e-05,-197.0596,-209.563,-30.2885,0.0,-1299.216024,588.0,3637.403495,90.637094,10.3306,149.891817,156.021794
2024-01-31T10:00:00,2024-01-31T11:00:00,DK2,528.123591,65.894776,134.799712,21.157709,14.4348,846.024515,1.129619,420.29795,0.0,23.532872,2.616155,157.80255,70.516701,2.5336,,1049.76575,-680.981,,,-598.1,2059.549302,52.209915,14.162,79.489059,10.00248
2024-01-31T09:00:00,2024-01-31T10:00:00,DK1,405.851129,148.096521,86.810367,39.376178,230.262461,715.521607,10.676097,2265.624486,3.811439,23.809189,1.777384,274.140919,73.245193,1.6e-05,-58.7585,-73.744,-80.5378,0.0,-1050.537525,576.1,3591.525163,83.555661,7.2175,138.573402,148.482826
2024-01-31T09:00:00,2024-01-31T10:00:00,DK2,545.790591,65.984614,135.50758,18.237627,17.5134,853.561428,1.070863,419.297501,0.0,21.765227,2.28457,125.643564,52.39418,2.18108,,1078.99575,-685.728,,,-585.7,2068.799974,51.931038,14.21,80.261027,9.32628
2024-01-31T08:00:00,2024-01-31T09:00:00,DK1,503.503482,132.963923,90.24733,27.587194,216.58219,704.739683,8.591052,1835.628295,3.803113,7.706445,0.584835,137.807172,40.734917,1.1e-05,322.4417,53.314,-65.9833,0.0,-987.357545,413.2,3446.094497,72.214709,0.9983,132.303388,122.552703
2024-01-31T08:00:00,2024-01-31T09:00:00,DK2,547.099386,65.759182,174.218654,12.599027,20.2264,834.599502,0.838261,388.246888,0.0,7.727373,0.753125,74.330428,36.800308,2.09557,,1004.4465,-682.721,,,-419.3,2067.719606,47.795252,14.378,80.404364,11.93888
2024-01-31T07:00:00,2024-01-31T08:00:00,DK1,606.12734,157.719432,89.139959,18.406124,194.115396,1033.697177,7.327521,1688.361075,3.782642,0.335405,0.043487,15.83335,1.687102,3e-06,211.736,229.638,-601.2587,0.0,-689.711645,500.3,3467.279668,76.487554,0.364,131.767585,181.55505
2024-01-31T07:00:00,2024-01-31T08:00:00,DK2,516.37935,63.484595,188.095462,7.939339,20.7799,828.787737,0.645777,317.511428,0.0,0.788153,0.074811,16.093752,5.505298,2.2297,,1253.597516,-684.422984,,,-508.1,2029.389834,46.725939,14.427984,78.272977,11.38521
2024-01-31T06:00:00,2024-01-31T07:00:00,DK1,563.292699,161.482359,88.889528,17.174157,191.173562,1035.410903,5.75597,1473.2658,3.808864,0.114886,0.014083,0.181861,0.0,4e-06,373.0307,261.89,-792.2334,0.0,-410.740417,399.5,3372.011559,72.291044,0.3693,125.467783,187.453018
2024-01-31T06:00:00,2024-01-31T07:00:00,DK2,447.582622,63.589411,187.293708,6.345481,25.3728,879.499278,0.777905,333.256937,0.0,0.141675,0.016624,0.01752,0.0,2.40447,,1091.603,-674.456016,,,-405.4,1958.045415,47.687441,14.282016,76.927316,17.57854
2024-01-31T05:00:00,2024-01-31T06:00:00,DK1,491.679263,159.474933,87.617408,19.117301,144.697021,954.076585,5.566636,1478.04194,3.82793,0.106591,0.017431,0.124553,0.0,3e-06,276.6333,205.218,-826.278,0.0,-601.988734,575.1,2973.032161,72.678728,0.4377,112.808913,138.450652
2024-01-31T05:00:00,2024-01-31T06:00:00,DK2,374.356107,61.919719,182.152008,6.300959,28.9768,874.055464,0.826581,378.991263,0.0,0.142808,0.018068,0.003257,0.0,2.21703,,1086.456,-668.751008,,,-584.9,1742.765056,48.314585,14.365008,70.707484,26.05138
2024-01-31T04:00:00,2024-01-31T05:00:00,DK1,408.968295,141.256287,86.883921,19.154014,131.601935,993.190398,6.139105,1624.638255,3.84789,0.072353,0.013521,0.217357,0.0,1e-06,-135.2675,-111.087,-338.5982,0.0,-690.683706,587.8,2728.146926,63.682714,7.2105,107.374858,215.305947
2024-01-31T04:00:00,2024-01-31T05:00:00,DK2,375.542168,51.476391,177.307289,7.126647,26.5697,891.591967,0.999976,403.327613,0.0,0.096971,0.013262,0.129456,0.0,1.52755,,895.06925,-676.983016,,,-598.1,1555.695224,47.71275,14.224016,64.383898,56.60429
2024-01-31T03:00:00,2024-01-31T04:00:00,DK1,354.556058,115.872205,86.488485,20.249578,177.615613,993.26544,8.081465,1954.878622,3.846321,0.071056,0.014217,0.212756,0.0,2e-06,-357.0671,-339.832,184.5164,0.0,-1120.353946,587.9,2670.315172,74.162253,13.9111,109.99909,222.187354
2024-01-31T03:00:00,2024-01-31T04:00:00,DK2,280.90762,33.536289,175.422375,7.196099,26.3206,913.269106,1.066642,427.369683,0.0,0.068298,0.017599,0.156326,0.0,0.51406,,900.78075,-684.889008,,,-598.1,1483.636439,51.482729,14.499008,62.773768,54.98943
2024-01-31T02:00:00,2024-01-31T03:00:00,DK1,372.918023,116.10814,88.587356,21.484276,193.662067,1029.467755,9.320572,2137.557074,3.867328,0.069804,0.017551,0.175767,0.0,2e-06,-383.4667,-217.542,82.9192,0.0,-1253.291087,587.9,2789.755128,80.916993,11.9117,117.960962,229.84958
2024-01-31T02:00:00,2024-01-31T03:00:00,DK2,218.634636,32.604037,175.844536,7.778635,22.6418,932.837921,1.028416,449.170434,0.0,0.069178,0.012773,0.018116,0.0,0.23204,,931.3965,-667.210016,,,-598.0,1507.059006,55.896014,14.262016,65.677878,53.42926
2024-01-31T01:00:00,2024-01-31T02:00:00,DK1,407.281746,114.706124,88.089128,20.231218,192.148364,1003.99321,8.191866,1833.864582,3.875013,0.052048,0.021332,0.224604,0.0,2e-06,-221.0667,-61.816,26.5014,0.0,-1255.812804,587.8,2748.285133,75.858189,7.4077,112.987153,227.579877
2024-01-31T01:00:00,2024-01-31T02:00:00,DK2,218.318367,32.960116,177.059163,7.267765,14.0601,921.829274,1.116064,467.34613,0.0,0.064809,0.009386,0.002686,0.0,0.28219,,968.15525,-661.723984,,,-598.0,1548.747316,56.757769,14.431984,70.017487,43.77911
2024-01-31T00:00:00,2024-01-31T01:00:00,DK1,413.920509,113.89935,88.358195,20.741949,218.281679,1067.127684,8.40936,1889.725802,3.880647,0.066918,0.020972,0.301248,0.0,0.0,-202.2611,-445.126,270.2571,0.0,-1250.646272,588.0,2784.958041,75.427876,15.1311,116.792904,209.710223
2024-01-31T00:00:00,2024-01-31T01:00:00,DK2,220.014623,32.861831,177.700749,7.808165,20.8997,936.202788,0.900656,424.624059,0.0,0.067248,0.012219,0.002788,0.0,0.67601,,1037.40575,-660.201984,,,-598.2,1600.774602,55.809293,15.383984,70.99636,44.94941
2024-01-30T23:00:00,2024-01-31T00:00:00,DK1,355.512675,124.130035,87.853661,21.13836,229.332734,1073.051458,9.723215,2118.426743,3.881046,0.075674,0.01976,0.300213,0.0,0.0,75.0344,-489.256,42.4543,0.0,-1452.694265,588.0,2786.984009,83.950866,10.2686,117.037293,223.075769
2024-01-30T23:00:00,2024-01-31T00:00:00,DK2,245.665861,34.309611,182.975267,8.24487,21.5694,882.815661,0.791361,427.308691,0.0,0.076265,0.009204,0.035363,0.0,1.19469,,1075.4695,-659.300992,,,-598.1,1623.064752,53.047719,14.386992,71.165936,43.22358
2024-01-30T22:00:00,2024-01-30T23:00:00,DK1,402.107269,149.159006,87.531781,19.786297,232.720132,958.275206,7.70428,1768.829651,3.886922,0.079087,0.015313,0.385681,0.0,3e-06,508.1258,-642.106,69.043,0.0,-1437.490882,587.9,2715.952546,78.855652,15.2712,111.953343,247.309443
2024-01-30T22:00:00,2024-01-30T23:00:00,DK2,354.911052,38.700044,188.740414,8.423013,24.2147,847.44115,0.725725,432.370586,0.0,0.071905,0.008507,0.00352,0.0,1.28299,,895.63625,-670.948016,,,-598.0,1523.58184,50.203234,14.376016,67.161218,16.87105
2024-01-30T21:00:00,2024-01-30T22:00:00,DK1,310.486064,148.780391,88.521112,20.276825,220.16493,973.362678,7.237962,1640.451424,4.137382,0.088052,0.016636,0.294883,0.0,0.0,1002.6024,-727.937,-22.4252,0.0,-1456.183042,588.1,2797.975497,86.440118,18.6166,112.846176,221.743306
2024-01-30T21:00:00,2024-01-30T22:00:00,DK2,458.411756,43.106232,188.881662,8.098304,23.6602,839.341653,0.617403,408.257495,0.0,0.07357,0.010905,0.002967,0.0,1.48197,,948.485,-679.117,,,-598.1,1643.212117,50.293883,14.038,71.475074,24.34678
2024-01-30T20:00:00,2024-01-30T21:00:00,DK1,353.311613,211.050081,90.524246,18.840554,222.175702,1078.862373,6.244704,1233.481135,4.157317,0.088251,0.010805,0.203191,0.0,1e-06,1077.9995,-701.69,57.5967,0.0,-1408.746503,568.5,2812.60967,82.676841,17.1845,109.21025,108.993811
2024-01-30T20:00:00,2024-01-30T21:00:00,DK2,522.940346,54.251252,187.542366,7.501309,23.1093,788.820545,0.529384,377.846444,0.0,0.089825,0.013635,0.004526,0.0,1.88678,,1043.28125,-690.968016,,,-578.1,1738.748946,45.030408,14.038016,74.170367,12.51074
2024-01-30T19:00:00,2024-01-30T20:00:00,DK1,398.937613,270.025335,90.623736,18.761325,211.140467,1081.758233,5.381586,1223.21463,4.127046,0.112487,0.009871,0.243044,0.0,3e-06,990.9958,-268.019,70.7899,0.0,-1456.626776,270.3,2911.7753,70.047112,4.8972,111.830167,104.082504
2024-01-30T19:00:00,2024-01-30T20:00:00,DK2,507.780179,61.064135,187.642616,6.446371,23.0774,840.696636,0.497115,362.535585,0.0,0.105478,0.017222,0.047694,0.0,2.08114,,824.90575,-700.245992,,,-274.2,1842.451329,45.708954,14.366992,77.39442,11.01247
2024-01-30T18:00:00,2024-01-30T19:00:00,DK1,494.885176,299.813851,92.089808,24.777791,162.15757,1011.326819,5.554204,1447.081098,4.08558,0.142308,0.017026,0.304928,0.0,1e-06,859.4999,80.584,105.2543,0.0,-1457.7556,-128.8,3001.01876,71.083872,1.0201,120.99692,78.511165
2024-01-30T18:00:00,2024-01-30T19:00:00,DK2,498.858256,60.334987,186.132311,4.471033,13.1139,849.722855,0.476258,337.97078,0.0,0.137525,0.020371,0.018925,0.0,1.93936,,604.7325,-719.128992,,,126.5,1965.300069,43.633963,14.312992,81.505739,6.18365
2024-01-30T17:00:00,2024-01-30T18:00:00,DK1,399.334655,316.153157,91.066091,25.509369,218.576764,1054.701511,6.66384,1619.173264,4.064572,0.167542,0.019929,0.303244,0.0,1.3e-05,683.2004,387.978,76.6479,0.0,-1447.076577,-233.8,3202.683674,86.649263,0.3996,131.764192,70.940861
2024-01-30T17:00:00,2024-01-30T18:00:00,DK2,520.287898,61.240153,190.396913,4.113819,7.5791,872.150417,0.407465,310.800828,0.0,0.196442,0.031625,0.044139,0.0,2.67347,,662.6365,-745.563016,,,230.5,2117.495753,45.262532,14.274016,87.622869,6.18861
2024-01-30T16:00:00,2024-01-30T17:00:00,DK1,417.791972,338.278412,89.269956,25.487222,220.541806,1080.299661,7.182195,1642.844243,4.064457,0.208747,0.0234,0.375065,0.0,8e-06,650.1032,651.449,-320.8678,0.0,-956.785094,-520.4,3329.86645,103.876611,0.3968,137.705266,44.285384
2024-01-30T16:00:00,2024-01-30T17:00:00,DK2,511.556073,63.411279,188.819764,3.411724,8.6304,822.867797,0.33103,262.034011,0.0,0.228018,0.044246,0.074412,0.0,2.30425,,442.062,-646.223,,,511.8,2171.352004,46.840806,14.196,88.853888,6.19166
2024-01-30T15:00:00,2024-01-30T16:00:00,DK1,462.417482,302.448511,87.490989,25.175603,208.240805,1068.757785,7.169798,1617.334001,4.067975,0.153925,0.023045,2.780363,0.147867,0.0,549.6014,452.201,49.9912,0.0,-1110.259664,-540.9,3186.842085,97.868724,0.3986,126.421637,92.702542
2024-01-30T15:00:00,2024-01-30T16:00:00,DK2,510.940368,63.633965,193.787776,4.136555,8.3907,695.62432,0.310807,220.665663,0.0,0.110557,0.018159,1.174101,0.081775,2.39653,,514.09325,-713.480016,,,532.0,2033.88451,40.509384,13.884016,79.497961,5.9811
2024-01-30T14:00:00,2024-01-30T15:00:00,DK1,423.939698,302.511997,87.467956,26.117737,198.833087,1071.378706,6.919908,1575.40428,4.078605,0.341308,0.049634,20.838332,5.562177,2e-06,432.3017,454.11,-12.3166,0.0,-937.134278,-542.9,3117.504249,96.833819,0.3983,123.03282,51.728492
2024-01-30T14:00:00,2024-01-30T15:00:00,DK2,485.376188,89.892538,183.468641,6.859753,6.8621,532.140203,0.277736,174.764355,0.0,0.279952,0.029761,12.262877,5.407079,1.92404,,686.24025,-753.122992,,,533.9,1966.562481,37.19095,14.096992,73.661001,5.85087
2024-01-30T13:00:00,2024-01-30T14:00:00,DK1,442.703913,296.732115,88.994061,27.020804,211.42463,1060.067047,6.992332,1523.711685,4.080039,0.789815,0.093811,41.203821,11.434363,4e-06,359.2032,517.184,44.7739,0.0,-837.932721,-553.1,3245.376819,99.558878,0.3968,123.854298,95.157686
2024-01-30T13:00:00,2024-01-30T14:00:00,DK2,524.055792,86.642583,178.300112,10.434783,3.9684,417.654277,0.20468,139.203725,0.0,1.491811,0.159943,34.433146,16.731617,2.86488,,696.41875,-681.403,,,543.9,1975.061498,34.825647,14.34,72.540971,5.82047
2024-01-30T12:00:00,2024-01-30T13:00:00,DK1,498.338612,281.425505,87.391085,25.320829,206.569461,1020.723163,6.313171,1381.56036,4.080803,2.188476,0.213757,61.468166,16.483252,2.5e-05,458.5021,332.577,251.6061,0.0,-850.140814,-542.2,3242.421052,93.395562,0.3979,123.26744,48.717164
2024-01-30T12:00:00,2024-01-30T13:00:00,DK2,520.698757,78.551188,175.19014,12.773692,4.4194,371.638758,0.19748,117.192561,0.0,2.740666,0.283832,52.679715,25.232563,2.58752,,871.66225,-763.942,,,533.2,2005.106523,34.151268,14.06,73.559785,5.19314
2024-01-30T11:00:00,2024-01-30T12:00:00,DK1,520.100571,288.744015,86.565106,28.754416,206.189168,669.097369,5.888793,1359.189681,4.08593,4.653351,0.416121,112.926583,43.746155,6.8e-05,86.4003,406.461,644.5995,0.0,-631.116622,-542.7,3294.001504,85.168816,0.5997,122.139324,87.788505
2024-01-30T11:00:00,2024-01-30T12:00:00,DK2,557.05418,79.361019,191.817301,13.228225,5.9086,338.707868,0.224925,143.2152,0.0,3.334156,0.313583,63.435691,34.211765,3.08358,,774.063,-714.198,,,533.9,2027.661093,34.470489,14.342,72.363059,5.04633
2024-01-30T10:00:00,2024-01-30T11:00:00,DK1,497.892181,311.744085,87.562345,34.355638,213.775668,668.530709,5.675865,1337.913549,4.185143,4.929949,0.445456,125.797525,46.005653,5e-06,587.6999,394.606,425.3396,0.0,-882.795313,-537.4,3326.26396,88.859861,0.4001,121.99747,39.35466
2024-01-30T10:00:00,2024-01-30T11:00:00,DK2,565.306046,57.803065,195.135235,11.986971,6.4609,235.04238,0.227078,148.780003,0.0,2.697114,0.239232,58.39998,39.032482,2.16956,,945.38575,-732.710984,,,528.7,2064.654813,34.761637,14.009984,73.545298,5.95057
2024-01-30T09:00:00,2024-01-30T10:00:00,DK1,539.260698,350.832326,91.279275,25.096051,205.593822,614.359635,4.790788,1195.573439,4.20033,3.153256,0.304761,101.337462,37.857887,8e-06,313.9994,680.949,272.4374,0.0,-917.791353,-263.0,3260.234184,72.431233,0.4006,121.699377,24.463268
2024-01-30T09:00:00,2024-01-30T10:00:00,DK2,561.512682,82.052909,190.700204,9.667143,7.7534,147.142592,0.179671,138.30808,0.0,1.290808,0.119226,37.980292,23.599352,2.35027,,971.14225,-370.668,,,259.4,2062.53088,34.807242,13.4535,73.749034,5.11451
2024-01-30T08:00:00,2024-01-30T09:00:00,DK1,606.800029,345.989989,92.944404,20.035669,175.226569,618.110653,3.772757,1053.968587,4.200363,0.921029,0.102459,47.811036,12.332567,4e-06,684.9977,681.447,128.2961,0.0,-905.897334,-387.6,3183.459581,79.862189,0.4023,116.667993,20.799592
2024-01-30T08:00:00,2024-01-30T09:00:00,DK2,574.35085,87.933324,192.233407,6.326356,0.6791,109.068864,0.102817,138.918383,0.0,0.451442,0.045232,18.716262,10.582869,2.05869,,927.563,-426.498,,,381.8,2024.332596,35.121303,9.848,74.530088,5.02957
2024-01-30T07:00:00,2024-01-30T08:00:00,DK1,613.330223,345.579037,93.158358,15.506606,139.36011,794.796031,3.75997,986.004366,4.205954,0.130622,0.017927,4.715348,0.243195,2e-06,1099.1304,404.136,-59.3389,0.0,-722.443009,-531.0,3191.29224,86.409297,0.3422,118.851695,20.193758
2024-01-30T07:00:00,2024-01-30T08:00:00,DK2,567.508351,90.165086,197.179011,2.502919,0.6389,82.829126,0.056065,111.641232,0.0,0.137351,0.01451,3.888253,1.013426,2.32856,,598.53875,-199.691,,,522.3,1981.05054,35.903106,5.447,73.434838,4.63859
2024-01-30T06:00:00,2024-01-30T07:00:00,DK1,550.693838,333.931888,95.489007,16.511339,132.648321,781.161481,2.697282,788.212484,4.2051,0.103735,0.01302,0.16052,0.0,2e-06,1416.8864,355.082,-38.5872,0.0,-798.801008,-540.0,3100.408209,89.433872,0.0,113.617803,47.165926
2024-01-30T06:00:00,2024-01-30T07:00:00,DK2,565.012209,88.063492,197.214295,1.339757,0.3856,110.073118,0.035453,90.979206,0.0,0.120552,0.01861,0.003918,0.0,2.87907,,645.4005,-336.527,,,531.1,1896.09878,34.947128,18.088,70.605824,4.11313
2024-01-30T05:00:00,2024-01-30T06:00:00,DK1,531.840548,303.684949,91.871966,15.834465,105.512883,605.599508,1.548466,547.371181,4.2216,0.100073,0.011036,0.084158,0.0,1e-06,1358.6028,694.118,-142.7789,0.0,-794.510212,-539.0,2784.112522,80.610048,0.0,102.588575,47.032331
2024-01-30T05:00:00,2024-01-30T06:00:00,DK2,571.221321,87.255108,184.27045,2.01083,1.2718,98.924022,0.024036,38.787486,0.0,0.128663,0.018643,0.003387,0.0,2.06479,,943.32075,-787.513,,,530.3,1672.088286,35.715985,14.298,62.767242,6.51667
2024-01-30T04:00:00,2024-01-30T05:00:00,DK1,513.123233,228.233712,89.515724,15.451493,66.413626,420.465727,0.492507,310.484794,4.249262,0.068778,0.00696,0.057553,0.0,1e-06,1438.0101,715.907,-471.2026,0.0,-519.903747,-334.1,2477.274123,65.791292,0.0,93.016647,100.729805
2024-01-30T04:00:00,2024-01-30T05:00:00,DK2,590.114507,59.481696,161.170487,2.0334,1.5497,96.79,0.020552,28.542702,0.0,0.076419,0.011179,0.002737,0.0,1.25999,,1160.8305,-962.797016,,,329.5,1468.586853,37.232224,14.244016,56.407167,12.3978
2024-01-30T03:00:00,2024-01-30T04:00:00,DK1,568.420473,205.024354,89.429334,13.542291,45.633429,280.377372,0.139394,181.859713,4.279701,0.04695,0.002591,0.054569,0.0,2e-06,1640.9577,715.894,-596.9071,0.0,-350.675141,-353.3,2444.779632,65.504841,0.0,89.901731,134.789053
2024-01-30T03:00:00,2024-01-30T04:00:00,DK2,469.421489,57.113758,158.436471,1.727681,0.354,69.583001,0.013658,23.655414,0.0,0.046709,0.013379,0.002716,0.0,0.47177,,1217.769984,-942.825,,,348.2,1403.98503,38.801445,14.27,54.452955,9.00941
2024-01-30T02:00:00,2024-01-30T03:00:00,DK1,613.324161,225.269361,89.295701,13.105297,42.874575,208.534831,0.090731,128.412411,4.290332,0.041564,0.002026,0.033907,0.0,1e-06,1654.5919,716.076,-281.8661,0.0,-550.151014,-479.1,2384.825684,68.584279,0.0,91.475733,69.619788
2024-01-30T02:00:00,2024-01-30T03:00:00,DK2,447.113516,52.794365,152.943555,1.37927,0.0965,70.361128,0.017749,44.677183,0.0,0.046574,0.0068,0.002686,0.0,0.15176,,1062.0585,-871.000992,,,471.7,1432.348594,36.505145,14.278992,56.244007,10.6168
2024-01-30T01:00:00,2024-01-30T02:00:00,DK1,644.396809,232.754478,88.100646,14.101431,23.081611,98.803844,0.057092,91.018882,4.292924,0.037009,0.007196,0.022888,0.0,2e-06,1654.4568,715.889,-376.6126,0.0,-712.479089,-93.1,2384.828923,58.022663,0.0,92.116464,51.256181
2024-01-30T01:00:00,2024-01-30T02:00:00,DK2,427.300892,53.059867,155.594701,1.259863,0.6217,70.761176,0.022655,52.032034,0.0,0.041599,0.006276,0.002686,0.0,0.20452,,1093.054,-482.332,,,91.5,1463.129969,34.409516,13.758,58.304414,14.97335
2024-01-30T00:00:00,2024-01-30T01:00:00,DK1,589.083376,269.855677,88.581291,17.710664,5.923944,73.525787,0.035224,83.908659,4.293967,0.048039,0.013561,0.0225,0.0,0.0,1654.4554,715.944,-483.3621,0.0,-531.140832,-91.4,2397.499157,57.37719,0.0,93.802542,46.62094
2024-01-30T00:00:00,2024-01-30T01:00:00,DK2,390.089813,57.673248,176.591952,1.629616,1.4205,89.590536,0.020505,35.751674,0.0,0.037229,0.0085,0.002939,0.0,0.51695,,1244.572,-584.935984,,,89.5,1502.469478,36.440432,13.715984,60.074711,10.16605
2024-01-29T23:00:00,2024-01-30T00:00:00,DK1,558.804595,239.056815,86.043209,16.708001,19.973445,112.865626,0.029165,82.912899,4.284497,0.054571,0.006998,0.019975,0.0,2e-06,1654.4068,715.824,-368.7321,0.0,-393.497081,-266.5,2462.261417,62.358445,0.0,92.639672,64.047007
2024-01-29T23:00:00,2024-01-30T00:00:00,DK2,368.298701,53.451192,165.191389,1.953431,1.6788,80.901958,0.018871,35.041357,0.0,0.055284,0.009677,0.002969,0.0,1.51854,,1094.3615,-566.100992,,,262.7,1499.082677,35.358037,13.678492,58.912999,11.69155
2024-01-29T22:00:00,2024-01-29T23:00:00,DK1,671.550579,298.076183,87.712085,26.326431,31.663999,137.234772,0.04102,78.512779,4.289491,0.069717,0.005735,0.0315,0.0,1e-06,1654.7138,715.714,-677.8753,0.0,-199.122638,-345.2,2483.744154,64.121117,0.0,92.476746,38.708345
2024-01-29T22:00:00,2024-01-29T23:00:00,DK2,340.405549,59.395412,191.937524,2.177613,0.4142,132.028844,0.024494,43.380516,0.0,0.079003,0.012196,0.002927,0.0,1.8304,,727.9345,-308.643,,,340.4,1531.380178,33.739078,7.08,58.518103,20.72136
2024-01-29T21:00:00,2024-01-29T22:00:00,DK1,716.547879,323.4615,88.539734,25.261307,17.61998,103.046359,0.073521,65.088031,4.281911,0.082488,0.003693,0.06835,0.0,3e-06,1654.578,715.516,-586.4049,0.0,-211.319831,-318.2,2598.244025,64.79698,0.0,95.294864,37.104368
2024-01-29T21:00:00,2024-01-29T22:00:00,DK2,260.001981,99.274932,195.839169,3.116986,0.1423,134.398358,0.035046,66.227727,0.0,0.084385,0.013234,0.003403,0.0,1.49918,,768.12,-227.614,,,313.8,1614.942701,31.852919,12.67,63.157022,14.01337
2024-01-29T20:00:00,2024-01-29T21:00:00,DK1,884.279704,414.507598,102.257769,24.367437,23.591938,72.341399,0.091522,55.129504,4.283985,0.085111,0.005012,0.113257,0.0,1e-06,1654.412,714.61,-900.2265,0.0,-290.408836,-95.9,2663.540901,63.468674,0.0,100.252608,23.0816
2024-01-29T20:00:00,2024-01-29T21:00:00,DK2,262.864851,113.329871,210.203242,2.482752,0.9554,241.00721,0.039191,79.798579,0.0,0.122639,0.015419,0.0052,0.0,1.95492,,1293.014484,-567.596,,,94.0,1732.197758,33.676015,20.636,68.735386,5.43926
2024-01-29T19:00:00,2024-01-29T20:00:00,DK1,899.937381,383.625706,94.941774,23.082444,29.765788,55.138332,0.145823,53.851353,4.293354,0.104484,0.008711,0.10723,0.0,1e-06,1645.0702,699.408,-1280.1414,0.0,52.032292,157.9,2819.271473,62.668575,0.0,104.98783,22.445427
2024-01-29T19:00:00,2024-01-29T20:00:00,DK2,282.701987,138.148539,200.295542,2.385559,0.7772,321.004991,0.052667,103.988236,0.0,0.161525,0.019627,0.004699,0.0,2.18761,,1424.601484,-476.572,,,-160.1,1839.657666,37.426545,12.634,72.082883,6.98977
2024-01-29T18:00:00,2024-01-29T19:00:00,DK1,822.369424,421.346947,99.161865,22.909881,16.111455,54.434092,0.154341,60.32768,4.297173,0.14135,0.012039,0.121653,0.0,4e-06,1521.904,654.639,-1158.5479,0.0,340.859867,126.5,2986.742871,58.042069,0.0,111.375833,30.407072
2024-01-29T18:00:00,2024-01-29T19:00:00,DK2,526.670401,139.568715,200.055165,3.761048,1.8911,311.063121,0.071635,108.475958,0.0,0.238075,0.027976,0.005748,0.0,3.03966,,1000.4415,-204.291,,,-128.5,1962.519102,34.976512,5.023,77.362936,9.80455
2024-01-29T17:00:00,2024-01-29T18:00:00,DK1,925.267195,425.272066,100.249838,22.596986,15.964642,27.212691,0.158209,61.350577,4.288987,0.202683,0.015989,0.134353,0.0,1.2e-05,1636.039,637.626,-1347.3593,0.0,322.57428,337.6,3169.194208,65.132544,0.0,122.15198,25.762962
2024-01-29T17:00:00,2024-01-29T18:00:00,DK2,619.680248,139.250196,198.702468,4.493002,2.6449,341.131636,0.076875,92.503489,0.0,0.337778,0.059056,0.006548,0.0,2.60828,,1240.429774,-199.453,,,-342.2,2100.27125,37.775411,5.5715,83.453976,9.11958
2024-01-29T16:00:00,2024-01-29T17:00:00,DK1,986.296196,419.658549,97.824666,22.304589,18.80255,20.047022,0.139935,47.491149,4.296603,0.235477,0.024171,0.108467,0.0,1.2e-05,1635.4417,649.81,-1487.1862,0.0,587.19239,305.6,3308.087276,61.101721,0.0,133.164741,19.603852
2024-01-29T16:00:00,2024-01-29T17:00:00,DK2,628.965572,138.816191,198.246777,5.082364,2.2093,322.051979,0.067137,70.462623,0.0,0.383741,0.061093,0.006563,0.0,2.67338,,1115.312,-25.655,,,-309.8,2148.88372,37.233929,3.728,84.506378,7.72206
2024-01-29T15:00:00,2024-01-29T16:00:00,DK1,870.2485,404.298637,90.912979,22.533387,16.863339,9.589425,0.102259,40.104604,4.291667,0.232352,0.02337,6.540372,0.949702,0.0,1564.3873,684.167,-718.5414,0.0,155.959922,-63.8,3088.863415,56.858197,0.0,119.948409,19.712069
2024-01-29T15:00:00,2024-01-29T16:00:00,DK2,605.356675,140.446665,193.125024,5.299838,0.7713,364.657016,0.07955,43.364428,0.0,0.338053,0.038242,4.920047,4.40917,2.90254,,700.73625,-151.488,,,62.0,1976.956798,33.762566,16.266,74.925175,7.9203
2024-01-29T14:00:00,2024-01-29T15:00:00,DK1,896.203907,348.490698,89.639753,27.283202,15.018567,24.716582,0.141001,43.621791,4.296483,3.007473,0.292002,57.742466,14.755021,3e-06,1648.043,704.03,-283.5419,0.0,-554.875905,0.9,3039.764144,54.747613,0.0,117.697634,15.515373
2024-01-29T14:00:00,2024-01-29T15:00:00,DK2,584.644418,130.916909,188.8033,8.154577,0.6987,329.776896,0.105642,38.368691,0.0,2.528825,0.254171,36.744637,32.056831,2.86584,,1158.6125,-587.668008,,,-2.0,1924.863928,35.044949,23.993508,67.94733,8.32849
2024-01-29T13:00:00,2024-01-29T14:00:00,DK1,613.612367,312.782992,86.772158,34.284435,13.784266,108.869475,0.41857,93.248633,4.293659,9.679596,0.905078,145.587866,20.142885,9e-06,1653.2854,714.645,111.7024,0.0,-803.244539,33.5,3154.270249,55.320561,0.0,118.099038,41.876223
2024-01-29T13:00:00,2024-01-29T14:00:00,DK2,561.736284,127.031781,179.787558,11.634966,0.371,293.281719,0.176046,51.910848,0.0,10.989311,1.121319,92.927168,57.851906,3.13451,,1263.048476,-664.593992,,,-35.3,1955.1089,34.732194,14.484992,67.508393,10.53648
2024-01-29T12:00:00,2024-01-29T13:00:00,DK1,522.37592,280.05825,85.199761,36.757071,7.678897,214.575844,0.478036,130.400752,4.279154,13.912137,1.238307,224.524399,47.457752,2.2e-05,1652.2475,714.989,511.4061,0.0,-1128.820836,-59.6,3259.158066,51.162043,0.0,120.559583,36.721237
2024-01-29T12:00:00,2024-01-29T13:00:00,DK2,605.183049,124.891898,177.771746,17.127471,0.7179,323.465124,0.253089,70.526896,0.0,27.935027,3.046792,162.469607,84.061577,2.66566,,1093.62825,-764.658976,,,57.9,1986.985113,32.202369,14.358976,67.32972,11.55948
2024-01-29T11:00:00,2024-01-29T12:00:00,DK1,441.166627,253.698362,85.321722,35.870751,16.656556,149.829434,0.47193,191.046475,4.279772,13.336354,1.212909,210.866453,37.548222,9e-06,1652.4333,713.991,74.7102,0.0,-817.746901,209.8,3274.493175,54.523742,0.0,117.515114,74.900833
2024-01-29T11:00:00,2024-01-29T12:00:00,DK2,581.923601,97.039725,188.208402,18.885933,1.227,421.451278,0.324223,100.097101,0.0,35.450902,3.999031,176.119595,83.4086,2.78492,,1265.842008,-743.199984,,,-212.6,2020.962338,35.845862,14.291984,67.68842,11.61322
2024-01-29T10:00:00,2024-01-29T11:00:00,DK1,431.034591,260.569037,86.241372,33.278188,17.458514,149.747768,0.561849,217.096435,4.281766,16.66629,1.612192,216.512123,28.574345,5e-06,1650.1295,700.232,654.6699,0.0,-1255.819056,156.7,3369.546818,53.992828,0.0,122.225506,88.951499
2024-01-29T10:00:00,2024-01-29T11:00:00,DK2,597.93552,96.888896,187.391572,18.157007,1.974,552.760047,0.354621,149.776976,0.0,28.809586,3.043204,177.474327,93.867508,2.45999,,1063.5065,-741.219,,,-158.9,2074.280752,35.621597,14.308,70.919017,13.98089
2024-01-29T09:00:00,2024-01-29T10:00:00,DK1,493.319758,280.690711,87.211364,31.280702,32.619094,207.813259,0.776914,283.68419,4.266532,14.105057,1.170515,202.962997,16.98345,1.1e-05,1652.2781,714.312,293.4456,0.0,-1229.679419,281.5,3368.740835,56.640149,0.0,118.591548,84.433026
2024-01-29T09:00:00,2024-01-29T10:00:00,DK2,621.278577,97.937086,188.564439,16.692236,3.689,671.39941,0.381052,187.258137,0.0,20.507332,2.113504,130.917138,63.448875,2.50576,,1089.891,-727.967,,,-285.4,2083.216546,38.350609,14.314,74.578838,19.35581
2024-01-29T08:00:00,2024-01-29T09:00:00,DK1,568.095675,324.489049,96.911549,26.952396,58.877485,368.04759,1.034049,484.670442,4.277909,4.963811,0.366922,83.816038,18.935553,1e-05,1652.5463,715.376,248.0595,0.0,-1347.576652,69.1,3378.943625,58.29565,0.0,124.533763,85.406466
2024-01-29T08:00:00,2024-01-29T09:00:00,DK2,615.964341,97.793423,188.767356,11.15167,7.379,696.793377,0.397083,262.583547,0.0,7.911309,0.722433,75.032198,39.768623,2.41912,,766.979,-604.348992,,,-70.5,2098.813489,41.076045,14.434992,78.464094,21.86409
2024-01-29T07:00:00,2024-01-29T08:00:00,DK1,540.139879,501.62613,110.947469,25.829295,88.63833,560.150849,2.275571,788.643479,4.280673,0.401427,0.040056,12.602055,0.652177,4e-06,1624.699,696.697,-1015.5345,0.0,-1009.661801,391.1,3323.527093,77.029143,0.0,122.077151,51.857063
2024-01-29T07:00:00,2024-01-29T08:00:00,DK2,600.42058,96.311958,188.020392,7.279174,9.4487,820.214181,0.429167,316.940923,0.0,0.727495,0.068487,13.353667,5.867746,2.67965,,1112.106742,-705.020008,,,-396.7,2072.148855,45.844165,14.451008,81.510295,20.03974
2024-01-29T06:00:00,2024-01-29T07:00:00,DK1,422.798062,277.778183,93.211041,18.71273,119.480158,712.286372,3.668411,1083.940028,4.298883,0.111607,0.014303,0.190076,0.0,4e-06,1204.825,424.447,-564.7714,0.0,-804.84,402.7,3398.850458,64.093874,0.0856,120.70008,206.498495
2024-01-29T06:00:00,2024-01-29T07:00:00,DK2,549.288606,58.338697,190.771859,7.761272,9.8519,880.469328,0.537453,344.698793,0.0,0.123908,0.019149,0.049232,0.0,2.58815,,1061.67425,-703.780008,,,-408.6,1993.792589,49.497119,14.153008,81.581201,12.72105
2024-01-29T05:00:00,2024-01-29T06:00:00,DK1,327.063409,227.420723,82.575159,21.029267,142.54149,863.06248,5.128699,1390.77428,4.294749,0.1095,0.013402,0.149876,0.0,5e-06,757.8561,150.621,-612.9929,0.0,-800.725934,575.8,3134.721305,70.448576,0.5089,113.469025,262.677757
2024-01-29T05:00:00,2024-01-29T06:00:00,DK2,540.75275,40.460104,186.942583,7.664923,10.278,889.714523,0.594958,359.567217,0.0,0.142395,0.016568,0.004337,0.0,2.18434,,1040.129,-704.083,,,-585.5,1788.868698,50.683632,14.45,73.645185,42.25404
2024-01-29T04:00:00,2024-01-29T05:00:00,DK1,312.408144,116.266965,78.398893,17.402458,143.309904,947.24074,6.289327,1644.74925,4.296131,0.077338,0.01284,0.120002,0.0,3e-06,310.6543,-39.852,-566.6132,0.0,-800.852038,581.8,2755.709057,71.290286,1.8267,104.751023,281.96422
2024-01-29T04:00:00,2024-01-29T05:00:00,DK2,428.791225,34.750378,100.433799,8.153165,9.3438,877.330238,0.6418,364.730678,0.0,0.083298,0.012185,0.004273,0.0,1.05955,,1027.687,-693.793992,,,-591.7,1567.527397,48.818216,14.406992,67.230765,49.15626
2024-01-29T03:00:00,2024-01-29T04:00:00,DK1,310.510813,90.662211,80.7434,17.241953,160.522721,989.652615,7.330854,1843.960448,4.297018,0.076327,0.00847,0.121931,0.0,3e-06,-137.2443,-182.548,-97.9597,0.0,-800.882189,493.5,2779.994575,69.399186,7.9823,109.128388,318.448147
2024-01-29T03:00:00,2024-01-29T04:00:00,DK2,342.588718,34.669728,55.274402,8.097871,9.5289,885.705992,0.649625,364.359093,0.0,0.054494,0.010878,0.002978,0.0,0.42029,,961.621,-680.124008,,,-501.3,1481.559961,48.848133,14.337008,64.026945,52.791
2024-01-29T02:00:00,2024-01-29T03:00:00,DK1,338.080947,86.769896,80.903317,17.849771,175.503139,1005.075712,8.055715,2035.978696,4.30058,0.076951,0.012015,0.079894,0.0,5e-06,-580.3436,-110.261,87.679,0.0,-801.012791,448.5,2797.248247,71.92534,14.7186,112.558757,313.833458
2024-01-29T02:00:00,2024-01-29T03:00:00,DK2,317.263413,34.351032,55.102869,7.273158,9.228,820.348151,0.600851,346.594501,0.0,0.055119,0.008333,0.00331,0.0,0.19161,,1043.864,-677.281,,,-455.4,1502.203347,44.536651,14.376,64.636644,52.91696
2024-01-29T01:00:00,2024-01-29T02:00:00,DK1,339.298505,88.01147,81.332699,18.210585,202.864825,1048.858737,8.611934,2206.828565,4.307255,0.080219,0.018763,0.054654,0.0,1e-06,-868.042,-195.852,184.3044,0.0,-800.349028,494.9,2813.439584,83.63772,23.728,120.377427,319.364322
2024-01-29T01:00:00,2024-01-29T02:00:00,DK2,331.837193,34.191573,54.669348,7.586979,10.3227,827.568522,0.639998,352.340382,0.0,0.045538,0.006558,0.002696,0.0,0.21731,,1124.98075,-674.232992,,,-502.7,1567.476555,45.65152,14.210992,68.599006,50.31079
2024-01-29T00:00:00,2024-01-29T01:00:00,DK1,392.276512,88.899765,80.217464,18.104391,223.446553,1052.095643,9.046642,2299.35553,4.318682,0.098473,0.026788,0.041453,0.0,0.0,-918.7384,-325.165,205.2989,0.0,-772.839068,578.7,2935.184328,85.401509,27.5374,126.991698,325.048247
2024-01-29T00:00:00,2024-01-29T01:00:00,DK2,335.298673,33.656156,54.963011,7.984505,7.993,812.977102,0.662861,361.407291,0.0,0.046421,0.007525,0.003018,0.0,0.44439,,1275.793258,-674.574,,,-588.5,1628.163211,47.312189,14.1,71.904333,47.53445
2024-01-28T23:00:00,2024-01-29T00:00:00,DK1,359.785096,90.89159,80.682737,18.654051,227.721779,1060.394932,9.080553,2366.545568,4.321971,0.098711,0.023302,0.078967,0.0,3e-06,-905.4394,-367.402,262.0434,0.0,-752.975693,502.6,2957.105567,84.860427,27.7564,124.866646,335.74346
2024-01-28T23:00:00,2024-01-29T00:00:00,DK2,333.432735,34.312366,56.483999,8.584217,14.5744,811.015172,0.695485,357.275675,0.0,0.062302,0.009639,0.002699,0.0,1.13519,,1206.449484,-675.926,,,-510.6,1637.507363,45.755716,14.378,70.628815,49.78882
2024-01-28T22:00:00,2024-01-28T23:00:00,DK1,388.359119,115.880959,79.714704,18.580004,223.77928,1061.128054,9.128183,2390.131111,4.323826,0.11493,0.025702,0.07306,0.0,3e-06,-825.3389,-456.386,376.7892,0.0,-1183.965968,582.1,2784.437267,89.7636,27.4089,120.632973,270.861779
2024-01-28T22:00:00,2024-01-28T23:00:00,DK2,392.564017,33.747703,68.926355,8.673511,11.568,836.129788,0.734794,367.893679,0.0,0.070502,0.013439,0.002833,0.0,1.21453,,1170.084016,-678.353008,,,-592.0,1621.270159,47.235905,14.271008,68.147065,71.16378
2024-01-28T21:00:00,2024-01-28T22:00:00,DK1,427.115655,121.598603,80.950911,18.193568,226.667842,1060.664662,9.043776,2383.720087,4.322766,0.135143,0.029989,0.091115,0.0,3e-06,-559.3165,65.965,-278.5744,0.0,-1290.286608,588.0,2858.321612,93.414793,13.1965,123.359783,255.4865
2024-01-28T21:00:00,2024-01-28T22:00:00,DK2,440.952333,34.461069,140.911578,9.447554,14.9514,830.752525,0.762619,390.796461,0.0,0.081368,0.014975,0.006327,0.0,1.29592,,1104.4195,-678.509016,,,-598.1,1692.244613,46.998529,14.126016,72.490687,68.62331
2024-01-28T20:00:00,2024-01-28T21:00:00,DK1,426.321009,122.246132,81.003199,18.995479,227.196899,1057.265708,8.727807,2355.204074,4.330746,0.153408,0.030384,0.09113,0.0,5e-06,-764.7159,40.142,-16.5712,0.0,-1337.671983,588.0,2810.748897,90.213269,17.9819,125.199246,157.649182
2024-01-28T20:00:00,2024-01-28T21:00:00,DK2,450.103281,36.041401,165.242166,8.683367,18.4889,813.240807,0.771168,412.8752,0.0,0.110163,0.013947,0.004542,0.0,1.71313,,1147.530242,-672.602984,,,-598.1,1784.11533,45.996465,14.387984,77.651748,65.44336
2024-01-28T19:00:00,2024-01-28T20:00:00,DK1,432.868897,132.166859,87.040678,19.058267,228.987166,1056.880806,8.546484,2322.30162,4.337073,0.172775,0.027394,0.096331,0.0,4e-06,-624.8367,-165.601,-91.8844,0.0,-1215.40796,588.0,2782.754294,89.667843,16.1707,125.569071,110.606246
2024-01-28T19:00:00,2024-01-28T20:00:00,DK2,496.031343,43.82119,174.874965,9.346315,19.2043,885.625281,0.839566,425.362481,0.0,0.164572,0.020252,0.004477,0.0,1.84514,,1042.2805,-662.636008,,,-598.1,1838.684374,51.654574,14.177008,80.275051,34.58518
2024-01-28T18:00:00,2024-01-28T19:00:00,DK1,517.928524,142.460404,86.423802,19.375864,227.028625,1056.084441,8.282252,2314.121305,4.334432,0.203454,0.029397,0.081333,0.0,4e-06,-331.6273,319.016,-568.585,0.0,-1452.769802,574.0,2916.387735,96.66429,7.1873,129.250975,112.773454
2024-01-28T18:00:00,2024-01-28T19:00:00,DK2,526.399103,44.005045,178.149101,8.980452,20.3685,900.807368,0.705834,413.048078,0.0,0.202847,0.021934,0.006104,0.0,1.86547,,1065.931,-671.722984,,,-583.6,1905.167852,51.952914,14.129984,83.056558,34.52011
2024-01-28T17:00:00,2024-01-28T18:00:00,DK1,549.516639,164.549926,86.342852,18.32092,215.809542,1058.824476,7.873721,2257.014417,4.333719,0.266832,0.038041,0.083645,0.0,1.2e-05,54.1679,551.422,-817.3212,0.0,-1457.851277,355.5,3048.892165,97.478816,0.9541,134.52598,108.238774
2024-01-28T17:00:00,2024-01-28T18:00:00,DK2,571.267067,44.13553,179.560678,8.128966,18.0216,887.631779,0.515009,368.292585,0.0,0.291133,0.034117,0.006205,0.0,2.00723,,979.8565,-692.175016,,,-360.5,2007.073383,49.537174,14.482016,87.125486,30.90147
2024-01-28T16:00:00,2024-01-28T17:00:00,DK1,553.862295,155.048906,85.30714,17.738075,211.39317,1052.018353,7.361949,2073.559891,4.335126,0.326658,0.041274,0.123591,0.0,1.2e-05,114.1689,674.624,-538.5591,0.0,-1408.98524,71.7,3074.065,91.26191,1.7501,136.409828,88.769251
2024-01-28T16:00:00,2024-01-28T17:00:00,DK2,574.391391,46.307147,194.611979,7.617282,18.117,812.370198,0.376969,309.624426,0.0,0.347058,0.051659,0.007319,0.0,2.36925,,956.2835,-777.541008,,,-73.5,2071.43417,44.571811,14.189008,89.715813,29.39569
2024-01-28T15:00:00,2024-01-28T16:00:00,DK1,554.438241,132.965827,85.466105,18.322831,195.790057,1045.187522,7.314721,1940.464287,4.33218,0.869777,0.109992,25.460538,9.513707,0.0,-843.1182,632.031,-760.7116,0.0,-64.255144,-51.2,2932.981841,79.218726,20.4292,123.839787,134.904836
2024-01-28T15:00:00,2024-01-28T16:00:00,DK2,579.862224,46.014738,200.257319,8.382851,11.9287,537.510112,0.311407,271.784885,0.0,0.614929,0.073142,11.226457,9.530672,2.35472,,1006.062,-835.949008,,,49.7,1899.665148,35.463984,14.129008,79.75179,34.22923
2024-01-28T14:00:00,2024-01-28T15:00:00,DK1,433.299742,111.124515,81.072966,28.994465,196.356871,1046.167516,7.589248,1842.195947,4.338698,20.315626,2.06093,203.622876,65.291275,1.4e-05,-976.526,599.844,46.7518,0.0,-714.745716,12.1,3009.854772,75.507148,24.463,113.225636,307.322127
2024-01-28T14:00:00,2024-01-28T15:00:00,DK2,565.589382,46.98534,195.054265,12.081543,6.2322,416.773613,0.333233,213.249997,0.0,3.479911,0.409523,50.477512,38.956829,2.30255,,1146.24425,-866.003992,,,-13.1,1819.066158,33.653342,14.254992,70.575209,30.69134
2024-01-28T13:00:00,2024-01-28T14:00:00,DK1,364.541596,85.567745,80.412646,40.114868,184.491067,1037.562957,8.20211,1803.346771,4.321822,45.831425,5.058511,453.920052,183.685501,4e-05,-1626.5459,-179.092,1276.5361,0.0,-729.367619,208.5,3247.087697,75.728608,61.9859,114.106596,375.926072
2024-01-28T13:00:00,2024-01-28T14:00:00,DK2,535.904414,46.784094,172.939043,17.248383,4.3196,384.979,0.443729,185.567681,0.0,13.411762,1.680134,100.453731,52.775558,2.35031,,1158.060742,-663.109008,,,-211.3,1802.509175,34.071354,14.257008,67.176009,34.43299
2024-01-28T12:00:00,2024-01-28T13:00:00,DK1,298.472917,85.361446,80.10222,43.245103,187.678436,1027.16748,7.89463,1750.388956,4.31799,45.375851,5.193096,483.972778,215.775269,3.5e-05,-1540.4935,-529.454,2243.2994,0.0,-729.033853,10.4,3689.664254,92.320908,57.7805,116.491546,507.143038
2024-01-28T12:00:00,2024-01-28T13:00:00,DK2,536.851048,46.968609,133.687775,23.493905,5.1871,358.296288,0.528955,218.8931,0.0,29.938864,4.002942,165.193504,66.35006,2.18697,,643.2895,-396.698,,,-12.0,1826.170623,32.369408,9.1505,67.854958,36.27236
2024-01-28T11:00:00,2024-01-28T12:00:00,DK1,334.26073,87.170336,78.005486,45.078833,201.437721,1034.556952,7.81377,1665.685367,4.306939,46.067551,5.264736,418.980832,118.527718,1.8e-05,-1212.8209,-355.933,1138.1224,41.66,-729.10914,518.9,3447.976351,81.675564,39.7919,113.095197,520.086383
2024-01-28T11:00:00,2024-01-28T12:00:00,DK2,434.37265,44.412764,128.385592,24.331739,6.8576,428.104821,0.543062,244.487524,0.0,29.854948,4.086676,189.964671,106.217583,2.59371,,1037.81975,-267.326,,,-527.2,1887.507086,38.792331,5.188,69.657824,31.20049
2024-01-28T10:00:00,2024-01-28T11:00:00,DK1,343.2491,87.608107,79.441883,43.99354,203.82345,1018.098201,7.610146,1580.91805,4.288789,43.866942,4.843567,411.991096,118.464111,2.1e-05,-912.1987,-420.846,985.678,471.499,-729.09607,92.7,3435.93323,68.459606,38.8547,114.617387,516.59612
2024-01-28T10:00:00,2024-01-28T11:00:00,DK2,390.378994,47.621608,132.569722,23.788024,2.7938,449.159209,0.442053,197.385839,0.0,25.424311,3.448115,171.333511,100.365623,2.35431,,824.07325,-388.896,,,-94.6,1887.642366,37.78498,8.046,68.826376,34.29564
2024-01-28T09:00:00,2024-01-28T10:00:00,DK1,370.009542,93.858836,80.549645,36.829206,208.264285,1011.089726,7.029197,1548.207583,4.280601,29.53203,3.148921,336.565407,79.382187,1.3e-05,-373.4862,-322.894,797.6749,-62.704,-721.846197,143.2,3268.691681,65.549587,16.1532,113.63283,418.378891
2024-01-28T09:00:00,2024-01-28T10:00:00,DK2,445.182264,46.305562,155.196097,18.799843,3.6335,373.517539,0.296861,153.779401,0.0,15.614885,1.970657,135.356338,71.018501,1.9861,,921.38125,-345.09,,,-145.3,1853.648796,34.51613,12.3115,69.152579,32.0718
2024-01-28T08:00:00,2024-01-28T09:00:00,DK1,412.415353,118.870803,82.923563,26.169117,177.724555,922.259573,6.276269,1459.427113,4.250687,8.247538,0.810924,141.527549,40.165051,1.2e-05,156.8303,241.351,21.8901,-514.683,-384.692591,57.6,2979.363917,66.342985,14.7207,113.433866,267.135807
2024-01-28T08:00:00,2024-01-28T09:00:00,DK2,542.199069,46.072332,190.524654,12.436801,3.2764,304.228834,0.18022,124.105008,0.0,4.878064,0.514979,68.3407,42.574078,1.95811,,1145.313758,-657.554,,,-59.3,1769.749007,34.172632,14.689508,68.260646,20.00754
2024-01-28T07:00:00,2024-01-28T08:00:00,DK1,539.080695,128.549063,84.124257,18.224154,163.860719,846.487523,6.036024,1439.633042,4.213682,0.457601,0.05372,17.137113,2.510935,1e-06,643.619,680.557,-1184.2522,-139.29,-320.549133,-145.4,2785.053196,83.596617,4.341,110.108307,208.402937
2024-01-28T07:00:00,2024-01-28T08:00:00,DK2,542.127151,46.032934,189.637138,8.730659,3.5223,275.280022,0.097711,104.842722,0.0,0.276605,0.025529,8.551398,4.169282,1.35611,,1189.576734,-878.537992,,,143.1,1638.788303,34.160183,14.272992,64.752197,20.48608
2024-01-28T06:00:00,2024-01-28T07:00:00,DK1,566.619998,135.059591,82.650764,16.585818,148.887732,880.116531,6.319778,1344.461464,4.221457,0.107212,0.013449,0.117024,0.0,3e-06,989.3191,716.122,-1420.1955,-423.401,-337.135832,-99.1,2610.769589,94.297163,10.3819,103.106196,234.053349
2024-01-28T06:00:00,2024-01-28T07:00:00,DK2,462.849942,44.913671,193.22683,7.678165,7.2534,203.815339,0.112457,109.038059,0.0,0.113535,0.013281,0.005561,0.0,1.26679,,1208.67675,-811.791,,,97.5,1524.67278,34.953669,14.33,60.171564,22.26313
2024-01-28T05:00:00,2024-01-28T06:00:00,DK1,519.489898,135.516107,81.824052,16.138001,166.824259,934.754364,6.366607,1359.895673,4.230304,0.104178,0.010035,0.07491,0.0,1e-06,1419.6843,716.176,-1937.7962,-629.812,-193.63928,-32.2,2567.641209,116.960208,17.8019,97.710082,239.384571
2024-01-28T05:00:00,2024-01-28T06:00:00,DK2,401.075878,42.748406,200.689365,7.499599,8.4148,205.767589,0.145225,121.287401,0.0,0.114645,0.013889,0.002964,0.0,0.67239,,1131.45875,-720.180008,,,30.1,1429.810893,32.790541,14.439008,57.211953,23.16013
2024-01-28T04:00:00,2024-01-28T05:00:00,DK1,484.453237,118.7851,81.526981,15.983457,157.239042,916.162687,6.003809,1315.02953,4.225479,0.066606,0.01199,0.048052,0.0,3e-06,1634.192,716.102,-2257.4512,-480.223,-182.653906,7.2,2536.701867,115.856563,12.103,97.89713,236.581253
2024-01-28T04:00:00,2024-01-28T05:00:00,DK2,473.101569,42.834377,182.749378,7.771321,6.9022,253.539108,0.187956,147.05448,0.0,0.062057,0.00868,0.003318,0.0,0.30422,,1098.35375,-791.646992,,,-8.0,1413.225422,31.212607,14.600992,57.377501,45.8024
2024-01-28T03:00:00,2024-01-28T04:00:00,DK1,461.18459,115.969368,80.843636,16.568326,141.227628,950.744269,5.977051,1294.416215,4.229066,0.056903,0.006268,0.062989,0.0,3e-06,1621.3531,716.042,-2168.3507,-698.097,-73.648746,109.1,2577.684966,113.15897,20.657,97.347139,245.196796
2024-01-28T03:00:00,2024-01-28T04:00:00,DK2,480.35531,47.563557,189.48507,8.438132,6.3937,232.612158,0.224174,175.365661,0.0,0.043312,0.007328,0.003954,0.0,0.27991,,1249.212992,-862.470992,,,-110.9,1416.614266,35.475578,14.406992,57.081486,41.44608
2024-01-28T02:00:00,2024-01-28T03:00:00,DK1,543.462365,113.172882,81.760512,15.835577,129.769934,897.891565,5.671332,1301.807363,4.231856,0.052099,0.006561,0.073645,0.0,3e-06,1178.162,716.07,-1375.0118,-702.166,-352.667551,5.3,2563.422343,90.415827,20.8765,99.130576,254.694514
2024-01-28T02:00:00,2024-01-28T03:00:00,DK2,358.504492,44.719981,179.433029,9.281678,3.8671,277.008951,0.305729,211.570002,0.0,0.050001,0.007019,0.002636,0.0,0.5662,,1242.624234,-854.825992,,,-7.1,1466.01506,35.874914,14.430992,60.111783,41.90749
2024-01-28T01:00:00,2024-01-28T02:00:00,DK1,571.476137,119.231518,80.95356,16.575994,158.451514,737.563011,6.348231,1434.768714,4.236331,0.050637,0.013949,0.082397,0.0,2e-06,591.6054,716.002,-871.8792,-683.512,-548.033458,207.1,2541.034737,80.102906,20.4466,102.263028,210.078998
2024-01-28T01:00:00,2024-01-28T02:00:00,DK2,424.172121,44.49285,174.315804,8.901135,7.7393,443.577295,0.353801,241.390363,0.0,0.038626,0.008201,0.002656,0.0,0.85341,,1197.602734,-818.116992,,,-209.9,1515.431304,36.163136,14.350992,63.024081,48.06944
2024-01-28T00:00:00,2024-01-28T01:00:00,DK1,520.164212,118.807795,79.613304,17.050686,183.321633,807.0239,6.967433,1601.726508,4.23364,0.065919,0.01936,0.10654,0.0,0.0,173.0163,715.748,-719.8986,-702.374,-614.978647,349.5,2540.113983,78.537102,21.3077,104.05678,200.554219
2024-01-28T00:00:00,2024-01-28T01:00:00,DK2,500.850959,44.33992,192.740325,8.454538,13.3176,548.470475,0.400019,267.90258,0.0,0.046626,0.008915,0.003311,0.0,1.1552,,1125.44325,-801.350984,,,-354.3,1547.482734,36.997781,14.183984,64.986406,45.76189
2024-01-27T23:00:00,2024-01-28T00:00:00,DK1,588.887148,132.978944,79.139323,17.084166,179.650416,822.198271,7.373478,1698.557489,4.237254,0.086593,0.013676,0.179485,0.0,0.0,106.4267,715.845,-746.1867,-702.483,-611.668935,283.2,2575.519308,83.231136,21.0763,106.037757,178.566897
2024-01-27T23:00:00,2024-01-28T00:00:00,DK2,560.227883,43.919634,195.777557,6.921831,16.971,643.934242,0.384985,266.72424,0.0,0.054724,0.008755,0.002705,0.0,1.56781,,895.5165,-793.059976,,,-287.1,1551.85189,36.299817,14.414976,64.676712,46.14394
2024-01-27T22:00:00,2024-01-27T23:00:00,DK1,417.406216,210.697068,78.885921,17.199071,182.253683,820.664665,7.550031,1791.059501,4.244415,0.088883,0.011208,0.183202,0.0,0.0,673.1982,709.308,-808.7801,-702.719,-1183.522833,431.6,2649.328131,99.516941,20.9808,106.950701,241.796717
2024-01-27T22:00:00,2024-01-27T23:00:00,DK2,557.993159,44.455872,218.31181,8.441643,13.1939,613.575238,0.338163,235.173394,0.0,0.049961,0.009957,0.003276,0.0,1.61248,,1109.5325,-808.508992,,,-437.9,1556.282361,31.967414,14.340992,67.88715,40.49433
2024-01-27T21:00:00,2024-01-27T22:00:00,DK1,430.738052,208.218922,82.558383,16.936356,177.904467,868.902609,7.318786,1820.268307,4.284915,0.100463,0.011527,0.197757,0.0,2e-06,816.2994,606.323,-776.582,-702.793,-1281.23145,395.4,2674.856496,95.838138,20.7236,108.97128,207.498561
2024-01-27T21:00:00,2024-01-27T22:00:00,DK2,556.82271,42.511353,226.10438,8.312318,10.3101,583.382558,0.329009,217.588794,0.0,0.053771,0.012389,0.003464,0.0,1.62921,,1208.366734,-819.829008,,,-401.1,1634.497782,27.769624,14.287008,73.684211,55.83684
2024-01-27T20:00:00,2024-01-27T21:00:00,DK1,413.807814,218.685999,85.040029,16.985725,191.076925,880.367769,7.339765,1873.039956,4.45713,0.118069,0.010223,0.173188,0.0,5e-06,1080.7013,441.726,-794.5905,-702.782,-1453.739359,394.2,2656.618038,99.829838,20.7207,112.790071,134.202496
2024-01-27T20:00:00,2024-01-27T21:00:00,DK2,574.558088,40.733886,227.261729,8.567528,9.2587,613.550958,0.406585,208.800372,0.0,0.071508,0.011358,0.00339,0.0,1.61949,,1195.979734,-799.58,,,-399.8,1681.443326,31.57707,14.378,72.150946,28.59866
2024-01-27T19:00:00,2024-01-27T20:00:00,DK1,409.10973,236.869441,84.677381,16.686838,197.45853,906.880967,7.295621,1841.599783,4.468004,0.118463,0.013221,0.163683,0.0,2e-06,1254.2738,437.01,-843.205,-702.756,-1457.879404,392.7,2785.48506,100.44157,20.2322,114.994764,122.096049
2024-01-27T19:00:00,2024-01-27T20:00:00,DK2,531.217771,42.999167,226.993468,11.079994,6.9742,546.87931,0.458059,261.067719,0.0,0.095114,0.014622,0.003165,0.0,1.54151,,1294.21175,-783.684008,,,-398.4,1741.451841,37.550442,14.163008,71.415869,18.44369
2024-01-27T18:00:00,2024-01-27T19:00:00,DK1,413.74229,261.453441,84.473919,16.324886,176.751866,887.78581,6.922391,1779.767477,4.478179,0.139168,0.017562,0.118615,0.0,2e-06,1465.1893,697.364,-1018.784,-702.706,-1457.762668,280.9,2896.176238,104.006318,20.216,117.987042,107.377522
2024-01-27T18:00:00,2024-01-27T19:00:00,DK2,539.212346,43.853179,228.151358,11.388375,8.9672,614.150135,0.471335,282.471289,0.0,0.142687,0.019137,0.005173,0.0,1.7384,,1228.239,-803.022,,,-284.7,1871.087614,40.894675,14.368,78.029692,22.92262
2024-01-27T17:00:00,2024-01-27T18:00:00,DK1,500.526855,279.663201,87.247808,16.622594,173.155808,824.526799,6.800035,1700.63627,4.478841,0.184684,0.020347,0.175364,0.0,1.9e-05,1556.5231,715.262,-941.4051,-702.802,-1451.380687,221.3,2991.535938,102.087911,20.262,125.909425,69.012488
2024-01-27T17:00:00,2024-01-27T18:00:00,DK2,574.81357,44.368649,229.745875,10.299904,7.4258,691.082808,0.518251,324.299844,0.0,0.200949,0.031741,0.004446,0.0,1.78804,,1145.575258,-810.909,,,-224.4,1994.846135,43.214666,14.51,85.910274,18.04481
2024-01-27T16:00:00,2024-01-27T17:00:00,DK1,534.065049,293.412625,87.539039,16.982462,177.660839,855.720767,7.0094,1691.273488,4.478546,0.217066,0.024586,0.143575,0.0,7e-06,1250.3813,698.76,-915.4707,-702.712,-1160.187474,227.8,3067.098575,96.38467,20.322,128.301582,46.259987
2024-01-27T16:00:00,2024-01-27T17:00:00,DK2,541.352547,45.491126,228.497989,9.21498,7.1353,699.032764,0.547809,319.450274,0.0,0.210782,0.043456,0.00489,0.0,1.7306,,1211.302242,-823.791976,,,-230.8,2009.422783,44.78594,14.332976,86.936642,12.41824
2024-01-27T15:00:00,2024-01-27T16:00:00,DK1,511.80976,265.162025,85.197801,17.315783,168.58906,771.626335,7.373933,1664.258107,4.481474,0.247703,0.042155,12.651287,5.826988,0.0,1134.7897,439.529,-676.3159,-702.446,-1036.545145,196.1,2869.694066,84.780301,21.2719,117.325265,89.719885
2024-01-27T15:00:00,2024-01-27T16:00:00,DK2,478.01904,45.108219,227.119943,10.096198,9.7908,727.044837,0.565018,323.595489,0.0,0.119117,0.016662,2.194046,0.950321,1.57027,,1081.402258,-812.712,,,-198.8,1896.080218,44.337354,14.288,80.27764,18.03146
2024-01-27T14:00:00,2024-01-27T15:00:00,DK1,455.480382,259.530048,83.64545,21.227764,138.757116,724.80739,8.168244,1713.088059,4.483303,2.493071,0.30288,83.841965,40.241829,3e-06,939.9578,15.005,-168.8073,-684.666,-1097.466435,315.2,2855.290568,72.979015,21.1192,114.827113,125.661254
2024-01-27T14:00:00,2024-01-27T15:00:00,DK2,457.516876,46.175752,225.595705,13.233114,18.4887,678.992858,0.612237,314.188428,0.0,0.63631,0.071362,21.688715,11.830218,1.88484,,1173.589,-777.598,,,-319.6,1867.306115,46.589147,14.5,77.636794,37.01337
2024-01-27T13:00:00,2024-01-27T14:00:00,DK1,460.645115,232.079808,81.980018,26.3526,134.477868,641.486342,8.703686,1751.670634,4.483619,8.226997,0.966362,175.764336,77.690163,1.3e-05,71.3564,3.892,727.344,-529.25,-1257.845438,316.1,2936.124521,64.604045,16.2526,115.180763,222.967385
2024-01-27T13:00:00,2024-01-27T14:00:00,DK2,364.198531,43.64081,223.082734,15.235622,19.6832,661.049078,0.677419,325.316237,0.0,2.034524,0.215932,51.252651,28.501545,1.80878,,1257.455234,-784.966976,,,-320.5,1888.68532,46.845626,14.254976,77.803109,40.18316
2024-01-27T12:00:00,2024-01-27T13:00:00,DK1,400.85294,216.333997,81.497073,28.526685,158.937058,663.671197,8.852078,1747.465952,4.484268,14.800605,1.730083,240.091211,102.409004,8e-06,-403.0414,-521.982,1420.6343,-15.149,-1453.300059,505.8,3202.614,71.786695,22.1204,116.41332,311.645655
2024-01-27T12:00:00,2024-01-27T13:00:00,DK2,358.06012,47.426398,209.411298,16.954978,20.2303,712.144443,0.694222,326.928435,0.0,3.21765,0.355852,65.687269,37.510887,1.80161,,1169.456266,-535.698008,,,-513.8,1920.381719,48.107591,11.949008,79.333294,41.0783
2024-01-27T11:00:00,2024-01-27T12:00:00,DK1,405.729838,213.618553,82.718874,24.392935,174.87168,727.536973,8.51534,1679.153212,4.487633,13.436929,1.49982,269.602738,121.150009,7e-06,-54.2409,-504.407,1455.306,-213.471,-1457.443414,247.1,3199.558229,66.425478,18.0219,117.369487,257.06552
2024-01-27T11:00:00,2024-01-27T12:00:00,DK2,360.97257,57.166075,206.134006,18.917581,24.1169,687.046985,0.733749,291.775601,0.0,4.88857,0.707006,70.076826,32.989807,1.95176,,1130.840508,-756.392,,,-250.6,1881.325944,42.439092,14.288,76.069621,25.68558
2024-01-27T10:00:00,2024-01-27T11:00:00,DK1,463.350735,207.451479,85.085829,24.368231,184.377812,753.601256,8.191935,1595.092421,4.487378,8.769149,0.982576,203.431626,92.502167,0.0,105.2596,-426.462,1509.136,-692.865,-1457.607041,391.2,3060.354151,72.471161,28.4954,115.961657,175.626094
2024-01-27T10:00:00,2024-01-27T11:00:00,DK2,365.585684,59.023076,209.265329,20.232767,22.3399,654.981362,0.722324,258.691764,0.0,6.760806,1.008008,64.497508,22.942066,2.00165,,1291.90675,-730.740008,,,-396.8,1852.418987,42.675204,14.381008,74.632055,12.3941
2024-01-27T09:00:00,2024-01-27T10:00:00,DK1,493.639542,214.675453,85.443413,24.291438,202.371113,860.644055,7.591166,1499.292759,4.452943,6.21038,0.698196,174.425911,64.766289,4e-06,428.7588,-21.413,654.2,-702.737,-1457.824847,438.8,2978.286613,74.949894,21.8602,118.010363,130.818428
2024-01-27T09:00:00,2024-01-27T10:00:00,DK2,429.898975,57.796214,208.543909,16.333396,22.3663,810.563743,0.657692,255.377694,0.0,3.925206,0.598749,38.882248,15.014779,1.76744,,1129.65125,-700.651992,,,-445.5,1845.225603,44.912481,14.238992,74.905115,12.71584
2024-01-27T08:00:00,2024-01-27T09:00:00,DK1,518.493738,251.791301,87.488536,20.535171,206.788191,930.880267,6.786616,1460.88943,4.405337,1.880655,0.219897,90.499895,23.097801,3e-06,648.7593,-6.656,305.4891,-702.806,-1456.813449,484.8,2876.529788,82.491677,22.0397,115.970335,120.01786
2024-01-27T08:00:00,2024-01-27T09:00:00,DK2,350.272766,58.093011,204.528416,13.884542,16.0937,782.941103,0.64249,253.512131,0.0,1.185042,0.168602,19.496755,8.233695,1.29597,,1283.89725,-694.331008,,,-492.5,1807.414465,43.653134,14.403008,73.74462,34.47858
2024-01-27T07:00:00,2024-01-27T08:00:00,DK1,469.032966,247.295738,88.42585,16.861249,209.273834,987.936867,6.46173,1408.977554,4.384696,0.157992,0.025424,10.857727,1.089821,3e-06,511.4589,22.834,342.5025,-702.744,-1401.839712,588.0,2810.993139,80.273912,21.4331,113.132475,131.484799
2024-01-27T07:00:00,2024-01-27T08:00:00,DK2,345.068012,55.340556,198.175425,11.901901,19.0366,836.952973,0.635478,299.51843,0.0,0.219397,0.024911,4.045415,0.949428,1.23002,,1219.926508,-679.248992,,,-598.0,1715.776062,46.600099,14.366992,71.393693,38.50285
2024-01-27T06:00:00,2024-01-27T07:00:00,DK1,522.993937,209.217252,84.318583,16.656061,204.427193,1042.511201,6.763787,1401.153033,4.394434,0.112362,0.018729,0.103829,0.0,1e-06,458.3584,-30.096,24.4544,-700.956,-1116.899806,587.9,2715.431396,83.046167,22.2506,107.65298,154.579146
2024-01-27T06:00:00,2024-01-27T07:00:00,DK2,310.353012,36.240926,198.373126,11.62848,23.652,854.877151,0.713578,321.645166,0.0,0.127753,0.013784,0.002991,0.0,0.83423,,1121.71925,-663.930992,,,-598.1,1618.150455,47.33282,14.194992,67.593726,48.72006
2024-01-27T05:00:00,2024-01-27T06:00:00,DK1,498.683644,128.946921,84.069743,16.629882,214.803456,980.431608,6.205853,1392.680315,4.395837,0.106298,0.021764,0.083593,0.0,2e-06,272.159,85.82,-22.6745,-623.638,-1015.064186,588.0,2611.66123,79.274884,17.772,101.765015,156.2643
2024-01-27T05:00:00,2024-01-27T06:00:00,DK2,262.910562,32.696645,199.825562,13.072342,26.5375,854.465922,0.894955,396.732001,0.0,0.123909,0.01793,0.004127,0.0,0.36078,,1000.3355,-664.578,,,-598.1,1525.299735,48.462642,14.148,66.109382,48.98667
2024-01-27T04:00:00,2024-01-27T05:00:00,DK1,414.771554,108.544502,81.928438,15.940527,197.228628,1045.223712,5.6262,1398.66394,4.410674,0.071928,0.017422,0.117196,0.0,2e-06,-94.6412,171.142,58.9118,-648.724,-784.622085,587.8,2562.411238,76.781044,22.5322,99.04841,160.879171
2024-01-27T04:00:00,2024-01-27T05:00:00,DK2,266.292832,32.529957,122.511245,13.811205,29.2654,890.63911,1.038528,443.254238,0.0,0.084945,0.012858,0.003105,0.0,0.15975,,958.33225,-665.397976,,,-598.0,1494.537447,49.216863,14.348976,67.729823,48.31191
2024-01-27T03:00:00,2024-01-27T04:00:00,DK1,405.662407,104.959744,84.241907,16.483627,215.974875,1047.173037,5.645603,1500.896224,4.417411,0.056748,0.011542,0.106466,0.0,2e-06,-618.9423,225.883,355.54,-641.623,-780.297012,587.8,2513.990281,74.221013,31.2783,99.901642,173.080695
2024-01-27T03:00:00,2024-01-27T04:00:00,DK2,266.454676,32.102451,79.630948,14.504024,28.8723,891.637325,1.214624,493.869305,0.0,0.075561,0.014081,0.003526,0.0,0.36228,,983.2615,-665.171976,,,-598.0,1528.830625,52.661619,13.918976,69.838916,48.06928
2024-01-27T02:00:00,2024-01-27T03:00:00,DK1,428.199909,102.999785,84.592284,16.649069,226.94416,1043.418568,6.309456,1704.75311,4.424863,0.046706,0.01098,0.21626,0.0,1e-06,-421.9398,98.33,132.6469,-637.53,-802.866748,587.9,2575.105503,76.797346,26.5548,104.048414,165.562036
2024-01-27T02:00:00,2024-01-27T03:00:00,DK2,277.262852,32.27874,82.344959,16.747678,29.9795,902.921852,1.385737,544.68937,0.0,0.072091,0.014022,0.002646,0.0,0.70575,,977.18125,-668.320992,,,-598.0,1599.265455,53.84738,14.176992,75.494566,49.51295
2024-01-27T01:00:00,2024-01-27T02:00:00,DK1,421.664853,107.698461,84.521672,19.509927,236.934476,1036.963333,7.812393,2080.299865,4.427439,0.057137,0.025909,0.212446,0.0,2e-06,-228.3383,-149.483,58.7066,-680.036,-922.314765,587.9,2666.562448,81.16176,27.6433,115.516255,254.393014
2024-01-27T01:00:00,2024-01-27T02:00:00,DK2,308.407678,32.262963,78.842084,17.094484,30.2519,903.220298,1.533319,592.525376,0.0,0.078748,0.011867,0.002686,0.0,0.84362,,982.104,-668.267008,,,-598.1,1680.812015,54.824159,14.159008,81.59166,42.26991
2024-01-27T00:00:00,2024-01-27T01:00:00,DK1,430.945594,105.50903,83.594151,20.317943,236.656018,1031.384512,8.678055,2387.62137,4.425043,0.081063,0.033277,0.201341,0.0,0.0,-202.5219,23.707,142.6466,-702.308,-1329.721137,587.9,2829.14996,87.862317,26.5119,125.27782,208.433539
2024-01-27T00:00:00,2024-01-27T01:00:00,DK2,335.959766,32.496878,87.860208,15.581328,30.1952,896.441041,1.597239,617.539196,0.0,0.086751,0.017746,0.003231,0.0,0.95586,,973.121,-669.58,,,-598.1,1724.175444,55.083342,14.322,84.347377,40.06107
2024-01-26T23:00:00,2024-01-27T00:00:00,DK1,431.751687,106.511258,82.432929,20.713532,232.987767,1035.463735,9.379895,2525.451321,4.425642,0.089493,0.032518,0.240972,0.0,1e-06,-541.1281,218.069,89.8903,-702.555,-1260.260113,588.0,2841.496837,91.268098,31.7331,129.302784,170.116545
2024-01-26T23:00:00,2024-01-27T00:00:00,DK2,329.720854,32.219715,86.333781,14.710383,30.2626,894.886959,1.671969,622.143721,0.0,0.088505,0.016209,0.003605,0.0,1.3809,,970.219,-669.389,,,-598.0,1716.269201,54.435159,14.26,83.3502,38.78313
2024-01-26T22:00:00,2024-01-26T23:00:00,DK1,441.102849,95.867041,82.684965,21.618711,241.632689,1035.013488,11.111698,2743.182399,4.433725,0.108268,0.037321,0.465065,0.0,2e-06,-747.2293,188.718,233.7297,-702.5,-1453.402897,587.9,2784.473724,92.05788,36.9403,131.936326,182.110155
2024-01-26T22:00:00,2024-01-26T23:00:00,DK2,311.722888,37.665887,95.741008,14.555174,30.2578,899.709489,1.695572,636.624326,0.0,0.077694,0.01925,0.002826,0.0,1.73132,,977.1395,-669.415992,,,-598.1,1739.426742,56.066687,14.294992,81.829278,71.33975
2024-01-26T21:00:00,2024-01-26T22:00:00,DK1,509.970436,101.042596,83.282611,22.917377,242.802709,1041.225664,12.81253,3049.943125,4.421836,0.125398,0.041586,0.473571,0.0,2e-06,-810.7325,339.234,-22.0628,-702.539,-1458.043878,588.0,3002.915263,104.713947,38.4625,143.458977,235.026993
2024-01-26T21:00:00,2024-01-26T22:00:00,DK2,311.311494,37.853562,97.738859,14.884414,30.3097,902.990275,1.686976,644.444041,0.0,0.078862,0.018131,0.003569,0.0,1.12656,,1014.61375,-669.557008,,,-598.0,1789.503185,56.828587,14.215008,84.614688,62.57568
2024-01-26T20:00:00,2024-01-26T21:00:00,DK1,414.420916,96.698429,85.480851,23.546522,244.51798,1030.884997,13.56753,3176.043164,4.419262,0.140982,0.046144,0.45467,0.0,2e-06,-487.6241,395.527,146.607,-702.513,-1457.63312,588.0,3572.585229,97.248598,30.4301,153.057335,576.194413
2024-01-26T20:00:00,2024-01-26T21:00:00,DK2,314.868184,39.351469,96.911161,14.7789,31.1811,901.852701,1.732419,651.948505,0.0,0.099295,0.014269,0.005734,0.0,1.89566,,1088.86275,-670.787016,,,-598.1,1874.615131,56.498185,14.338016,88.442537,67.45159
2024-01-26T19:00:00,2024-01-26T20:00:00,DK1,475.31448,115.359276,86.683284,24.614602,244.769575,1038.70964,14.165351,3321.252195,4.426074,0.174356,0.046996,0.469866,0.0,2e-06,-329.2319,-340.918,140.0766,-702.516,-1457.668929,588.0,3223.727468,99.018393,34.1369,162.102796,262.389385
2024-01-26T19:00:00,2024-01-26T20:00:00,DK2,366.912634,45.02176,95.63466,15.079914,33.8535,898.936911,1.703893,656.505794,0.0,0.127938,0.013145,0.003186,0.0,2.21459,,1123.6605,-670.285008,,,-598.1,1971.283417,57.283693,14.299008,91.570623,63.12142
2024-01-26T18:00:00,2024-01-26T19:00:00,DK1,470.096933,142.046298,85.842644,25.055508,244.761618,1036.825054,14.664035,3390.601865,4.4034,0.202596,0.055299,0.560663,0.0,2e-06,-374.2527,-519.453,184.0555,-702.584,-1457.510593,587.9,3133.271122,101.97295,38.8637,167.478901,107.377218
2024-01-26T18:00:00,2024-01-26T19:00:00,DK2,404.735214,55.171281,117.868286,14.474683,33.8144,900.84343,1.687991,655.905976,0.0,0.153859,0.017301,0.005315,0.0,1.96072,,1132.9515,-664.940024,,,-597.9,2056.749932,57.684306,14.167024,96.063299,43.79516
2024-01-26T17:00:00,2024-01-26T18:00:00,DK1,445.169302,143.24131,85.326813,25.245656,244.54952,1041.914666,14.635305,3407.835841,4.409294,0.227447,0.054686,0.611317,0.0,1e-05,-659.4518,-497.118,679.4504,-702.563,-1456.978645,583.7,3360.260122,98.777495,44.6798,178.60349,106.878768
2024-01-26T17:00:00,2024-01-26T18:00:00,DK2,449.269864,55.760508,113.413527,14.802112,33.6775,904.07124,1.612236,651.500718,0.0,0.214597,0.030404,0.005902,0.0,2.10264,,1227.999258,-663.115992,,,-593.6,2197.744514,57.264826,14.260992,102.475051,42.60368
2024-01-26T16:00:00,2024-01-26T17:00:00,DK1,509.110012,129.390984,76.449923,25.011059,244.478366,1043.542947,14.522628,3443.99698,4.42631,0.243996,0.059308,0.661803,0.0,2.3e-05,-1102.1487,-17.354,749.8059,-701.533,-1421.895126,528.4,3527.169413,96.158968,50.1527,183.360311,120.321706
2024-01-26T16:00:00,2024-01-26T17:00:00,DK2,464.820084,58.168911,85.313114,16.072324,33.7647,905.31645,1.518072,633.964473,0.0,0.237731,0.039391,0.005741,0.0,2.55627,,1218.79375,-665.551992,,,-537.1,2217.919019,57.125177,14.202992,102.744821,14.06885
2024-01-26T15:00:00,2024-01-26T16:00:00,DK1,355.998993,103.268884,75.679284,26.340799,244.733267,1042.64688,14.659765,3445.467952,4.44773,0.372685,0.074523,20.379813,7.779284,0.0,-1544.5916,-168.235,947.2647,-643.813,-1141.558675,583.6,3374.516284,100.402813,67.9776,173.780285,201.046156
2024-01-26T15:00:00,2024-01-26T16:00:00,DK2,487.268616,57.818127,121.19375,18.405578,32.9948,902.708418,1.548899,628.21574,0.0,0.165654,0.022813,3.121532,1.977317,2.65793,,1129.978742,-665.900992,,,-593.6,2128.576924,57.056118,14.328992,95.281434,37.6801
2024-01-26T14:00:00,2024-01-26T15:00:00,DK1,331.412306,69.332038,72.713499,30.30906,244.334335,1028.482525,14.623933,3417.620749,4.481064,3.743848,0.363038,109.703294,48.485584,5e-06,-1693.6826,-351.236,435.6739,30.79,-947.128659,587.9,3437.921921,98.854647,66.1216,168.472386,198.061655
2024-01-26T14:00:00,2024-01-26T15:00:00,DK2,415.946881,58.348735,224.318992,19.37526,29.2816,907.636556,1.51877,603.85731,0.0,0.372035,0.034011,15.26058,9.822847,2.16548,,1058.54725,-666.492,,,-598.1,2081.894307,58.882705,14.204,90.725358,43.84691
2024-01-26T13:00:00,2024-01-26T14:00:00,DK1,322.329084,77.612718,72.522755,32.886275,240.798384,1039.277081,14.382845,3364.226749,4.553976,5.316504,0.540478,137.732109,42.520729,8e-06,-1701.4878,-315.35,216.4059,161.939,-831.215371,587.9,3472.891424,95.933022,66.9018,166.784608,183.133559
2024-01-26T13:00:00,2024-01-26T14:00:00,DK2,409.319198,58.078434,222.935218,19.511374,23.4912,906.977549,1.324668,557.192871,0.0,0.658481,0.065708,19.094201,16.750677,2.50012,,1130.342492,-666.424992,,,-598.0,2103.817198,57.020848,14.130992,89.688585,36.99442
2024-01-26T12:00:00,2024-01-26T13:00:00,DK1,312.608479,81.681597,71.268268,31.600596,235.673038,1040.601065,13.836948,3266.570585,4.606711,4.542955,0.435966,107.107376,39.196102,8e-06,-1689.2375,-214.848,84.8059,672.932,-981.510255,569.6,3651.471838,103.361914,77.4695,166.256841,195.164949
2024-01-26T12:00:00,2024-01-26T13:00:00,DK2,392.410267,57.733536,210.387741,19.016411,27.4226,908.579379,1.208847,549.271546,0.0,0.911143,0.082015,20.655752,27.583132,2.32429,,1196.443508,-666.762992,,,-579.2,2168.067174,57.860764,14.214992,91.935716,34.88613
2024-01-26T11:00:00,2024-01-26T12:00:00,DK1,366.633915,127.745504,71.013639,29.386699,243.836865,1030.343371,12.059041,2911.993055,4.607005,3.336531,0.361475,87.894338,21.025681,5e-06,-1493.8813,-87.071,490.2033,669.935,-1272.646758,411.0,3627.776366,90.381184,61.4993,157.816769,158.950856
2024-01-26T11:00:00,2024-01-26T12:00:00,DK2,481.264202,58.950939,101.071267,18.578646,23.4836,906.431977,1.284482,571.835333,0.0,0.273269,0.022636,10.046238,8.589746,2.06089,,1105.104242,-666.578,,,-417.2,2205.219467,62.884509,14.242,93.957649,44.19773
2024-01-26T10:00:00,2024-01-26T11:00:00,DK1,533.103159,174.788715,76.050295,29.751018,243.875517,1038.196026,10.604102,2652.402589,4.605896,1.959695,0.176912,78.923456,25.747501,0.043563,-1057.6181,-120.119,775.6584,51.689,-1404.639422,395.1,3510.299321,83.202561,30.7201,150.129671,75.807964
2024-01-26T10:00:00,2024-01-26T11:00:00,DK2,552.635284,69.454181,83.971386,18.957087,26.0762,904.070849,1.248433,540.029778,0.0,0.238374,0.022134,6.079197,1.923344,1.70994,,1040.8315,-664.109,,,-400.9,2182.238687,63.555329,14.042,92.516087,35.83825
2024-01-26T09:00:00,2024-01-26T10:00:00,DK1,693.881125,245.299425,77.561475,28.918049,237.825344,1047.005718,12.15622,2951.997066,4.601722,0.183534,0.043721,13.71463,2.898032,0.087363,-733.3638,-98.517,1286.2711,-630.444,-1405.655482,-246.5,3487.964242,100.049309,34.7908,159.087142,39.929501
2024-01-26T09:00:00,2024-01-26T10:00:00,DK2,551.251406,68.577236,83.380456,18.74383,30.9914,885.935021,1.116407,508.050657,0.0,0.320564,0.030844,8.855262,1.144164,1.88524,,257.7375,-501.991,,,242.5,2158.528987,58.73571,10.931,90.505904,18.22446
2024-01-26T08:00:00,2024-01-26T09:00:00,DK1,700.76447,260.160045,90.242843,28.180561,234.729891,1046.703132,12.408794,2986.9033,4.593278,0.166432,0.034071,1.642287,0.707601,1e-06,-393.1752,133.781,669.2286,-559.147,-1315.317987,-492.8,3409.806119,123.017723,22.1172,159.948505,20.456285
2024-01-26T08:00:00,2024-01-26T09:00:00,DK2,557.375666,66.545272,114.120936,18.088763,32.7279,858.377266,0.957361,462.712789,0.0,0.256035,0.024178,8.197117,1.595772,2.122,,99.37925,-593.67,,,485.0,2113.810305,53.965605,14.11,87.557281,4.8697
2024-01-26T07:00:00,2024-01-26T08:00:00,DK1,575.792389,270.266045,91.371685,36.065781,231.788681,1045.964506,11.970761,2907.727954,4.572175,0.174372,0.031646,0.613143,0.0,2e-06,-563.2711,11.477,187.9998,-621.19,-689.392035,-99.4,3402.562805,101.245399,28.8801,155.522607,24.848266
2024-01-26T07:00:00,2024-01-26T08:00:00,DK2,572.5673,64.475677,194.148602,15.966374,34.2491,843.655976,0.752706,422.553197,0.0,0.137265,0.013361,0.914652,0.053264,2.62731,,506.51475,-688.035024,,,97.6,2068.19451,47.641922,14.315024,84.658318,3.52129
2024-01-26T06:00:00,2024-01-26T07:00:00,DK1,414.663607,253.863366,93.601943,27.758139,235.937643,1044.197197,11.517328,2782.425967,4.541207,0.171313,0.033032,0.578852,0.0,3e-06,-481.7673,-126.865,43.1414,-339.329,-620.260281,-41.5,3302.709416,89.781079,19.8713,150.648286,39.236345
2024-01-26T06:00:00,2024-01-26T07:00:00,DK2,574.246894,63.506134,195.320423,15.132238,29.1198,803.109548,0.568169,344.981728,0.0,0.132121,0.015367,0.016711,0.0,2.18923,,671.6125,-765.965008,,,40.3,1974.285855,44.176249,14.149008,79.506467,13.2014
2024-01-26T05:00:00,2024-01-26T06:00:00,DK1,363.773459,201.856315,86.595092,21.548562,226.211264,1037.72077,10.065964,2469.290826,4.550188,0.156599,0.026375,0.300848,0.0,2e-06,-720.3746,-384.331,72.5861,-427.416,598.907873,-504.2,3057.268637,92.929215,32.6736,132.850949,117.749046
2024-01-26T05:00:00,2024-01-26T06:00:00,DK2,568.698342,63.859839,117.892476,14.28213,11.7168,582.879653,0.453437,292.587045,0.0,0.134872,0.019561,0.004437,0.0,1.76628,,425.97125,-837.939016,,,495.9,1738.227106,37.982028,14.336016,69.961462,13.39039
2024-01-26T04:00:00,2024-01-26T05:00:00,DK1,367.179657,149.253427,85.703141,19.930248,226.272796,1021.634094,8.594369,2069.190494,4.555362,0.101146,0.017311,0.234647,0.0,1e-06,-1040.2711,-198.963,164.0164,-66.457,566.577668,-539.5,2838.069661,91.685494,32.0421,117.294269,189.060248
2024-01-26T04:00:00,2024-01-26T05:00:00,DK2,467.636944,64.274325,66.180943,12.280648,5.2452,320.015609,0.311222,229.255571,0.0,0.089726,0.009138,0.003238,0.0,1.34972,,744.982,-898.053,,,530.7,1544.281284,34.837189,14.21,63.591159,13.13533
2024-01-26T03:00:00,2024-01-26T04:00:00,DK1,330.584386,145.341871,84.214977,19.20755,224.392826,981.751022,8.228868,1909.431527,4.560723,0.074195,0.009979,0.165358,0.0,1e-06,-631.999,-411.01,58.777,272.367,362.96985,-539.4,2819.668133,88.707881,25.513,113.131369,208.320188
2024-01-26T03:00:00,2024-01-26T04:00:00,DK2,343.32676,62.811377,65.540316,12.030237,2.507,221.459767,0.214832,175.638942,0.0,0.059774,0.007507,0.111068,0.0,0.34808,,762.45725,-701.067008,,,530.6,1476.045902,30.225768,13.901008,65.174097,4.40174
2024-01-26T02:00:00,2024-01-26T03:00:00,DK1,286.811788,149.746742,83.520054,18.293739,211.050537,946.408813,7.149339,1590.328045,4.565256,0.069482,0.010108,0.117582,0.0,1e-06,-179.7004,-526.747,39.0168,170.962,476.382547,-539.5,2738.485433,87.548213,18.4364,109.178152,189.210143
2024-01-26T02:00:00,2024-01-26T03:00:00,DK2,326.14095,63.777212,65.529521,11.619292,2.6142,161.364074,0.117077,125.344241,0.0,0.047043,0.007728,0.021814,0.0,0.07363,,911.30025,-686.302992,,,530.6,1512.25404,27.619532,14.184992,67.971795,14.3736
2024-01-26T01:00:00,2024-01-26T02:00:00,DK1,305.511964,157.933122,85.681678,17.694072,197.768747,779.584274,5.778145,1264.588335,4.56552,0.061194,0.012559,0.161129,0.0,2e-06,269.6975,-339.064,104.359,21.443,352.846793,-539.4,2689.223034,78.366423,7.8535,104.444528,162.306747
2024-01-26T01:00:00,2024-01-26T02:00:00,DK2,302.06927,63.907587,67.270959,11.321835,2.0114,87.921907,0.056414,81.658741,0.0,0.039801,0.008428,0.091247,0.0,0.14117,,933.6185,-542.798008,,,530.6,1537.919251,27.402838,12.029008,69.106589,14.60203
2024-01-26T00:00:00,2024-01-26T01:00:00,DK1,512.324502,161.863377,82.952517,16.859025,180.651793,654.547171,4.539417,968.613716,4.562796,0.056456,0.01601,0.16277,0.0,0.0,717.1004,68.463,64.4596,-473.567,161.241784,-539.4,2585.447334,72.538762,13.4416,101.338816,107.489804
2024-01-26T00:00:00,2024-01-26T01:00:00,DK2,350.03192,63.864967,67.976493,9.971575,1.7582,82.370095,0.052504,38.613212,0.0,0.042559,0.008561,0.022059,0.0,0.55169,,1009.49925,-595.030008,,,530.6,1560.333077,28.472696,14.121008,69.909872,4.21171
2024-01-25T23:00:00,2024-01-26T00:00:00,DK1,562.221791,158.81145,81.430263,15.39499,164.934827,600.165757,3.229653,750.066991,4.560662,0.063527,0.009098,0.160419,0.0,2e-06,1117.1243,-162.148,34.2935,-272.547,85.325499,-539.3,2603.797729,70.117662,8.744,99.338541,97.294554
2024-01-25T23:00:00,2024-01-26T00:00:00,DK2,434.131316,64.743401,86.894883,11.638951,1.7387,131.004889,0.069313,33.428811,0.0,0.049454,0.007588,0.002827,0.0,1.00446,,832.66875,-531.728992,,,530.5,1596.154351,27.804786,12.088992,70.309377,11.71692
2024-01-25T22:00:00,2024-01-25T23:00:00,DK1,542.373401,279.693347,92.904364,20.532315,123.395944,496.285291,1.854365,526.346949,4.48008,0.07776,0.005984,0.185444,0.0,2e-06,914.6945,87.448,116.8953,-440.565,244.130701,-536.8,2473.938747,62.98741,10.3625,95.216463,51.958315
2024-01-25T22:00:00,2024-01-25T23:00:00,DK2,546.331034,70.505226,190.612357,13.37499,4.3152,131.199969,0.085406,59.612523,0.0,0.07195,0.011388,0.003337,0.0,1.0016,,705.9985,-650.098008,,,528.1,1601.125472,31.330532,14.171008,64.895861,8.76105
2024-01-25T21:00:00,2024-01-25T22:00:00,DK1,569.543155,404.90579,100.798922,28.080604,97.175486,476.017697,1.44876,399.38824,4.393884,0.106282,0.008176,0.173585,0.0,3e-06,1200.6135,485.319,-681.1488,-495.355,466.142053,-511.7,2545.911337,65.255283,11.7767,97.997619,19.845777
2024-01-25T21:00:00,2024-01-25T22:00:00,DK2,596.994114,94.130699,219.151698,14.19844,2.976,217.111938,0.083686,83.409991,0.0,0.079949,0.011933,0.006965,0.0,1.22723,,851.8145,-896.879,,,503.6,1687.918143,33.360108,14.088,66.958592,3.4126
2024-01-25T20:00:00,2024-01-25T21:00:00,DK1,771.910314,342.818522,90.917891,26.146739,76.074765,374.459063,1.236366,320.326784,4.523273,0.133051,0.009819,0.1099,0.0,2e-06,1240.5014,338.261,-1479.0798,184.118,561.924835,-151.2,2703.191924,58.388657,3.212,101.778402,14.342916
2024-01-25T20:00:00,2024-01-25T21:00:00,DK2,568.167984,126.729308,206.473912,13.662573,2.5051,296.963594,0.080635,72.479091,0.0,0.102596,0.013699,0.004152,0.0,1.32193,,1011.516258,-661.019992,,,148.9,1787.90084,33.63751,21.586992,71.454389,3.24295
2024-01-25T19:00:00,2024-01-25T20:00:00,DK1,794.087139,333.22413,92.645582,23.952632,60.872189,305.727743,1.229587,305.573608,4.547577,0.177405,0.013374,0.14265,0.0,2e-06,1550.2085,442.217,-2375.7935,673.611,751.51837,-112.0,2851.954988,68.471574,16.629,108.061415,19.846431
2024-01-25T19:00:00,2024-01-25T20:00:00,DK2,500.399768,154.569364,201.471798,14.005145,4.6855,423.004839,0.113841,107.852549,0.0,0.1474,0.020288,0.005874,0.0,1.33563,,444.17875,-76.189,,,110.0,1885.601746,34.489469,23.8585,74.681167,8.31953
2024-01-25T18:00:00,2024-01-25T19:00:00,DK1,832.130939,360.071292,91.514409,24.620187,50.699262,243.180447,0.979951,378.876758,4.572523,0.234221,0.016498,0.207503,0.0,4e-06,1641.2381,420.141,-2054.1991,683.381,595.714566,-256.3,3017.07956,69.207428,17.009,113.406847,19.534849
2024-01-25T18:00:00,2024-01-25T19:00:00,DK2,572.905504,149.859915,215.710997,14.353943,4.6129,517.920432,0.121466,163.994472,0.0,0.201695,0.029009,0.00694,0.0,1.95444,,-249.223,361.729,,,252.7,2006.877713,40.372843,14.0495,80.568961,10.52181
2024-01-25T17:00:00,2024-01-25T18:00:00,DK1,904.33198,379.082228,95.926687,23.282423,35.145299,223.393529,0.874983,341.106587,4.589974,0.319945,0.02539,0.231507,0.0,3e-06,1617.4872,459.472,-1866.7349,681.141,684.765578,-406.3,3178.141413,69.505599,16.819,120.865839,8.8859
2024-01-25T17:00:00,2024-01-25T18:00:00,DK2,544.335084,151.140467,218.205559,12.393916,10.3925,634.899342,0.065109,135.86283,0.0,0.311978,0.043271,0.024422,0.0,2.39027,,-174.7325,190.806,,,400.4,2126.538248,42.758062,20.571,85.943746,9.45758
2024-01-25T16:00:00,2024-01-25T17:00:00,DK1,912.21227,385.989136,95.372062,22.967395,43.212273,210.288768,0.596164,272.712337,4.614806,0.379859,0.034363,0.227828,0.0,2e-06,1627.8241,397.328,-1901.1465,565.897,704.521837,-97.7,3245.3317,59.752602,12.683,125.523669,5.497789
2024-01-25T16:00:00,2024-01-25T17:00:00,DK2,642.274934,149.211401,228.715037,13.435687,10.481,691.826666,0.090221,120.024873,0.0,0.373779,0.05022,0.021079,0.0,2.56101,,595.6205,-385.54,,,95.9,2165.046407,39.666955,29.663,85.842551,5.09928
2024-01-25T15:00:00,2024-01-25T16:00:00,DK1,882.194881,389.337504,94.960383,23.413443,44.90862,180.069055,0.655692,284.108024,4.632797,0.534439,0.054351,12.574123,2.876723,0.0,1551.5893,129.015,-1110.2644,-50.655,662.084705,4.7,3106.78964,47.015048,2.965,111.670172,33.656831
2024-01-25T15:00:00,2024-01-25T16:00:00,DK2,579.291884,155.629891,223.508574,12.595406,10.1024,586.732947,0.144229,126.716393,0.0,0.287168,0.031896,2.607412,1.7263,2.29787,,1083.16125,-780.182,,,-5.8,1998.85162,38.644138,14.504,75.263901,5.29802
2024-01-25T14:00:00,2024-01-25T15:00:00,DK1,848.389058,352.005013,95.684992,30.45096,39.756433,172.436725,1.7992,377.446772,4.661056,11.258049,0.904883,114.535496,44.183762,6e-06,1306.3711,225.207,-792.2045,-335.576,391.40504,164.6,3053.315045,45.093115,7.6096,106.767987,37.658632
2024-01-25T14:00:00,2024-01-25T15:00:00,DK2,465.471074,151.678578,203.861079,17.247776,6.3049,577.151855,0.297085,160.323201,0.0,5.681577,0.566942,39.675667,25.399086,2.77752,,1223.868492,-753.769,,,-167.0,1959.535833,39.331407,14.292,71.022444,19.03426
2024-01-25T13:00:00,2024-01-25T14:00:00,DK1,756.127115,315.735336,95.263742,42.136245,38.336452,231.472755,3.298542,519.835001,4.667883,38.955288,3.267446,269.0208,101.60762,1.9e-05,957.9577,170.721,-748.8395,-453.704,367.528632,441.1,3154.488078,48.848459,11.5963,106.134651,23.764547
2024-01-25T13:00:00,2024-01-25T14:00:00,DK2,599.481098,112.294613,205.20267,26.117226,6.1683,677.274992,0.438624,199.572404,0.0,22.617316,2.30326,109.160923,72.234459,2.37996,,1127.198258,-705.41,,,-447.7,2009.334102,42.14865,14.276,69.585481,11.99356
2024-01-25T12:00:00,2024-01-25T13:00:00,DK1,654.352978,283.275802,94.33169,51.910462,60.642351,418.536076,4.069976,631.221327,4.675517,61.869481,5.241021,373.357336,88.571716,2e-05,518.9597,304.307,-332.7619,-648.342,49.81741,579.4,3203.43596,52.203649,18.8223,107.532927,24.831029
2024-01-25T12:00:00,2024-01-25T13:00:00,DK2,572.329768,108.559686,203.948441,30.531048,15.3692,740.533564,0.602181,254.775495,0.0,34.563872,3.644551,161.362901,77.098656,2.71054,,1090.781,-682.474992,,,-589.2,2025.135908,45.269212,14.250992,71.672818,12.34157
2024-01-25T11:00:00,2024-01-25T12:00:00,DK1,637.641663,270.615834,89.021531,54.127093,77.88745,533.181749,5.085606,844.334008,4.685922,63.368673,5.303665,396.98841,91.965721,1.5e-05,92.5587,-146.536,719.221,-701.199,-391.48183,588.1,3234.870212,51.570261,24.8623,110.192387,41.848269
2024-01-25T11:00:00,2024-01-25T12:00:00,DK2,563.229288,106.875426,203.953394,31.865589,20.7644,809.936619,0.763447,318.517072,0.0,35.848983,3.820948,168.572721,89.74881,2.25155,,981.44575,-675.564984,,,-598.0,2064.029009,48.607925,14.349984,73.913199,13.50586
2024-01-25T10:00:00,2024-01-25T11:00:00,DK1,654.717334,272.329736,89.3947,47.231545,132.681765,742.068898,6.29909,1152.249225,4.698623,53.76522,4.321532,350.79468,43.744308,1e-05,-275.2418,-495.34,1008.3405,-701.487,-400.736989,575.3,3265.131377,64.584117,37.5038,117.388251,27.660041
2024-01-25T10:00:00,2024-01-25T11:00:00,DK2,513.747194,108.489599,205.853281,31.518528,27.3179,875.203956,0.895133,387.532004,0.0,28.662864,3.049523,164.318934,98.705574,2.77158,,921.4745,-673.556008,,,-584.9,2111.084563,53.925537,14.199008,78.175061,12.50841
2024-01-25T09:00:00,2024-01-25T10:00:00,DK1,763.485575,272.366452,86.976314,40.728168,154.311712,1015.737501,7.408285,1465.415141,4.712556,36.364998,2.64569,269.791747,28.79677,1e-05,-501.8385,-460.284,899.6673,-702.314,-400.626358,399.1,3382.445361,63.920749,39.3145,123.308412,38.020308
2024-01-25T09:00:00,2024-01-25T10:00:00,DK2,468.521714,108.834408,206.587474,27.134739,30.5773,878.598366,0.947593,419.00743,0.0,19.47435,1.924546,120.716995,68.873672,2.21628,,838.78425,-675.028992,,,-404.8,2112.370129,51.608964,14.208992,81.134807,12.246
2024-01-25T08:00:00,2024-01-25T09:00:00,DK1,872.627788,268.012433,87.575253,30.431368,225.234093,1040.912911,7.89217,1730.727769,4.725386,9.888212,0.650904,107.035293,12.326612,8e-06,-119.0418,-365.059,289.2664,-702.459,-418.699709,230.5,3312.54709,61.978657,31.0628,130.397579,26.595064
2024-01-25T08:00:00,2024-01-25T09:00:00,DK2,479.761084,108.289438,207.537112,20.933021,33.1614,886.419609,1.051428,476.190357,0.0,5.582381,0.494663,54.284303,30.499359,2.40272,,683.68525,-670.181992,,,-233.5,2086.610134,49.893087,14.316992,83.835301,10.9354
2024-01-25T07:00:00,2024-01-25T08:00:00,DK1,856.12461,268.125156,89.375871,24.625689,232.693907,1039.304292,9.675962,2342.640446,4.738102,0.244797,0.036163,7.930655,0.410581,1e-06,-61.4464,-373.496,952.1403,-699.315,-1234.346841,-133.5,3325.962291,74.787956,31.2214,143.990378,12.376434
2024-01-25T07:00:00,2024-01-25T08:00:00,DK2,477.257914,103.966955,178.287293,17.009176,36.5195,879.272597,1.179428,521.902347,0.0,0.303921,0.031084,6.348624,2.338135,2.38863,,360.683,-665.091,,,130.7,2053.097604,49.897037,14.248,85.198108,10.49715
2024-01-25T06:00:00,2024-01-25T07:00:00,DK1,702.860065,235.16034,86.253319,26.726501,234.62575,1045.027157,11.403605,2794.30145,4.746363,0.156864,0.03343,0.547842,0.0,2e-06,-392.0468,-203.945,334.8646,-553.247,-1156.428745,138.8,3309.839743,84.381226,26.3168,151.407303,34.33407
2024-01-25T06:00:00,2024-01-25T07:00:00,DK2,374.926704,63.189027,171.63863,15.476407,35.6991,875.542543,1.337638,559.602769,0.0,0.149409,0.023882,0.003506,0.0,2.67305,,651.3845,-626.934,,,-141.2,1983.513165,50.788203,14.132,84.522498,13.96254
2024-01-25T05:00:00,2024-01-25T06:00:00,DK1,755.144242,176.784054,83.61939,27.903746,235.220144,1035.235755,12.526262,3039.73578,4.749942,0.159422,0.040975,0.679088,0.0,2e-06,-796.545,-610.289,433.9231,-604.116,-1036.179291,268.1,3026.692611,84.830711,47.814,151.02385,88.156462
2024-01-25T05:00:00,2024-01-25T06:00:00,DK2,355.340688,47.8991,162.295306,16.001942,35.7396,868.707352,1.482759,583.874575,0.0,0.151664,0.0249,0.003192,0.0,2.1843,,616.76675,-665.926992,,,-271.8,1752.745136,51.22171,13.940992,78.286036,11.62565
2024-01-25T04:00:00,2024-01-25T05:00:00,DK1,617.592251,107.676646,79.62517,23.659645,233.370659,1031.689087,13.280824,3162.802382,4.585723,0.138944,0.051337,0.580935,0.0,1e-06,-1234.9429,-350.869,822.2993,-700.459,-1119.249665,200.8,2892.632339,86.812675,59.4689,147.151893,169.942883
2024-01-25T04:00:00,2024-01-25T05:00:00,DK2,352.369706,47.47453,161.288841,17.954632,34.1543,858.370075,1.583704,602.041503,0.0,0.107938,0.017549,0.00324,0.0,1.25392,,353.4885,-666.007,,,-203.5,1560.601438,50.166425,14.156,73.701656,30.16975
2024-01-25T03:00:00,2024-01-25T04:00:00,DK1,565.943186,107.40677,79.821409,23.164076,230.42248,1031.243532,13.89114,3263.776103,4.586964,0.120194,0.051923,0.592985,0.0,1e-06,-1549.7611,-333.31,995.5996,-702.077,-1303.419611,464.1,2892.152652,98.90178,71.9911,150.03111,239.25292
2024-01-25T03:00:00,2024-01-25T04:00:00,DK2,285.749854,44.935538,161.319426,20.712705,35.1008,861.406552,1.627434,609.795922,0.0,0.076414,0.016144,0.00451,0.0,0.32677,,570.72225,-619.55,,,-471.3,1500.944319,49.108492,22.211,76.166129,38.63986
2024-01-25T02:00:00,2024-01-25T03:00:00,DK1,504.510985,107.826827,78.887049,23.484543,229.873914,1031.432895,14.154248,3319.429823,4.531196,0.124932,0.046417,0.605858,0.0,2e-06,-1573.6228,-391.929,989.1671,-670.611,-1310.072695,577.2,2935.040294,103.442225,73.3178,153.893133,262.37407
2024-01-25T02:00:00,2024-01-25T03:00:00,DK2,259.920546,39.70604,159.768174,19.955099,37.6635,865.116055,1.670977,620.073522,0.0,0.066467,0.015555,0.002664,0.0,0.16704,,278.43075,-155.883,,,-586.9,1539.773389,48.806225,15.051,80.356716,42.66817
2024-01-25T01:00:00,2024-01-25T02:00:00,DK1,474.564002,106.201548,80.324392,23.716216,230.837781,1030.444946,14.270722,3349.293508,4.507408,0.122714,0.043347,0.598094,0.0,1e-06,-1694.9011,-561.888,686.676,-48.829,-1203.96309,536.0,3028.019489,97.267327,72.0791,158.051978,263.01119
2024-01-25T01:00:00,2024-01-25T02:00:00,DK2,197.414686,40.230322,162.319792,19.871059,37.8052,864.220353,1.692962,627.964347,0.0,0.059506,0.015826,0.002726,0.0,0.19855,,494.9685,-302.142,,,-544.8,1599.821829,47.783324,7.8195,84.554042,35.60302
2024-01-25T00:00:00,2024-01-25T01:00:00,DK1,476.551737,105.762236,79.997589,23.402181,231.189613,1031.504225,14.313729,3395.00022,4.51927,0.128989,0.052015,0.625018,0.0,0.0,-1703.381396,-725.577,918.0052,-192.356,-1224.054351,584.3,3019.983275,104.37705,80.934396,163.071882,216.975229
2024-01-25T00:00:00,2024-01-25T01:00:00,DK2,215.057996,39.758583,162.429825,20.622763,37.7781,864.804396,1.690253,635.15829,0.0,0.071134,0.013782,0.003114,0.0,0.32641,,728.495,-471.039,,,-594.3,1640.870646,49.086767,10.6645,86.473391,28.39402
2024-01-24T23:00:00,2024-01-25T00:00:00,DK1,488.771645,108.111715,79.765171,23.750866,231.157155,1029.684703,14.396042,3411.042424,4.521006,0.13456,0.046079,0.607378,0.0,2e-06,-1664.7806,-727.278,1148.9384,-292.832,-1379.715497,580.0,3056.321049,104.55965,79.0266,163.893317,181.686506
2024-01-24T23:00:00,2024-01-25T00:00:00,DK2,279.683162,39.743907,121.577171,20.250372,37.8006,864.50399,1.667292,633.659094,0.0,0.086668,0.015645,0.002786,0.0,0.78738,,799.7315,-542.736984,,,-589.9,1666.872583,49.633466,20.490984,86.976895,36.4477
2024-01-24T22:00:00,2024-01-24T23:00:00,DK1,452.757108,112.011554,70.778573,23.647188,230.437593,1029.360004,14.53461,3424.895678,4.521864,0.14802,0.052729,0.601372,0.0,1e-06,-1636.4624,-673.657,907.6882,-550.948,-917.742154,542.0,3034.62494,101.155704,82.6504,160.493389,186.374291
2024-01-24T22:00:00,2024-01-24T23:00:00,DK2,374.971186,45.024052,71.822692,18.755087,37.8002,864.79316,1.664845,631.394171,0.0,0.077078,0.017064,0.003027,0.0,1.02764,,413.98025,-297.348,,,-550.8,1613.182452,53.75635,41.827,79.10265,6.22845
2024-01-24T21:00:00,2024-01-24T22:00:00,DK1,487.802521,102.761805,68.344866,23.963216,229.865678,1026.900286,14.64436,3407.02769,4.500046,0.166091,0.052415,0.619912,0.0,2e-06,-1446.3903,-578.083,921.5995,-613.448,-1082.471426,557.8,3125.655662,99.016742,68.9393,162.137669,175.535636
2024-01-24T21:00:00,2024-01-24T22:00:00,DK2,383.837562,54.552435,83.857373,17.284463,37.7998,864.813159,1.683944,633.370252,0.0,0.090169,0.019675,0.003778,0.0,1.4664,,654.1395,-457.776,,,-567.0,1708.14251,54.424509,11.313,82.534064,5.98164
2024-01-24T20:00:00,2024-01-24T21:00:00,DK1,427.199817,103.03157,68.634005,23.818597,231.813046,1036.814882,14.572317,3405.390163,4.492611,0.159091,0.051636,0.621762,0.0,0.0,-1160.4363,-679.676,905.3075,-629.553,-938.245837,496.6,3310.59586,94.810912,63.3623,165.732658,201.80002
2024-01-24T20:00:00,2024-01-24T21:00:00,DK2,391.792696,54.209389,111.876711,18.919001,37.779,861.715443,1.697861,633.445445,0.0,0.100399,0.019386,0.003706,0.0,1.39321,,726.774,-497.766,,,-504.4,1837.560247,53.155843,10.869,87.710312,5.9596
2024-01-24T19:00:00,2024-01-24T20:00:00,DK1,489.136025,127.152703,74.973034,23.186818,227.894042,1027.96544,14.527502,3424.515039,4.50448,0.181667,0.055153,0.615086,0.0,2e-06,-987.2418,-679.93,1131.3175,-700.97,-1397.386296,525.6,3306.096395,97.07217,60.2498,170.798958,131.701901
2024-01-24T19:00:00,2024-01-24T20:00:00,DK2,428.151978,55.931812,111.409992,18.304021,37.7924,864.636522,1.655452,638.996363,0.0,0.116937,0.022123,0.003722,0.0,1.40482,,795.83875,-501.95,,,-534.1,1918.214892,54.685352,11.338,90.518578,5.9972
2024-01-24T18:00:00,2024-01-24T19:00:00,DK1,507.868978,145.134866,75.336183,23.878589,219.167946,1013.784173,14.35354,3428.498884,4.50942,0.201247,0.051923,0.612364,0.0,2e-06,-864.5393,-442.713,947.165,-701.448,-1449.838682,481.1,3403.124133,96.016728,48.3523,175.937474,134.059966
2024-01-24T18:00:00,2024-01-24T19:00:00,DK2,438.004082,56.023437,111.544166,19.577456,37.7743,864.691759,1.635402,644.827298,0.0,0.15608,0.025606,0.004936,0.0,1.77909,,1000.0335,-661.925008,,,-488.5,2025.652104,54.771171,14.069008,95.604277,5.79206
2024-01-24T17:00:00,2024-01-24T18:00:00,DK1,509.591512,162.972268,75.40001,21.526179,212.845617,1006.363193,14.109784,3435.078384,4.512471,0.255931,0.051143,0.610175,0.0,1e-05,-953.0463,-477.607,943.1759,-655.795,-1144.106574,399.7,3555.637703,88.866594,50.4873,183.347334,134.522143
2024-01-24T17:00:00,2024-01-24T18:00:00,DK2,497.287694,58.355825,153.925387,19.819613,37.7654,867.202052,1.620818,645.565253,0.0,0.216504,0.033149,0.005227,0.0,1.87056,,952.5845,-665.403984,,,-405.4,2165.447998,53.974228,14.099984,101.602041,5.77969
2024-01-24T16:00:00,2024-01-24T17:00:00,DK1,480.60002,165.879598,75.372255,18.524233,217.408599,1006.8123,14.097262,3416.343793,4.516263,0.276764,0.052772,0.6201,0.0,1e-06,-625.8487,-570.009,1137.8869,-630.216,-1203.707056,173.2,3681.810104,86.539756,42.7467,187.561057,125.421981
2024-01-24T16:00:00,2024-01-24T17:00:00,DK2,497.876628,57.946022,162.053067,18.907819,37.7852,871.017786,1.590367,643.658248,0.0,0.255862,0.036722,0.007065,0.0,1.8516,,750.7705,-639.743984,,,-175.7,2228.312902,53.148172,22.696984,103.755235,6.25934
2024-01-24T15:00:00,2024-01-24T16:00:00,DK1,405.389018,135.029594,75.291575,24.239306,207.911807,1012.637619,14.284671,3403.603135,4.526229,0.17855,0.058046,6.843627,0.626576,0.0,-930.3464,-561.363,932.2859,-687.54,-882.930423,442.6,3603.32583,89.162833,53.9054,177.910023,162.637339
2024-01-24T15:00:00,2024-01-24T16:00:00,DK2,505.297308,58.295104,173.154531,20.034944,37.7171,873.180367,1.64125,649.06162,0.0,0.129045,0.014368,0.536071,0.0,1.77001,,299.62825,-67.918,,,-449.3,2103.241968,57.035506,24.041,95.924994,6.13796
2024-01-24T14:00:00,2024-01-24T15:00:00,DK1,431.896228,127.731752,64.210923,25.425857,183.341261,1021.760564,14.214551,3401.868787,4.527012,1.005967,0.125126,50.407075,27.531162,1e-06,-1173.5406,-381.438,742.9957,-699.915,-802.212422,533.2,3573.135944,95.28333,58.3796,176.093235,175.945397
2024-01-24T14:00:00,2024-01-24T15:00:00,DK2,482.863336,58.479963,173.089684,20.336732,37.4902,872.98238,1.647087,634.752825,0.0,0.264336,0.025036,9.823714,4.747089,1.92053,,-160.65825,440.235,,,-541.8,2036.199662,59.01812,18.7145,90.943433,12.11384
2024-01-24T13:00:00,2024-01-24T14:00:00,DK1,361.817336,95.231367,63.804487,28.849218,178.881162,1016.354227,14.549659,3444.63039,4.516343,1.663471,0.197184,64.082476,28.733604,1e-06,-1019.4315,-708.601,1338.3256,-579.721,-792.287688,109.5,3651.095338,85.347476,57.9125,178.449988,199.787764
2024-01-24T13:00:00,2024-01-24T14:00:00,DK2,389.095138,57.400906,172.261921,20.815578,36.7129,867.962133,1.620413,625.31729,0.0,0.902857,0.08575,23.79527,16.045664,2.27764,,-740.41275,741.344,,,-111.5,2103.724709,68.287303,10.976,91.315073,31.9186
2024-01-24T12:00:00,2024-01-24T13:00:00,DK1,306.958475,114.060209,62.516627,31.699276,237.361549,1032.423233,14.719004,3491.429435,4.515143,4.217348,0.432881,112.384618,43.895191,4e-05,-1392.9758,-718.337,1117.5129,91.013,-408.96152,-322.5,3822.364609,95.456586,57.7998,180.742697,207.322008
2024-01-24T12:00:00,2024-01-24T13:00:00,DK2,313.30659,56.573292,171.321667,19.702533,35.6327,864.617951,1.650801,628.945546,0.0,1.425308,0.137395,29.470883,22.715508,1.82043,,-1024.6765,737.934008,,,317.8,2178.378112,74.487069,10.916992,92.147697,71.94519
2024-01-24T11:00:00,2024-01-24T12:00:00,DK1,313.094032,121.382,61.343507,32.802804,235.684813,1044.03189,14.511519,3462.480367,4.537116,6.086558,0.560572,143.72311,53.529976,6e-06,-1153.1977,-537.37,855.5683,2.1,-400.828603,-515.7,3744.340266,98.81909,42.7437,177.636388,185.264469
2024-01-24T11:00:00,2024-01-24T12:00:00,DK2,285.457554,55.546446,161.435011,18.626789,36.2306,864.587738,1.679492,635.339658,0.0,1.700478,0.152704,38.058549,29.518875,1.92438,,-701.882,255.313,,,507.4,2191.089274,65.695478,25.0375,90.934952,71.48723
2024-01-24T10:00:00,2024-01-24T11:00:00,DK1,325.550601,134.684815,61.502174,29.783503,235.744975,1057.068128,14.348555,3223.262984,4.670839,3.779076,0.368709,117.126445,35.744118,3e-06,-937.1924,-517.868,654.4446,-0.369,-400.799042,-330.7,3711.151082,90.291706,34.2994,172.680131,196.097859
2024-01-24T10:00:00,2024-01-24T11:00:00,DK2,337.605502,54.791034,162.247948,20.428981,36.483,864.872239,1.71483,642.226524,0.0,2.067505,0.194598,38.950554,24.822132,1.83154,,-18.20625,-331.609,,,326.1,2164.521137,56.901899,27.5385,90.914513,62.66048
2024-01-24T09:00:00,2024-01-24T10:00:00,DK1,268.404734,137.208076,67.493928,27.138832,235.753599,1060.320413,14.317477,3208.186482,4.671317,1.379559,0.168899,60.608662,14.763219,1e-06,-967.3399,-406.832,181.4257,-0.615,-400.840929,139.4,3645.613069,81.768392,33.1469,173.460829,142.994627
2024-01-24T09:00:00,2024-01-24T10:00:00,DK2,408.646984,53.829139,172.684342,20.065382,35.9495,864.615888,1.678647,637.561179,0.0,1.593436,0.1317,31.053179,23.492439,1.77809,,704.7245,-647.842992,,,-141.7,2168.261413,53.601177,14.396992,90.82405,59.52289
2024-01-24T08:00:00,2024-01-24T09:00:00,DK1,316.081558,131.821081,69.876432,24.814289,231.249625,1057.006518,14.21446,3240.258892,4.654657,0.326596,0.072426,23.430197,3.007054,1e-06,-970.2738,-177.516,-67.3925,-0.666,-400.955672,208.1,3708.109814,80.416401,28.8538,171.465137,111.229878
2024-01-24T08:00:00,2024-01-24T09:00:00,DK2,485.61595,55.196384,172.988353,19.47154,35.842,864.594886,1.646437,635.357592,0.0,0.426722,0.047046,10.075071,7.867151,1.83743,,680.32,-670.404,,,-210.9,2089.982562,52.493946,14.068,88.970047,25.71299
2024-01-24T07:00:00,2024-01-24T08:00:00,DK1,379.486444,125.262986,69.993485,23.255294,226.185575,1029.142711,14.112853,3285.139736,4.650257,0.165926,0.042168,1.231113,0.07196,1e-06,-1087.6073,-62.354,223.1056,-0.627,-415.432084,-159.3,3656.525725,80.145296,35.3823,171.801134,129.820078
2024-01-24T07:00:00,2024-01-24T08:00:00,DK2,488.90745,55.906063,106.613258,19.072315,34.5571,864.575203,1.610431,638.247752,0.0,0.14221,0.021899,1.01452,0.127158,1.82458,,339.923,-648.189992,,,156.8,2061.152947,52.191372,21.869492,88.717088,36.37271
2024-01-24T06:00:00,2024-01-24T07:00:00,DK1,346.202475,105.969184,64.758703,23.349566,226.600511,1049.497277,14.179545,3444.491697,4.653269,0.168731,0.044591,0.715728,0.0,1e-06,-1594.9837,-102.309,972.6977,-0.606,-1065.964768,41.4,3530.86551,87.228505,55.2807,171.322198,172.372727
2024-01-24T06:00:00,2024-01-24T07:00:00,DK2,392.646222,54.495564,65.690018,18.397034,30.0631,864.898508,1.625957,634.363231,0.0,0.131909,0.023964,0.00356,0.0,1.59669,,50.038,-72.998,,,-43.2,1997.775757,56.822688,26.224,85.996859,54.71706
2024-01-24T05:00:00,2024-01-24T06:00:00,DK1,260.077748,90.747275,63.132709,23.471516,219.190628,1024.864349,14.198781,3431.422524,4.669775,0.180523,0.045131,0.71378,0.0,1e-06,-1700.686096,-65.125,880.8963,-0.669,-307.047841,-486.1,3453.983103,94.108418,63.585096,163.263174,409.040115
2024-01-24T05:00:00,2024-01-24T06:00:00,DK2,328.755192,52.481219,65.183062,17.45291,29.1135,864.758071,1.562797,613.560904,0.0,0.133808,0.023124,0.003105,0.0,1.61169,,-1144.9945,499.305,,,478.0,1806.949882,71.287031,20.668,78.572393,65.85245
2024-01-24T04:00:00,2024-01-24T05:00:00,DK1,201.918064,71.961678,59.713088,23.47576,192.693674,676.561197,14.185124,3004.827744,4.678456,0.135353,0.044503,0.591313,0.0,2e-06,-1705.914204,-679.672,1812.3192,-0.683,433.351192,-599.4,3510.787144,106.612199,78.497204,148.617949,573.993987
2024-01-24T04:00:00,2024-01-24T05:00:00,DK2,319.264992,32.831238,65.985175,15.50559,26.1855,868.599777,1.537037,606.999759,0.0,0.096707,0.013818,0.00368,0.0,0.8473,,-1571.911008,738.059008,,,589.0,1693.018573,84.052788,11.156992,73.97025,118.33607
2024-01-24T03:00:00,2024-01-24T04:00:00,DK1,205.431173,70.577003,58.082075,23.183001,200.229803,673.027683,14.073554,3198.222501,4.680991,0.125048,0.041843,0.593827,0.0,1e-06,-1706.0148,-731.124,1943.1055,-0.701,41.743508,-601.4,3393.877711,107.921443,80.0688,150.935082,564.472415
2024-01-24T03:00:00,2024-01-24T04:00:00,DK2,301.983734,31.263022,69.496078,14.038022,28.3289,878.075702,1.524324,605.535431,0.0,0.06895,0.01121,0.002706,0.0,0.35315,,-1581.261758,734.941,,,590.8,1675.160471,81.223854,11.1,78.300844,119.81541
2024-01-24T02:00:00,2024-01-24T03:00:00,DK1,204.966521,70.01564,57.995037,23.149469,199.813735,653.875687,13.847804,3173.474095,4.69505,0.124103,0.041771,0.58666,0.0,1e-06,-1705.762496,-720.666,2119.6067,-0.655,-48.019217,-563.2,3483.88956,112.513774,79.297496,153.252491,566.535926
2024-01-24T02:00:00,2024-01-24T03:00:00,DK2,267.398735,33.781332,69.987787,15.047805,32.5789,877.641772,1.51516,615.934457,0.0,0.06828,0.010057,0.002676,0.0,0.22473,,-1472.579266,723.828992,,,553.7,1719.141417,79.564628,11.027008,83.663829,117.13037
2024-01-24T01:00:00,2024-01-24T02:00:00,DK1,204.27918,72.442672,58.496532,23.433376,200.708054,657.241232,13.113986,3103.906432,4.70117,0.133764,0.044125,0.581725,0.0,1e-06,-1705.701604,-501.155,2029.8709,-0.661,-110.367723,-544.7,3506.367822,112.476216,71.616604,153.685742,567.879673
2024-01-24T01:00:00,2024-01-24T02:00:00,DK2,268.196949,38.702561,69.919059,15.457668,33.3431,876.55934,1.617138,631.394172,0.0,0.068236,0.007061,0.002766,0.0,0.19598,,-1451.217976,720.886,,,535.5,1740.632054,80.871514,11.206,85.56463,111.65113
2024-01-24T00:00:00,2024-01-24T01:00:00,DK1,212.151944,71.52702,58.9029,23.320577,202.503935,701.193122,13.104838,3005.691868,4.700706,0.133422,0.043322,0.568762,0.0,0.0,-1705.568096,-578.549,2238.1215,-0.623,-113.276822,-597.5,3536.446998,128.598316,74.562096,153.980271,570.28078
2024-01-24T00:00:00,2024-01-24T01:00:00,DK2,265.222182,38.326108,80.056441,16.6371,32.0483,876.609409,1.620401,636.468507,0.0,0.077711,0.007529,0.003398,0.0,0.36156,,-1503.280484,716.319976,,,587.1,1747.578138,83.29897,11.243024,86.748291,109.03804
2024-01-23T23:00:00,2024-01-24T00:00:00,DK1,250.88038,78.491882,58.886299,23.44855,237.401608,1050.924971,13.455726,3291.525758,4.661265,0.140083,0.042852,0.55368,0.0,1e-06,-1705.482508,-540.589,1294.2133,-0.616,-72.977524,-572.5,3412.461323,122.657495,73.050508,156.067861,551.96401
2024-01-23T23:00:00,2024-01-24T00:00:00,DK2,273.611176,40.840036,140.426971,17.561229,27.8987,874.21047,1.554721,623.707803,0.0,0.090153,0.009237,0.002914,0.0,0.5516,,-1349.666992,514.228,,,562.8,1727.826018,74.503279,21.688,85.527863,98.16602
2024-01-23T22:00:00,2024-01-23T23:00:00,DK1,333.612311,103.231536,61.919552,23.986109,236.606331,1050.092075,13.560328,3370.560465,4.540236,0.147103,0.044373,0.560873,0.0,2e-06,-1704.8572,-519.769,863.9054,-0.635,-556.695831,-72.6,3208.209663,109.239381,72.0242,156.168508,338.814122
2024-01-23T22:00:00,2024-01-23T23:00:00,DK2,294.90409,41.140794,197.511381,16.250451,31.7348,879.527812,1.311606,574.627966,0.0,0.089546,0.012957,0.003202,0.0,0.77009,,-410.24975,-57.919,,,70.5,1640.215945,59.305452,26.3575,77.893605,41.54312
2024-01-23T21:00:00,2024-01-23T22:00:00,DK1,392.560765,120.546387,67.723013,23.726107,232.942384,1065.907886,13.114341,3256.757363,4.482915,0.14883,0.034877,0.567076,0.0,2e-06,-1669.926,12.627,263.6378,-0.594,-1209.99207,542.3,3116.564676,108.992622,58.874,158.375561,197.049758
2024-01-23T21:00:00,2024-01-23T22:00:00,DK2,310.35398,41.02773,201.80907,16.040924,26.5107,881.622028,1.173683,521.354972,0.0,0.096373,0.013256,0.007627,0.0,1.33037,,894.148,-643.430992,,,-551.2,1700.857721,53.954866,22.801492,77.59425,19.72475
2024-01-23T20:00:00,2024-01-23T21:00:00,DK1,531.577089,142.153626,75.94181,22.872897,236.626621,1061.410289,11.998737,3003.134063,4.479832,0.156801,0.030962,0.520197,0.0,2e-06,-1342.7339,-256.973,656.1423,-0.576,-1446.937637,430.3,3130.124689,102.315923,42.6959,149.929859,180.229133
2024-01-23T20:00:00,2024-01-23T21:00:00,DK2,302.361488,51.881214,200.065296,15.683916,27.3234,875.868875,0.952959,472.034319,0.0,0.101981,0.015082,0.004222,0.0,1.57852,,1018.87925,-673.356,,,-436.6,1856.794522,51.194096,14.236,80.941494,64.71782
2024-01-23T19:00:00,2024-01-23T20:00:00,DK1,590.376333,204.035097,82.400525,21.559718,227.346297,1020.418404,10.371173,2602.373326,4.450303,0.168248,0.022462,0.392116,0.0,2e-06,-889.5386,1.988,444.0712,-0.621,-1456.773883,264.5,3127.539721,90.974129,23.8686,141.250374,99.314505
2024-01-23T19:00:00,2024-01-23T20:00:00,DK2,314.134962,91.051655,200.107757,15.042155,28.9708,869.4025,0.7321,415.988984,0.0,0.119529,0.016868,0.040907,0.0,1.36947,,945.74025,-657.871016,,,-268.1,1956.746921,48.908774,14.342016,83.062286,65.05256
2024-01-23T18:00:00,2024-01-23T19:00:00,DK1,655.94813,215.432812,83.775628,25.224432,224.842583,873.664481,8.79308,2268.5106,4.483048,0.212119,0.022523,0.396666,0.0,2e-06,-442.0444,128.403,382.8827,-0.659,-1408.728829,124.4,3145.559575,77.759773,12.2154,137.622789,78.568062
2024-01-23T18:00:00,2024-01-23T19:00:00,DK2,233.426508,90.658365,214.95074,12.381308,25.5643,822.18963,0.790385,417.723467,0.0,0.171518,0.022153,0.020404,0.0,1.54198,,1053.687,-677.135024,,,-126.3,2069.692734,45.939606,14.319024,87.543398,65.05228
2024-01-23T17:00:00,2024-01-23T18:00:00,DK1,706.534706,229.616242,84.145282,24.875902,227.838882,995.636696,7.496026,2075.971086,4.487686,0.256063,0.026684,0.324783,0.0,1.3e-05,-29.1482,19.583,412.2935,-0.634,-1395.138117,11.5,3375.666234,70.616819,5.9522,140.139112,82.318943
2024-01-23T17:00:00,2024-01-23T18:00:00,DK2,231.770774,90.577989,218.150692,13.873698,25.25,863.520617,0.938505,470.071028,0.0,0.235616,0.030999,0.005404,0.0,1.59083,,954.79475,-674.545016,,,-12.4,2183.865886,48.853341,14.466016,95.326712,35.0774
2024-01-23T16:00:00,2024-01-23T17:00:00,DK1,655.791323,272.641647,83.051527,24.907436,208.720477,1032.92204,6.76867,1837.203248,4.49465,0.312089,0.033082,0.343645,0.0,5e-06,-30.7517,150.138,-20.5891,-0.653,-812.222626,117.6,3530.711413,67.702739,5.5987,143.163107,66.342687
2024-01-23T16:00:00,2024-01-23T17:00:00,DK2,340.818502,91.435752,219.812506,14.82007,24.8393,837.945081,0.953528,491.134378,0.0,0.28797,0.046644,0.004875,0.0,2.10032,,1046.43975,-677.685,,,-119.8,2273.153676,48.579201,14.122,99.109733,44.73147
2024-01-23T15:00:00,2024-01-23T16:00:00,DK1,618.077238,259.114004,85.252608,24.386527,200.45754,1027.687776,7.176796,1787.896735,4.608852,0.236182,0.037663,4.086345,0.693309,1e-06,-437.3489,104.325,-67.6268,-0.662,-755.183399,459.2,3322.415477,69.474431,12.9909,131.585774,90.273989
2024-01-23T15:00:00,2024-01-23T16:00:00,DK2,329.88833,91.803676,218.339169,15.484592,30.0762,847.104282,1.027734,492.503549,0.0,0.176208,0.021283,1.787254,1.048762,2.27675,,1216.97175,-667.97,,,-466.3,2114.239539,51.004133,14.234,89.722091,35.42197
2024-01-23T14:00:00,2024-01-23T15:00:00,DK1,664.052282,252.373156,82.7429,29.351603,187.578182,1002.180839,8.04957,1942.355389,4.660331,1.845892,0.195875,69.625484,30.666636,6e-06,-662.3366,552.492,-36.6308,-0.135,-1442.836599,584.0,3270.231145,80.957017,14.7596,125.898006,86.706031
2024-01-23T14:00:00,2024-01-23T15:00:00,DK2,274.589582,66.65106,189.551507,18.304428,31.7523,881.697376,1.266992,540.862343,0.0,1.195061,0.105941,24.780701,20.95085,2.19399,,1257.1215,-667.813008,,,-594.0,2049.210622,57.177768,14.187008,85.46922,30.2138
2024-01-23T13:00:00,2024-01-23T14:00:00,DK1,568.552152,209.710006,75.034934,37.811232,185.300135,1019.670963,10.434078,2420.04186,4.673251,12.156549,1.053178,194.121184,72.612808,6e-06,-1111.9955,530.653,84.3849,0.0,-1451.892653,588.0,3450.322082,83.091595,29.4515,137.738433,127.007889
2024-01-23T13:00:00,2024-01-23T14:00:00,DK2,269.023386,64.741692,188.450813,23.927077,33.461,884.655856,1.347608,537.061785,0.0,10.868859,1.070842,68.865677,48.811119,2.08793,,1239.846,-667.755984,,,-598.1,2108.363659,58.352931,14.267984,84.958668,64.26175
2024-01-23T12:00:00,2024-01-23T13:00:00,DK1,548.191421,210.817929,74.36732,42.454135,211.460429,996.266278,11.592217,2692.822166,4.492,42.085662,3.509686,357.119794,85.54525,7e-06,-1551.5854,292.044,522.7334,0.0,-1457.662488,588.0,3674.253808,88.440164,47.0584,145.978271,279.859188
2024-01-23T12:00:00,2024-01-23T13:00:00,DK2,268.60803,56.282518,188.630788,27.014898,33.716,890.049539,1.441348,553.436131,0.0,13.879756,1.389271,94.33624,71.992737,2.03516,,1230.07575,-667.532992,,,-598.0,2167.355171,58.765147,14.078992,87.021584,62.43126
2024-01-23T11:00:00,2024-01-23T12:00:00,DK1,529.868972,213.927733,70.851166,44.116778,219.481497,1052.983289,12.499411,2945.319205,4.365004,47.759369,3.95871,400.633617,101.196075,5.1e-05,-1696.382304,-30.488,723.6718,0.0,-1455.776021,581.8,3769.786356,90.822897,60.750304,155.597274,276.610417
2024-01-23T11:00:00,2024-01-23T12:00:00,DK2,268.364228,53.307874,216.618783,30.045034,33.3346,895.603373,1.437496,554.398444,0.0,14.856596,1.466072,94.651208,95.766762,1.7633,,1210.23125,-667.825,,,-591.7,2212.320023,59.759633,14.27,87.39435,67.3669
2024-01-23T10:00:00,2024-01-23T11:00:00,DK1,463.892395,237.36029,69.169834,44.883283,215.209333,1053.307916,13.024286,3085.210032,4.860167,45.084319,3.516739,434.916129,151.921097,2.6e-05,-1655.3221,357.203,160.2868,0.0,-1361.53637,493.6,3816.58718,96.759238,53.4581,161.226309,154.723015
2024-01-23T10:00:00,2024-01-23T11:00:00,DK2,269.797,50.618615,217.035324,27.421417,31.3746,894.157244,1.412047,563.235297,0.0,7.043675,0.745692,62.779752,56.528408,1.63443,,1173.93425,-666.230008,,,-501.3,2190.187745,58.321226,14.197008,88.533729,62.20178
2024-01-23T09:00:00,2024-01-23T10:00:00,DK1,490.798714,237.4138,68.658675,37.062126,219.189607,1060.622722,13.261954,3127.919297,4.601095,21.505444,1.580988,270.456239,91.034218,0.048188,-1255.5395,477.293,-39.7642,0.0,-1455.299012,449.7,3820.543355,96.99671,33.8735,165.015814,153.444339
2024-01-23T09:00:00,2024-01-23T10:00:00,DK2,268.93642,52.543466,218.716279,20.822389,30.3383,892.075655,1.333999,554.194293,0.0,2.444621,0.234946,41.485797,30.55979,1.55916,,1193.1095,-665.215016,,,-456.7,2186.439598,57.24118,14.010016,89.899726,60.05573
2024-01-23T08:00:00,2024-01-23T09:00:00,DK1,476.475518,206.215131,68.517134,28.020778,231.062923,1066.555169,13.219389,3228.514389,4.610824,3.293887,0.289746,85.49829,11.339043,5e-06,-1081.5232,199.847,22.9685,0.0,-1457.824108,533.2,3640.280417,96.467393,27.5622,168.543539,102.309863
2024-01-23T08:00:00,2024-01-23T09:00:00,DK2,267.02709,49.90872,212.957719,18.443965,23.7656,895.074413,1.323409,549.695512,0.0,0.78063,0.079897,17.65291,6.41948,1.41949,,1319.434234,-665.556,,,-541.9,2156.527069,57.020687,14.172,89.680797,60.8674
2024-01-23T07:00:00,2024-01-23T08:00:00,DK1,443.344355,209.520963,66.136704,23.697123,231.221599,1069.026341,13.362285,3318.632851,4.615765,0.189973,0.037534,4.875166,0.255134,4e-06,-1005.2367,-2.947,91.562,0.0,-1450.169976,525.4,3543.524121,96.378607,25.8617,172.706821,96.311304
2024-01-23T07:00:00,2024-01-23T08:00:00,DK2,268.747424,54.175991,216.546388,18.820551,24.9509,887.637714,1.32255,566.602129,0.0,0.140607,0.017337,1.918114,0.232695,1.56904,,1287.328742,-665.703984,,,-534.2,2130.106198,56.425053,14.027984,89.314533,60.09236
2024-01-23T06:00:00,2024-01-23T07:00:00,DK1,361.45938,188.279444,65.571195,23.047317,226.74194,1069.256314,13.202136,3262.900433,4.619274,0.162961,0.033157,0.722335,0.0,1e-06,-1105.0622,-181.108,76.3987,0.0,-1106.884016,583.8,3483.140371,96.982582,32.0052,168.998901,120.597089
2024-01-23T06:00:00,2024-01-23T07:00:00,DK2,269.844496,53.774071,217.036323,17.396516,28.6054,893.74683,1.3554,576.067821,0.0,0.130581,0.01824,0.003275,0.0,1.79497,,1255.422258,-665.597008,,,-593.7,2055.899173,56.634479,14.243008,87.635545,62.85393
2024-01-23T05:00:00,2024-01-23T06:00:00,DK1,343.05497,114.557106,57.701493,22.421758,228.073008,1069.891545,12.474618,3110.485434,4.623801,0.154271,0.032135,0.621861,0.0,3e-06,-1449.481,267.38,50.3752,0.0,-1046.502008,588.0,3373.864195,98.367593,41.259,153.877969,226.061466
2024-01-23T05:00:00,2024-01-23T06:00:00,DK2,274.550876,53.327091,215.289728,18.11086,26.755,891.266615,1.355348,568.603144,0.0,0.141232,0.01907,0.009199,0.0,1.24844,,1039.21125,-665.737992,,,-598.1,1826.049861,55.302554,14.250992,79.640347,59.75989
2024-01-23T04:00:00,2024-01-23T05:00:00,DK1,274.917476,63.319064,57.541785,21.714231,229.659091,1057.056202,11.925449,3003.386956,4.630247,0.126444,0.032324,0.514668,0.0,1e-06,-1690.4635,34.82,447.7402,0.0,-806.645783,588.0,3298.274855,92.470517,59.6555,143.826902,450.788211
2024-01-23T04:00:00,2024-01-23T05:00:00,DK2,275.80537,43.70649,171.182042,19.534887,24.8878,884.711894,1.357349,567.51381,0.0,0.099305,0.010106,0.016329,0.0,1.02202,,939.5675,-665.738992,,,-598.1,1665.57591,54.237252,14.284992,74.382648,110.22327
2024-01-23T03:00:00,2024-01-23T04:00:00,DK1,274.399582,63.654943,55.352638,21.471199,227.83222,1042.456775,11.127387,2954.796118,4.635328,0.100274,0.028239,0.475653,0.0,2e-06,-1705.668792,-342.345,730.0615,0.0,-401.389925,587.9,3524.888141,94.606223,65.092792,140.939357,658.673233
2024-01-23T03:00:00,2024-01-23T04:00:00,DK2,277.049504,32.131591,109.97872,21.019717,27.1454,886.215929,1.294192,555.119138,0.0,0.072358,0.009577,0.003952,0.0,0.50186,,958.14425,-665.744,,,-598.1,1604.842188,55.296349,14.394,71.56836,116.81394
2024-01-23T02:00:00,2024-01-23T03:00:00,DK1,275.935338,61.946996,54.145501,20.914072,225.917383,1069.112964,11.629082,2932.884611,4.636983,0.093698,0.026076,0.445557,0.0,2e-06,-1705.425096,-612.603,1211.9942,0.0,-570.570222,588.0,3569.084145,97.751573,72.407096,143.302009,677.799072
2024-01-23T02:00:00,2024-01-23T03:00:00,DK2,263.3654,31.754217,65.246694,21.321276,31.4618,888.865904,1.360928,565.628213,0.0,0.07261,0.011752,0.002907,0.0,0.11434,,1065.33875,-665.510016,,,-598.0,1671.034775,56.655468,14.204016,75.271338,119.74302
2024-01-23T01:00:00,2024-01-23T02:00:00,DK1,269.32333,59.277157,55.295274,21.697543,228.260856,1021.27295,12.271422,3088.981053,4.642248,0.090364,0.035045,0.464189,0.0,2e-06,-1705.3238,-381.319,927.9838,0.0,-603.323588,587.9,3587.528845,91.885795,65.6138,148.965945,613.528161
2024-01-23T01:00:00,2024-01-23T02:00:00,DK2,258.931122,30.819319,63.641469,21.582668,32.8052,886.601319,1.431794,574.83141,0.0,0.065774,0.012848,0.002887,0.0,0.21006,,1091.77325,-665.333984,,,-598.1,1699.275136,56.458125,14.217984,77.456481,117.33788
2024-01-23T00:00:00,2024-01-23T01:00:00,DK1,269.287895,60.981252,55.042956,22.522196,229.194887,1055.839687,12.637606,3132.649706,4.622731,0.101424,0.037045,0.440295,0.0,0.0,-1705.4104,-400.929,875.0266,0.0,-696.577437,587.9,3503.367443,96.628437,66.0004,152.533162,518.677576
2024-01-23T00:00:00,2024-01-23T01:00:00,DK2,259.719802,31.232276,67.021297,21.039448,33.3235,888.016835,1.41588,577.995887,0.0,0.074822,0.012526,0.004378,0.0,0.37274,,1101.15975,-665.806,,,-598.0,1717.583141,56.603325,14.338,78.536203,112.78786
2024-01-22T23:00:00,2024-01-23T00:00:00,DK1,330.220461,64.968121,58.677097,23.290943,228.36331,1058.925147,12.743806,3181.945581,4.62378,0.11825,0.027826,0.49966,0.0,1e-06,-1705.315,-141.793,174.6623,0.0,-610.617255,588.0,3269.341028,94.090208,61.314,149.846857,436.978825
2024-01-22T23:00:00,2024-01-23T00:00:00,DK2,260.492534,32.261592,68.502645,20.611347,27.7632,888.287204,1.442673,586.261916,0.0,0.076806,0.0107,0.012497,0.0,0.94882,,1094.284,-667.951016,,,-598.1,1714.904918,56.595599,14.144016,72.070446,108.05387
2024-01-22T22:00:00,2024-01-22T23:00:00,DK1,371.369529,107.579406,74.563942,22.942908,229.101187,1030.512083,12.949601,3211.058068,4.616424,0.139114,0.02906,0.437552,0.0,4e-06,-1705.4144,22.59,180.6277,0.0,-978.75981,588.0,3172.342368,97.658471,60.7424,150.076263,351.672856
2024-01-22T22:00:00,2024-01-22T23:00:00,DK2,260.306064,36.939527,123.981466,20.288117,24.7921,889.104771,1.465707,591.181766,0.0,0.082513,0.013521,0.002968,0.0,0.94963,,1037.25275,-665.554984,,,-598.1,1722.705916,56.937387,14.189984,76.363548,119.02759
2024-01-22T21:00:00,2024-01-22T22:00:00,DK1,419.771254,125.048873,75.737796,23.196549,231.448941,1068.271064,12.85298,3225.314633,4.522209,0.157095,0.029839,0.401777,0.0,2e-06,-1705.003808,175.202,268.0222,0.0,-1437.310189,588.0,3075.663215,104.432388,58.499808,151.510581,226.010886
2024-01-22T21:00:00,2024-01-22T22:00:00,DK2,259.306428,38.886759,216.27705,18.197023,27.7776,889.510713,1.472427,595.076845,0.0,0.091213,0.014367,0.00376,0.0,1.18787,,1010.284,-665.335024,,,-598.1,1794.651031,56.081119,14.191024,80.157721,97.22491
2024-01-22T20:00:00,2024-01-22T21:00:00,DK1,419.842427,121.438474,76.479175,23.432243,232.922011,1064.068877,12.840585,3231.859427,4.100773,0.153895,0.028247,0.425894,0.0,2e-06,-1700.886796,116.801,468.1425,0.0,-1449.656563,586.3,3208.292171,99.905668,59.324796,156.631012,223.08828
2024-01-22T20:00:00,2024-01-22T21:00:00,DK2,256.62933,40.72177,220.091814,19.229822,27.2837,887.825414,1.423429,588.982335,0.0,0.111035,0.016231,0.004836,0.0,1.23645,,1122.6645,-665.639,,,-596.2,1904.381666,55.528424,14.272,84.421245,99.48321
2024-01-22T19:00:00,2024-01-22T20:00:00,DK1,551.724723,117.201814,77.037671,23.734372,232.742855,1069.086173,12.892264,3249.67878,3.835501,0.166955,0.032038,0.569737,0.0,2e-06,-1618.2663,-84.882,150.2599,0.0,-1090.102603,556.7,3252.411882,98.30394,52.6993,158.980228,178.154127
2024-01-22T19:00:00,2024-01-22T20:00:00,DK2,257.406129,49.726756,221.892534,19.783132,31.0047,889.478496,1.390965,578.333197,0.0,0.123821,0.019921,0.003731,0.0,1.23185,,1174.348742,-665.564,,,-565.8,1993.379974,56.778128,14.194,87.364935,97.80987
2024-01-22T18:00:00,2024-01-22T19:00:00,DK1,665.592285,141.262814,77.484418,23.76079,232.694017,1068.181403,12.906117,3276.602865,3.837628,0.195953,0.037913,0.541077,0.0,5e-06,-1229.9704,-215.348,157.9445,0.0,-1377.753852,488.1,3326.069533,94.003504,36.7824,165.415561,143.42007
2024-01-22T18:00:00,2024-01-22T19:00:00,DK2,273.857818,54.543639,222.231078,20.930593,31.0118,889.035816,1.306168,568.301806,0.0,0.181999,0.02467,0.004458,0.0,1.38764,,1167.132258,-665.610984,,,-495.6,2068.738759,55.804859,14.147984,92.21711,54.43368
2024-01-22T17:00:00,2024-01-22T18:00:00,DK1,635.268409,151.692737,78.467867,23.602301,234.823542,1069.615615,12.908812,3276.00072,3.843734,0.25641,0.042114,0.547031,0.0,4.5e-05,-1078.6257,57.971,44.8779,-0.021,-1453.644542,361.7,3419.326995,94.218393,29.1227,173.255497,60.045294
2024-01-22T17:00:00,2024-01-22T18:00:00,DK2,275.347452,64.738003,222.370129,21.197677,28.2306,889.827519,1.249692,562.888467,0.0,0.257898,0.037062,0.005963,0.0,1.91274,,1166.79875,-666.037984,,,-366.7,2202.123968,55.345255,14.389984,98.671934,44.85973
2024-01-22T16:00:00,2024-01-22T17:00:00,DK1,682.089223,152.445699,79.934594,23.868229,234.759951,1059.460855,12.814184,3276.770337,3.846658,0.306753,0.048321,0.514887,0.0,4e-06,-845.1593,-18.506,-3.6573,-0.05,-1335.038945,255.7,3580.14815,88.934393,21.6343,179.848415,62.725063
2024-01-22T16:00:00,2024-01-22T17:00:00,DK2,266.208826,63.663516,217.72366,20.197541,27.3984,887.90976,1.248567,558.637322,0.0,0.281876,0.067292,0.005352,0.0,2.13309,,1152.804516,-665.735,,,-259.1,2273.444718,54.217736,14.19,100.771316,45.41795
2024-01-22T15:00:00,2024-01-22T16:00:00,DK1,667.861117,132.228185,72.251965,24.545642,233.493306,1070.309169,13.206238,3299.586882,3.863353,0.258869,0.050433,10.915531,1.892158,0.0,-1214.0419,-15.422,315.5644,0.0,-1334.77728,215.4,3497.186068,90.781514,38.1049,169.464744,143.024344
2024-01-22T15:00:00,2024-01-22T16:00:00,DK2,267.612734,63.880372,195.996685,18.36525,28.652,882.886908,1.297267,558.347894,0.0,0.171888,0.020547,0.632412,0.0,2.0606,,1063.731242,-666.172992,,,-218.5,2198.982807,53.998627,14.406992,92.841386,105.25159
2024-01-22T14:00:00,2024-01-22T15:00:00,DK1,612.450775,131.104433,72.215865,28.731261,233.027524,1063.160646,13.567862,3302.200128,3.867303,2.778072,0.270819,92.469959,21.262823,2e-06,-1672.8552,612.551,176.1365,0.0,-1449.455146,310.7,3554.184626,96.913079,56.5182,165.445303,159.070752
2024-01-22T14:00:00,2024-01-22T15:00:00,DK2,256.084936,62.099714,154.314902,19.312124,29.8844,889.591613,1.333921,566.986347,0.0,0.519991,0.044587,15.078567,6.283589,2.08475,,1095.166008,-665.909992,,,-315.1,2117.775457,55.370049,14.382992,88.48167,90.14743
2024-01-22T13:00:00,2024-01-22T14:00:00,DK1,626.816676,127.281891,75.54001,34.476912,232.457606,1056.540792,13.822409,3305.971023,3.866886,13.014053,1.098969,221.127013,44.4221,6e-06,-1705.608508,428.392,423.1924,0.0,-1454.038421,318.7,3767.073819,94.89101,58.907508,167.776422,299.96893
2024-01-22T13:00:00,2024-01-22T14:00:00,DK2,238.187028,62.973365,145.17921,24.116298,29.0438,881.474931,1.38524,571.355057,0.0,4.251379,0.400447,66.425709,22.460632,2.14604,,1081.19425,-663.762,,,-323.1,2143.731387,56.48489,14.462,89.135773,90.27099
2024-01-22T12:00:00,2024-01-22T13:00:00,DK1,588.402357,123.868816,74.987525,41.413036,232.906644,1049.556571,13.948893,3333.015771,3.863921,29.539523,2.541072,336.592128,58.667374,3e-05,-1701.5187,-300.608,876.6376,0.0,-1286.21681,483.5,3961.09775,94.954108,63.4857,169.047123,427.709847
2024-01-22T12:00:00,2024-01-22T13:00:00,DK2,229.535404,60.518714,144.641146,26.980513,28.5736,879.704963,1.480984,576.514546,0.0,9.991677,0.92519,117.146611,33.385616,1.93724,,1117.441,-554.171008,,,-491.0,2183.606195,59.296234,12.749008,90.767861,92.89134
2024-01-22T11:00:00,2024-01-22T12:00:00,DK1,677.164703,124.117002,74.490777,44.986966,214.485149,1035.778405,14.00482,3352.178006,3.858654,41.539358,3.448318,427.891286,49.861683,2.3e-05,-1630.3075,-33.788,178.8732,0.0,-1269.504439,444.3,3753.378411,94.413775,53.0985,170.204814,208.405262
2024-01-22T11:00:00,2024-01-22T12:00:00,DK2,231.389356,59.925766,184.838885,29.100356,33.3053,882.30205,1.464985,578.395847,0.0,13.425283,1.319107,122.043149,37.845837,1.61777,,1159.888,-664.295976,,,-451.0,2221.565713,58.990325,14.496976,90.782526,100.00728
2024-01-22T10:00:00,2024-01-22T11:00:00,DK1,696.207791,127.35435,76.911265,42.716274,211.43419,1041.969071,13.961634,3359.469752,3.851547,32.995477,2.546154,374.699549,40.229965,9e-06,-1480.3595,-73.203,241.9333,0.0,-1453.498739,392.8,3652.019091,93.790136,43.8445,170.666689,124.890979
2024-01-22T10:00:00,2024-01-22T11:00:00,DK2,232.620558,59.345226,188.638105,25.274508,35.8239,871.063908,1.449534,582.499589,0.0,6.721135,0.696275,78.06898,22.976006,1.39201,,1184.446992,-666.052008,,,-398.5,2226.464717,55.735062,14.239008,93.081491,76.49767
2024-01-22T09:00:00,2024-01-22T10:00:00,DK1,675.07101,128.070712,79.308571,35.641537,209.110494,1049.298658,13.823769,3373.629139,3.765105,15.531325,1.120889,224.59379,21.783157,1.9e-05,-1360.8354,-252.193,449.4679,0.0,-1450.78269,429.7,3646.104985,90.780713,41.2324,174.455334,121.365395
2024-01-22T09:00:00,2024-01-22T10:00:00,DK2,224.042876,62.663926,190.221379,21.364676,36.3127,877.945728,1.577356,610.492356,0.0,1.345048,0.116615,21.753817,8.26882,1.37167,,1290.830242,-664.445984,,,-436.1,2247.761225,57.260326,14.265984,96.443047,76.78721
2024-01-22T08:00:00,2024-01-22T09:00:00,DK1,703.221995,124.585839,80.866191,26.584936,208.245503,1031.033484,13.799135,3400.43634,3.694641,1.631304,0.145634,58.518959,4.65696,1e-06,-1472.7393,-519.604,615.322,0.0,-1148.845874,523.9,3655.453749,93.240102,52.5693,177.169419,161.061865
2024-01-22T08:00:00,2024-01-22T09:00:00,DK2,239.478702,64.044125,188.625641,22.033765,36.2316,885.921432,1.673446,638.098865,0.0,0.134317,0.016915,3.749451,0.672136,1.42847,,1296.672766,-607.599992,,,-532.1,2239.08164,61.602236,14.120992,96.98724,77.26578
2024-01-22T07:00:00,2024-01-22T08:00:00,DK1,712.464824,133.162679,82.353863,22.697576,205.38238,999.484658,13.64391,3391.875064,3.691941,0.191907,0.043265,1.701053,0.096811,1e-06,-1142.0322,-132.301,289.3682,0.0,-1448.742208,402.1,3535.182724,90.354322,32.6682,177.347125,99.565989
2024-01-22T07:00:00,2024-01-22T08:00:00,DK2,239.352944,64.354995,194.52708,22.241426,35.8205,887.901539,1.71344,647.739796,0.0,0.111972,0.015646,0.039737,0.0,1.33285,,1166.1475,-666.391,,,-408.0,2186.908425,57.783359,14.224,95.651754,66.27791
2024-01-22T06:00:00,2024-01-22T07:00:00,DK1,627.774949,128.467516,81.402719,23.10646,178.093843,992.825383,13.574279,3377.82522,3.637125,0.182021,0.043853,0.635547,0.0,1e-06,-1283.086,-156.045,314.5484,0.0,-1340.319632,477.6,3440.266684,95.137856,38.636,172.192422,101.816742
2024-01-22T06:00:00,2024-01-22T07:00:00,DK2,234.985614,62.537107,183.371926,21.220598,36.2291,894.268576,1.74696,648.425216,0.0,0.126476,0.020793,0.002936,0.0,1.7871,,1154.941766,-666.536,,,-485.0,2088.128168,58.852833,14.196,92.947168,60.98363
2024-01-22T05:00:00,2024-01-22T06:00:00,DK1,346.653977,93.818212,68.940253,18.701646,153.567972,935.802581,13.896619,3355.52208,3.678349,0.174244,0.048426,0.593695,0.0,1e-06,-1659.9963,-646.347,621.3696,0.0,-464.228986,580.2,3422.395369,97.612904,70.6763,164.091383,288.614119
2024-01-22T05:00:00,2024-01-22T06:00:00,DK2,225.475826,59.723466,109.000523,21.971965,36.306,877.438554,1.733938,645.524603,0.0,0.134257,0.017299,0.003112,0.0,0.91718,,1105.97575,-594.542992,,,-589.9,1899.779481,58.316642,27.596992,85.590228,85.44721
2024-01-22T04:00:00,2024-01-22T05:00:00,DK1,268.750321,68.499177,65.20359,15.281657,99.030356,890.11803,14.231874,3323.308163,3.688948,0.141231,0.051672,0.571199,0.0,3e-06,-1504.2287,-679.296,690.7673,0.0,-169.282504,543.1,3629.936317,87.097954,60.3497,157.330036,680.326621
2024-01-22T04:00:00,2024-01-22T05:00:00,DK2,224.1675,34.274532,80.18269,21.674803,35.4446,825.805503,1.737641,648.962996,0.0,0.091258,0.010872,0.00302,0.0,0.97734,,393.8015,-2.858,,,-552.0,1712.276255,55.235724,25.494,80.248193,93.68704
2024-01-22T03:00:00,2024-01-22T04:00:00,DK1,229.775154,67.245493,63.825331,15.235232,60.335537,807.118159,14.271643,3329.37092,3.687652,0.117735,0.047589,0.573781,0.0,1e-06,-1645.1682,-728.556,1174.437,0.0,192.38384,36.9,3621.600867,82.008072,71.9962,159.347382,702.36022
2024-01-22T03:00:00,2024-01-22T04:00:00,DK2,223.4643,32.194962,80.176993,20.012058,34.584,827.866267,1.720094,653.38597,0.0,0.071933,0.008335,0.003914,0.0,0.31913,,-714.072,560.295992,,,-38.1,1681.931948,61.785309,20.3785,79.675017,92.80623
2024-01-22T02:00:00,2024-01-22T03:00:00,DK1,300.653397,69.362119,64.265411,20.365559,103.373101,802.264277,14.188563,3392.788888,3.69681,0.109379,0.047373,0.589699,0.0,1e-06,-1616.9022,-723.348,1078.5465,0.0,327.63282,-245.4,3592.233697,87.769982,69.7132,164.890475,676.632189
2024-01-22T02:00:00,2024-01-22T03:00:00,DK2,226.363014,33.28756,79.509149,20.272872,33.1693,831.012323,1.627172,639.596063,0.0,0.072538,0.007434,0.002671,0.0,0.24869,,-1073.271,715.408,,,241.8,1749.105786,70.449613,11.118,81.783747,116.3627
2024-01-22T01:00:00,2024-01-22T02:00:00,DK1,287.764903,68.826056,65.933704,21.310187,175.467378,882.707874,14.349912,3438.816963,3.69755,0.110949,0.050222,0.586192,0.0,2e-06,-1699.7109,-720.854,707.7534,0.0,316.561316,-26.3,3537.071708,86.316776,76.8679,163.582163,662.391068
2024-01-22T01:00:00,2024-01-22T02:00:00,DK2,225.559248,38.917959,80.317291,21.273901,32.6439,833.399389,1.535545,621.912505,0.0,0.067412,0.007893,0.003883,0.0,0.1935,,-833.6685,689.615992,,,25.4,1737.179918,66.226011,10.969008,81.373646,110.94813
2024-01-22T00:00:00,2024-01-22T01:00:00,DK1,310.485274,68.028533,67.691654,23.553259,191.006204,997.507515,14.471891,3432.065815,3.689362,0.124876,0.055563,0.605289,0.0,0.0,-1706.069312,-730.83,795.2064,0.0,60.375568,-53.8,3474.167891,90.441031,77.515312,162.49258,643.263513
2024-01-22T00:00:00,2024-01-22T01:00:00,DK2,226.05069,39.272418,79.243692,20.932159,34.9831,834.090829,1.516504,612.15278,0.0,0.066189,0.007872,0.002664,0.0,0.50989,,-673.24475,511.909008,,,52.6,1740.093045,60.331288,21.453,80.829349,115.6107
2024-01-21T23:00:00,2024-01-22T00:00:00,DK1,345.779651,81.070501,67.410797,24.204149,217.980375,1024.362687,14.407327,3500.195421,3.684607,0.128887,0.045238,0.625081,0.0,1e-06,-1705.876608,-720.91,911.9557,0.0,-437.936118,-1.3,3325.827696,97.813288,77.683608,162.413765,486.148564
2024-01-21T23:00:00,2024-01-22T00:00:00,DK2,226.558438,41.465127,80.288383,19.905635,33.6512,834.465111,1.450162,602.599921,0.0,0.066387,0.008628,0.002707,0.0,1.55333,,-29.86975,-59.408,,,0.0,1752.737279,52.314961,26.6615,80.471469,118.55676
2024-01-21T22:00:00,2024-01-21T23:00:00,DK1,455.534886,137.857218,69.995806,23.950585,224.96857,1037.296907,13.911913,3436.224464,3.616672,0.139289,0.047694,0.619808,0.0,0.0,-1705.839408,-732.068,650.9389,0.0,-1079.673283,437.4,2974.922021,101.460188,77.636408,157.692214,291.714693
2024-01-21T22:00:00,2024-01-21T23:00:00,DK2,236.203784,41.104053,83.647159,16.852202,30.0148,834.65656,1.348944,566.44185,0.0,0.069048,0.009248,0.002757,0.0,1.11681,,1002.4695,-640.672,,,-443.9,1729.364715,50.167281,22.6185,77.755284,112.54639
2024-01-21T21:00:00,2024-01-21T22:00:00,DK1,585.207401,153.515187,79.520029,23.346267,234.400121,1044.175932,13.346093,3344.198889,3.679154,0.139567,0.036673,0.62898,0.0,0.0,-1705.2875,-732.593,691.2892,0.0,-1087.902392,298.2,2945.900601,95.633049,77.9845,155.371302,220.609047
2024-01-21T21:00:00,2024-01-21T22:00:00,DK2,238.799778,39.627962,82.641145,14.427582,32.8161,834.750377,1.308505,562.599132,0.0,0.072816,0.008292,0.00392,0.0,1.49218,,942.281,-656.127032,,,-302.2,1792.501757,49.288935,14.114032,80.937378,106.0737
2024-01-21T20:00:00,2024-01-21T21:00:00,DK1,611.765959,158.128249,81.667681,23.457416,237.273322,1057.108613,12.930978,3280.783228,3.683142,0.135081,0.029584,0.628831,0.0,1e-06,-1699.4725,-732.662,683.4532,0.0,-833.1862,165.6,3051.324585,92.740771,77.2805,158.562643,196.239269
2024-01-21T20:00:00,2024-01-21T21:00:00,DK2,237.406144,44.051918,89.550792,17.236781,31.3643,834.720662,1.257212,550.606376,0.0,0.083238,0.009809,0.003931,0.0,1.9997,,754.6865,-499.591,,,-167.9,1895.486363,48.621972,11.017,85.364517,105.442
2024-01-21T19:00:00,2024-01-21T20:00:00,DK1,646.578426,171.17265,83.472948,23.018484,237.098206,1056.81595,12.433515,3180.987009,3.673112,0.138953,0.033381,0.579981,0.0,2e-06,-1660.8779,-732.498,765.3186,0.0,-1021.176901,282.7,3049.468416,99.904426,82.23875,157.311902,127.29484
2024-01-21T19:00:00,2024-01-21T20:00:00,DK2,251.51684,65.129614,126.320781,19.413536,33.0252,834.66945,1.214159,549.62609,0.0,0.100387,0.014108,0.003311,0.0,1.80292,,1000.5615,-647.235,,,-286.5,1949.662896,49.39084,14.014,88.568787,66.44202
2024-01-21T18:00:00,2024-01-21T19:00:00,DK1,679.734679,181.696537,84.193468,22.480083,236.452708,1057.111101,11.512979,3068.779476,3.582542,0.152346,0.032062,0.546447,0.0,3e-06,-1243.8429,-732.572,749.3749,0.0,-1069.489447,37.5,3087.244984,92.642418,60.39065,160.477041,89.009733
2024-01-21T18:00:00,2024-01-21T19:00:00,DK2,252.029994,65.313452,195.133202,19.923663,35.242,834.818504,1.190711,553.099957,0.0,0.144815,0.019733,0.004936,0.0,2.07202,,713.1025,-589.189,,,-38.7,2044.206487,49.112884,13.604,93.473071,53.04091
2024-01-21T17:00:00,2024-01-21T18:00:00,DK1,673.225428,186.326509,83.67797,22.05412,237.941826,1058.339347,10.422092,2924.335407,3.458135,0.174739,0.0364,0.555548,0.0,1.1e-05,-1074.1813,-732.302,556.5148,0.0,-971.922519,290.6,3269.256513,95.36663,51.2557,165.086161,59.997337
2024-01-21T17:00:00,2024-01-21T18:00:00,DK2,252.06303,64.164623,198.936788,19.590091,33.3999,836.58389,1.15216,550.868278,0.0,0.216042,0.030632,0.004834,0.0,2.03738,,1011.62525,-484.586,,,-294.6,2191.486898,50.34132,23.417,101.092134,53.5161
2024-01-21T16:00:00,2024-01-21T17:00:00,DK1,666.014118,181.940569,83.592204,21.476658,237.775632,1057.230512,9.671121,2838.450533,3.462664,0.198765,0.040225,0.548653,0.0,1.6e-05,-1450.5048,-732.509,780.1357,0.0,-804.087014,542.0,3435.436556,99.37755,73.3198,169.169672,122.640354
2024-01-21T16:00:00,2024-01-21T17:00:00,DK2,252.268546,58.841761,119.696207,16.060566,29.3458,836.716363,1.153124,543.450036,0.0,0.217484,0.031649,0.004499,0.0,1.82339,,994.0645,-45.92,,,-550.9,2256.853925,51.155652,15.248,104.151655,67.16467
2024-01-21T15:00:00,2024-01-21T16:00:00,DK1,562.878621,164.394842,82.746196,22.120414,235.566734,1054.654923,10.288102,2925.757998,3.463908,0.124907,0.028956,0.62561,0.0,1e-06,-1690.4464,-732.38,913.3252,0.0,-800.163993,578.2,3331.186019,107.673012,76.0514,161.666378,139.969356
2024-01-21T15:00:00,2024-01-21T16:00:00,DK2,248.98623,57.690956,80.586925,15.893501,30.2489,837.113495,1.176388,540.275515,0.0,0.105285,0.012554,0.112139,0.0,1.47688,,874.31975,84.399,,,-588.1,2184.297518,51.266735,2.0845,97.30778,103.82798
2024-01-21T14:00:00,2024-01-21T15:00:00,DK1,466.067643,147.012443,81.757996,22.969492,238.816296,1050.829123,11.188792,3059.524782,3.468687,0.183122,0.037411,8.012577,2.129845,2e-06,-1705.160904,-732.397,910.1747,0.0,-800.373332,547.5,3311.741675,104.052474,77.442904,159.996528,178.405345
2024-01-21T14:00:00,2024-01-21T15:00:00,DK2,248.637754,58.513457,83.781517,18.181593,33.7702,836.367145,1.268864,560.111737,0.0,0.280883,0.041142,6.146824,3.311126,2.01366,,702.333,90.123,,,-556.6,2088.281902,51.217916,4.599,92.987513,101.7229
2024-01-21T13:00:00,2024-01-21T14:00:00,DK1,481.410647,154.963747,82.342524,24.982543,238.765505,1051.295366,12.045868,3130.414721,3.471999,0.427257,0.081877,29.574381,8.24537,2e-06,-1687.7548,-732.417,858.3291,0.0,-800.355089,576.2,3432.024018,106.388637,75.3738,162.058666,229.368565
2024-01-21T13:00:00,2024-01-21T14:00:00,DK2,246.526776,58.73899,80.910378,21.630192,32.2153,837.91625,1.39897,576.686223,0.0,0.98239,0.139989,23.060706,12.810348,1.73491,,511.6735,279.883,,,-585.9,2100.407922,51.20284,10.741,93.177054,104.81887
2024-01-21T12:00:00,2024-01-21T13:00:00,DK1,458.600763,154.905163,81.15675,27.825306,238.007164,1065.723248,12.226819,3161.739865,3.476101,1.467065,0.209271,45.514591,10.538312,5e-06,-1485.2218,-732.53,630.5271,0.0,-800.509214,586.0,3459.656509,102.565312,60.8418,163.993261,223.186775
2024-01-21T12:00:00,2024-01-21T13:00:00,DK2,239.934484,58.542517,104.994442,23.0379,34.3141,837.59651,1.349799,581.51474,0.0,0.904481,0.117851,30.519913,13.338613,1.81613,,786.13225,-11.734,,,-596.0,2106.379729,50.29537,11.3045,94.914874,107.05681
2024-01-21T11:00:00,2024-01-21T12:00:00,DK1,451.040956,157.38698,81.252411,30.381503,236.472263,1069.008276,11.934378,3144.453808,3.469235,2.932699,0.396317,73.019352,19.240252,2e-06,-1370.9218,-732.578,527.06,0.0,-800.6035,552.6,3456.545132,98.198342,56.6898,163.953549,226.905296
2024-01-21T11:00:00,2024-01-21T12:00:00,DK2,238.84576,57.058055,106.56232,23.469401,32.6991,836.684976,1.305022,584.230584,0.0,1.129864,0.177837,29.068303,14.518814,2.05294,,830.3615,-87.207,,,-561.6,2109.357476,51.996596,2.282,94.292928,104.65823
2024-01-21T10:00:00,2024-01-21T11:00:00,DK1,513.230174,144.398482,80.980035,28.94023,237.105974,1057.993098,11.617246,3170.900916,3.468976,1.415051,0.215785,70.62378,17.762659,5e-06,-1692.575496,-732.63,874.3559,0.0,-800.364631,382.1,3369.538184,95.248362,76.467496,163.691848,213.361115
2024-01-21T10:00:00,2024-01-21T11:00:00,DK2,239.251338,56.109749,105.255555,22.61746,28.6933,836.782243,1.245697,581.911297,0.0,1.501359,0.211224,36.980477,17.214699,1.98451,,584.5225,-30.351,,,-387.4,2096.530408,51.735682,2.317,93.258169,101.35569
2024-01-21T09:00:00,2024-01-21T10:00:00,DK1,514.06537,144.112032,81.981139,26.949353,237.234706,1061.385089,11.979631,3155.060541,3.323913,0.735587,0.12607,45.300846,9.588171,4e-06,-1690.070196,-732.549,834.9552,0.0,-803.615196,403.5,3304.06326,95.528028,75.973196,160.974421,193.291428
2024-01-21T09:00:00,2024-01-21T10:00:00,DK2,239.487858,57.149657,104.909208,21.639995,27.0478,834.050927,1.131902,567.200261,0.0,1.004928,0.127054,31.924311,13.477582,1.71405,,537.7535,28.229,,,-409.2,2057.648033,51.074507,19.1535,91.76046,102.43061
2024-01-21T08:00:00,2024-01-21T09:00:00,DK1,620.471936,162.189383,83.772488,24.526686,234.563048,1068.28849,11.417599,3085.15878,3.275324,0.322366,0.060191,22.913305,2.576123,7e-06,-1504.772,-732.373,568.7636,0.0,-955.450358,401.7,3097.403968,93.05331,61.815,155.796404,152.564614
2024-01-21T08:00:00,2024-01-21T09:00:00,DK2,241.67465,56.434772,104.152643,19.063559,26.3356,840.246539,0.978749,520.563167,0.0,0.327863,0.036765,15.51247,5.417856,1.74235,,1063.01225,-531.733,,,-407.6,1956.166233,51.162779,28.581,87.547683,93.46492
2024-01-21T07:00:00,2024-01-21T08:00:00,DK1,625.93325,165.06005,83.466511,22.625648,232.73478,1069.186398,11.029237,2956.424545,3.267323,0.153628,0.02813,0.969226,0.057549,5e-06,-1658.7447,-732.302,749.1412,0.0,-892.591579,435.2,3071.639201,95.686136,72.6847,146.801356,183.669133
2024-01-21T07:00:00,2024-01-21T08:00:00,DK2,240.652654,56.307547,89.899102,16.893939,25.8736,820.424217,0.884327,479.601126,0.0,0.117527,0.01296,1.46722,0.079885,1.27557,,1156.235774,-636.475992,,,-441.6,1811.649456,49.259918,14.288992,81.777692,64.74122
2024-01-21T06:00:00,2024-01-21T07:00:00,DK1,488.885191,156.394583,82.576314,21.544908,227.743909,1057.469826,10.493976,2793.708859,3.272806,0.14158,0.025359,0.393247,0.0,4e-06,-1595.4467,-732.29,1042.3343,0.0,-1103.173212,451.3,2905.37495,97.909406,68.8103,135.432741,196.468206
2024-01-21T06:00:00,2024-01-21T07:00:00,DK2,240.803756,56.116549,110.700989,16.740266,17.8806,815.026332,0.829376,435.520898,0.0,0.112554,0.011074,0.014683,0.0,1.1205,,1071.703,-618.432,,,-458.2,1689.948577,48.730182,14.032,75.060436,64.17699
2024-01-21T05:00:00,2024-01-21T06:00:00,DK1,442.427442,156.333243,82.630956,21.549453,232.024673,1005.186131,10.354472,2706.144254,3.273234,0.129678,0.027324,0.421204,0.0,5e-06,-1392.5233,-732.347,679.6372,0.0,-892.256089,540.7,2863.71288,94.399054,59.5804,131.511922,241.470329
2024-01-21T05:00:00,2024-01-21T06:00:00,DK2,232.771378,56.420592,111.016209,17.258558,16.6303,812.322788,0.774555,399.075798,0.0,0.114725,0.01618,0.004175,0.0,0.61741,,1120.2705,-623.036,,,-549.5,1594.757168,47.492418,14.09,70.762749,65.30766
2024-01-21T04:00:00,2024-01-21T05:00:00,DK1,446.224492,159.884768,82.079453,21.265493,228.19764,1068.820953,10.126388,2588.043189,3.275137,0.089737,0.02572,0.471729,0.0,4e-06,-1666.713404,-732.266,673.975,0.0,-494.504223,349.6,2738.596076,91.895432,74.285704,126.307479,244.335547
2024-01-21T04:00:00,2024-01-21T05:00:00,DK2,233.71117,56.412076,110.331954,17.13962,15.9835,792.769178,0.723609,372.249315,0.0,0.074236,0.009021,0.003044,0.0,0.30083,,1068.469,-694.838024,,,-354.3,1619.038529,43.555583,14.227024,70.607985,105.13489
2024-01-21T03:00:00,2024-01-21T04:00:00,DK1,451.009139,157.662431,82.609289,20.847396,225.695646,1012.569823,9.891486,2522.223494,3.276997,0.077393,0.018264,0.352558,0.0,4e-06,-1333.6746,-732.143,805.3469,0.0,-679.322569,262.9,2809.340651,82.218676,67.25505,125.582749,241.433267
2024-01-21T03:00:00,2024-01-21T04:00:00,DK2,234.357382,55.633522,111.11774,16.912604,14.0422,748.04588,0.693873,333.639011,0.0,0.046166,0.007486,0.002747,0.0,0.33258,,1142.511258,-750.546976,,,-266.3,1640.495473,41.994741,13.990976,69.85739,107.70165
2024-01-21T02:00:00,2024-01-21T03:00:00,DK1,502.314177,157.59832,81.139064,20.642258,222.504018,1019.291797,9.372791,2396.593528,3.280647,0.071513,0.012746,0.311627,0.0,4e-06,-1018.7398,-731.944,811.7137,0.0,-850.087586,178.8,2802.874804,80.102527,48.35425,123.87659,232.18572
2024-01-21T02:00:00,2024-01-21T03:00:00,DK2,234.918824,58.648613,115.054214,16.797981,18.796,681.105573,0.589564,299.085236,0.0,0.036666,0.007683,0.002772,0.0,0.82506,,1192.218758,-773.417008,,,-181.3,1663.369936,39.314423,14.187008,70.798575,104.11741
2024-01-21T01:00:00,2024-01-21T02:00:00,DK1,710.414144,173.54801,80.533375,20.246332,217.971621,1067.187781,9.254578,2292.446224,3.2824,0.062579,0.016672,0.268189,0.0,2e-06,-903.5415,-731.763,369.0942,0.0,-891.932508,232.1,2649.189099,80.976297,43.4781,121.109505,163.237932
2024-01-21T01:00:00,2024-01-21T02:00:00,DK2,236.218664,64.140258,115.516567,15.056966,15.8802,672.941326,0.547595,288.235429,0.0,0.04365,0.008071,0.002658,0.0,1.18029,,1284.661266,-780.883,,,-235.3,1678.24994,40.704092,14.154,70.714186,102.5568
2024-01-21T00:00:00,2024-01-21T01:00:00,DK1,665.541507,172.872366,80.817737,20.37497,221.10187,1065.724908,9.45286,2385.850236,3.28285,0.080298,0.022471,0.277839,0.0,0.0,-1169.776,-726.098,519.7304,0.0,-846.661516,256.7,2659.294796,83.893012,59.0934,124.351076,154.928641
2024-01-21T00:00:00,2024-01-21T01:00:00,DK2,234.583154,64.927137,116.310028,14.78482,15.8184,732.670047,0.568932,300.212729,0.0,0.053944,0.008234,0.002871,0.0,1.08278,,1214.137742,-777.934008,,,-260.0,1657.22681,41.295441,14.209008,70.786862,63.99185
2024-01-20T23:00:00,2024-01-21T00:00:00,DK1,557.974765,220.018637,80.749322,20.136263,225.441087,1051.44106,9.595391,2459.465418,3.282115,0.082485,0.022731,0.231457,0.0,0.0,-766.5391,-620.803,278.9954,0.0,-847.799558,-11.8,2660.494473,81.567986,54.4422,125.388523,150.813893
2024-01-20T23:00:00,2024-01-21T00:00:00,DK2,234.526108,68.510078,176.606583,15.563977,19.8968,639.103664,0.57337,319.253849,0.0,0.061196,0.008972,0.002698,0.0,1.50203,,912.138,-730.511976,,,10.8,1668.035349,38.511468,14.126976,71.281876,64.17776
2024-01-20T22:00:00,2024-01-20T23:00:00,DK1,465.784925,316.193409,84.153895,19.954299,225.560768,1061.394713,9.021987,2411.176924,3.279875,0.083621,0.019413,0.24157,0.0,0.0,-328.7304,-209.129,109.3064,0.0,-1165.997543,-464.9,2537.414856,98.282023,45.4279,123.993923,93.632079
2024-01-20T22:00:00,2024-01-20T23:00:00,DK2,245.51068,108.50091,205.321049,14.897996,18.0229,546.356359,0.545601,333.399501,0.0,0.069028,0.010191,0.002766,0.0,1.85872,,443.12325,-704.831008,,,457.6,1670.387943,35.588371,14.381008,69.526837,64.75306
2024-01-20T21:00:00,2024-01-20T22:00:00,DK1,437.702166,328.928119,85.622035,20.407635,226.830897,1062.284419,8.170483,2338.854911,3.278192,0.081474,0.016675,0.289649,0.0,0.0,59.1677,-152.808,-156.7824,0.0,-1214.912467,-514.2,2532.931488,98.104393,33.5326,124.133756,20.653078
2024-01-20T21:00:00,2024-01-20T22:00:00,DK2,242.740948,108.511812,220.528214,14.604174,18.2966,601.497233,0.445863,322.514925,0.0,0.074208,0.011273,0.004014,0.0,1.42031,,412.418,-720.170016,,,505.8,1728.697558,35.868187,14.088016,72.731888,60.20608
2024-01-20T20:00:00,2024-01-20T21:00:00,DK1,607.950315,353.575867,86.986177,19.634901,220.06585,1064.600158,7.465179,2193.381592,3.277862,0.09101,0.011207,0.366482,0.0,2e-06,-324.1353,-295.299,430.1612,0.0,-1204.634485,-591.5,2571.999017,92.526894,35.9554,122.690726,23.020258
2024-01-20T20:00:00,2024-01-20T21:00:00,DK2,244.029656,135.796696,224.475954,15.011918,17.222,551.348645,0.440196,293.25282,0.0,0.069798,0.0113,0.003334,0.0,1.651,,342.97325,-603.900016,,,581.3,1803.686551,36.100288,13.844016,75.907194,59.42898
2024-01-20T19:00:00,2024-01-20T20:00:00,DK1,703.635298,420.590976,90.423051,34.209211,219.574213,1047.927664,7.192169,2149.416363,3.276301,0.113103,0.011553,0.395336,0.0,4e-06,-325.3355,-542.602,501.4332,0.0,-1073.116009,-542.9,2694.244933,91.346522,39.48505,124.568299,15.94749
2024-01-20T19:00:00,2024-01-20T20:00:00,DK2,249.588344,139.573692,230.592739,15.299922,14.2706,562.879126,0.465721,310.419723,0.0,0.083408,0.015609,0.003618,0.0,1.77606,,231.958,-423.859,,,534.0,1867.067562,38.606486,25.921,79.226656,39.80959
2024-01-20T18:00:00,2024-01-20T19:00:00,DK1,808.504768,458.614244,90.720414,34.612757,219.060805,909.448805,6.480759,2026.184256,3.275675,0.13593,0.016581,0.482703,0.0,8e-06,-686.9338,-720.941,735.1512,0.0,-544.661912,-562.5,2777.652193,91.564417,59.9743,129.684003,14.177251
2024-01-20T18:00:00,2024-01-20T19:00:00,DK2,248.037744,139.580766,224.912745,13.850045,4.5985,661.728947,0.436694,333.185757,0.0,0.132053,0.021453,0.003972,0.0,1.79527,,-335.96425,135.202,,,553.2,1980.721696,47.157547,22.4565,86.725661,27.15777
2024-01-20T17:00:00,2024-01-20T18:00:00,DK1,802.483574,473.401166,91.750463,33.082308,212.630649,852.391254,5.647337,1824.268386,3.274066,0.176482,0.020409,0.431527,0.0,5e-06,-140.6339,-732.318,377.0692,0.0,-284.959411,-564.1,2954.615515,87.070402,54.2031,136.104499,10.097351
2024-01-20T17:00:00,2024-01-20T18:00:00,DK2,249.49281,141.216912,234.275147,13.358744,1.8244,628.612809,0.338625,310.220579,0.0,0.190629,0.027431,0.037557,0.0,1.45866,,-603.52025,562.232,,,554.7,2094.466053,51.830399,16.15,94.519889,5.14843
2024-01-20T16:00:00,2024-01-20T17:00:00,DK1,763.998244,478.863262,92.070709,31.767445,209.464618,800.367565,4.607337,1535.214727,3.276908,0.188713,0.022212,0.312486,0.0,2e-06,215.8683,-732.319,194.018,0.0,-7.123386,-549.6,3040.998142,84.741129,59.2683,135.872953,9.64501
2024-01-20T16:00:00,2024-01-20T17:00:00,DK2,248.753352,140.600916,230.958654,13.105365,0.1906,365.657084,0.337451,312.46591,0.0,0.206813,0.030773,0.016048,0.0,1.80858,,-674.3425,955.406984,,,540.6,2135.79603,55.091558,11.254016,97.05158,4.54346
2024-01-20T15:00:00,2024-01-20T16:00:00,DK1,752.925679,443.066087,86.786606,31.165568,211.136921,763.7635,3.832385,1304.251651,3.273079,0.118302,0.021363,2.510831,0.569432,0.0,256.5626,-732.308,52.4558,0.0,-52.611689,-264.4,2863.120115,68.833503,67.6561,123.122377,14.314766
2024-01-20T15:00:00,2024-01-20T16:00:00,DK2,250.223712,139.867405,229.166201,14.081282,0.0,225.655482,0.353734,297.908659,0.0,0.080283,0.012035,0.381627,0.0,1.58548,,-356.849,984.391016,,,260.6,2047.457916,48.493809,10.933984,90.916489,4.98926
2024-01-20T14:00:00,2024-01-20T15:00:00,DK1,794.585239,396.035342,84.975262,22.637004,191.538879,724.479469,3.553278,1208.981827,3.279799,0.663717,0.081826,45.386413,10.267825,3e-06,-194.2383,-732.178,711.5617,0.0,-211.215859,-277.3,2783.095424,71.419613,44.5836,116.608963,17.820969
2024-01-20T14:00:00,2024-01-20T15:00:00,DK2,249.73294,139.939569,225.334715,15.758225,0.0,280.127411,0.500241,349.569183,0.0,0.130147,0.015165,4.666654,1.427338,1.77082,,-534.57375,984.411,,,273.4,1992.209658,53.57793,11.08,89.32306,19.65058
2024-01-20T13:00:00,2024-01-20T14:00:00,DK1,745.504083,350.752592,84.520857,24.018601,200.095725,720.357522,3.680604,1184.070921,3.27953,3.406205,0.384968,119.447808,26.291695,8e-06,-484.1382,-731.599,1370.9931,0.0,-745.476466,28.7,2904.290552,77.587742,39.0215,115.075904,32.738136
2024-01-20T13:00:00,2024-01-20T14:00:00,DK2,245.72321,137.624761,224.374213,18.331699,0.0286,410.295107,0.530098,341.281651,0.0,0.44229,0.051926,14.777131,7.206335,1.96914,,-296.301,954.571008,,,-30.3,2030.606169,54.719776,11.200992,89.01366,55.82228
2024-01-20T12:00:00,2024-01-20T13:00:00,DK1,655.781076,346.293618,84.795799,25.640569,203.339843,694.916351,4.093225,1245.059024,3.279424,6.367612,0.698,193.905257,30.836315,4e-06,-417.4375,-730.005,1265.548,0.0,-724.807614,27.3,2915.604003,75.265036,28.797,124.091219,19.959771
2024-01-20T12:00:00,2024-01-20T13:00:00,DK2,232.488328,138.077133,226.04091,21.669798,1.3192,590.409643,0.579289,337.515272,0.0,1.042851,0.137864,36.398634,11.300191,1.79267,,-294.1045,789.822992,,,-28.7,2065.790275,55.800065,11.023008,90.624844,62.83125
2024-01-20T11:00:00,2024-01-20T12:00:00,DK1,743.188782,348.71241,84.889538,27.190917,191.470959,698.949098,3.517859,1146.074753,3.275612,8.196236,0.907167,205.528695,28.338566,0.0,-352.1377,-729.997,1463.1402,0.0,-740.274313,-207.0,2923.971778,84.494747,41.4123,122.68551,36.925651
2024-01-20T11:00:00,2024-01-20T12:00:00,DK2,221.341438,136.421772,225.376872,23.12157,3.8632,761.641781,0.673305,366.115622,0.0,1.039278,0.148404,28.775647,11.905058,2.1968,,-646.061,747.687,,,204.0,2088.246747,64.408471,11.11,90.628583,61.00283
2024-01-20T10:00:00,2024-01-20T11:00:00,DK1,797.951436,369.550805,85.419732,25.248965,184.398216,698.716604,3.18647,1180.830133,3.277952,4.132986,0.526499,125.503048,22.934671,0.0,-40.8392,-729.897,1193.2038,0.0,-741.70876,-253.7,2928.736358,84.069416,36.40305,127.487993,18.997415
2024-01-20T10:00:00,2024-01-20T11:00:00,DK2,221.356452,135.448467,225.430129,23.240982,5.3123,886.818801,0.757935,405.290223,0.0,1.179393,0.165738,34.81852,12.650698,1.56686,,-846.897,726.401,,,250.2,2083.740498,71.619631,11.21,91.204155,59.84866
2024-01-20T09:00:00,2024-01-20T10:00:00,DK1,760.333716,383.511816,86.275027,22.31099,172.82547,699.895715,3.54392,1297.849586,3.273305,1.156024,0.183016,71.806929,15.110424,3e-06,46.76,-729.116,971.2337,0.0,-785.79201,-96.8,2924.361631,77.71683,22.4539,130.744639,19.044954
2024-01-20T09:00:00,2024-01-20T10:00:00,DK2,222.88872,135.02784,223.458444,20.166554,11.311,924.615699,0.904296,466.360231,0.0,0.760098,0.099228,22.276887,8.345267,1.77875,,-763.6125,693.367992,,,95.1,2062.848507,70.898161,11.081008,90.755905,59.85103
2024-01-20T08:00:00,2024-01-20T09:00:00,DK1,851.468634,390.556438,88.385604,19.340843,192.923016,707.634978,3.531084,1329.884827,3.263852,0.293543,0.059557,24.529533,3.055731,3e-06,40.6595,-720.613,521.6933,0.0,-513.985957,-72.5,2870.181486,76.523198,33.99925,132.870983,18.910863
2024-01-20T08:00:00,2024-01-20T09:00:00,DK2,242.746346,136.299846,217.429975,19.637988,28.508,924.824702,1.207694,563.464019,0.0,0.344052,0.032099,12.329788,3.579285,1.47737,,-925.04575,692.812024,,,71.0,1990.647438,71.494357,11.076976,90.469424,59.49873
2024-01-20T07:00:00,2024-01-20T08:00:00,DK1,889.866803,370.020401,88.085745,19.385634,188.405049,743.263469,3.959911,1511.821541,3.266742,0.133635,0.035817,1.328454,0.074895,3e-06,-278.3382,-731.351,468.7532,0.0,-395.137248,-45.4,2838.174851,79.761863,45.852,128.861499,20.99749
2024-01-20T07:00:00,2024-01-20T08:00:00,DK2,241.45145,136.714883,193.118985,20.508891,35.6216,924.308624,1.441751,623.52754,0.0,0.125628,0.014061,0.737233,0.0,1.46135,,-560.13175,211.611,,,43.9,1874.411246,63.268104,22.604,87.484561,59.5913
2024-01-20T06:00:00,2024-01-20T07:00:00,DK1,626.61694,345.348391,87.760293,20.566761,209.002528,916.644778,5.143338,1795.730214,3.271458,0.128592,0.038851,0.441015,0.0,3e-06,-711.035,-731.367,1241.4731,0.0,-792.133851,-245.5,2772.130411,91.445049,57.86375,127.448977,55.431293
2024-01-20T06:00:00,2024-01-20T07:00:00,DK2,233.076142,136.494176,109.741679,22.430648,35.6943,924.289283,1.611115,639.883992,0.0,0.134209,0.017231,0.004279,0.0,0.92027,,-1191.6935,614.740008,,,242.1,1769.443832,74.77874,12.5565,82.951958,65.67577
2024-01-20T05:00:00,2024-01-20T06:00:00,DK1,555.186907,325.211606,77.134691,21.935072,228.616752,1064.864312,7.683096,2303.590951,3.276403,0.128277,0.043554,0.437287,0.0,2e-06,-1160.3779,-727.015,1160.5859,0.0,-729.371058,-385.0,2746.930852,96.234629,68.8638,132.597454,142.370995
2024-01-20T05:00:00,2024-01-20T06:00:00,DK2,231.4469,110.446925,104.419918,20.899749,30.1668,916.393884,1.665871,638.996988,0.0,0.146308,0.022198,0.002953,0.0,0.58181,,-1402.82575,631.380992,,,379.2,1662.945546,79.177986,11.103008,79.874689,63.41151
2024-01-20T04:00:00,2024-01-20T05:00:00,DK1,530.570248,234.156132,76.200798,22.912608,233.259671,1067.013439,10.509371,2808.770948,3.277056,0.105782,0.035489,0.439371,0.0,3e-06,-1505.0788,-731.852,1614.0339,0.0,-1010.523294,-527.7,2826.130722,109.559739,61.6158,141.283159,182.581576
2024-01-20T04:00:00,2024-01-20T05:00:00,DK2,229.938772,107.79642,106.775381,18.853393,30.1327,910.169235,1.645299,640.963085,0.0,0.099284,0.011269,0.003046,0.0,0.27834,,-1536.766484,614.611008,,,519.2,1643.710748,80.265758,11.464992,80.512959,64.52916
2024-01-20T03:00:00,2024-01-20T04:00:00,DK1,538.632649,184.071404,74.004427,23.376122,233.050878,1065.152083,11.920699,3109.188825,3.27863,0.099685,0.038287,0.501711,0.0,3e-06,-1675.865604,-731.716,1570.8375,0.0,-1060.315701,-513.7,2832.555598,111.385346,76.823754,149.395409,155.028869
2024-01-20T03:00:00,2024-01-20T04:00:00,DK2,231.922826,106.246071,107.529127,19.000267,32.1534,908.548466,1.62843,634.830454,0.0,0.076293,0.009407,0.002739,0.0,0.44512,,-1487.267992,609.259984,,,505.5,1669.884592,79.718949,11.162016,81.058046,65.4728
2024-01-20T02:00:00,2024-01-20T03:00:00,DK1,560.303774,196.298415,73.790551,23.375867,233.027706,1066.515479,12.583694,3157.831422,3.283318,0.110034,0.03471,0.460597,0.0,4e-06,-1304.3762,-731.777,1193.9864,0.0,-1140.708757,-523.9,2820.840014,109.511788,64.0807,154.007005,157.672802
2024-01-20T02:00:00,2024-01-20T03:00:00,DK2,234.9181,107.613208,109.248554,21.084051,33.712,916.068951,1.608345,631.695611,0.0,0.073115,0.009004,0.002736,0.0,0.65471,,-1534.219742,698.441016,,,515.4,1736.309659,84.260364,11.243984,83.941465,64.87748
2024-01-20T01:00:00,2024-01-20T02:00:00,DK1,627.943954,283.618808,73.69214,23.25701,235.12649,1061.365011,12.376958,3181.621479,3.283983,0.101085,0.037878,0.481659,0.0,2e-06,-1024.4337,-731.792,770.7927,0.0,-1207.631073,-443.0,2866.842384,104.873253,48.1322,156.374212,153.478097
2024-01-20T01:00:00,2024-01-20T02:00:00,DK2,237.267534,107.783427,110.011821,22.234006,33.9729,914.786661,1.555699,626.440502,0.0,0.069002,0.008598,0.002754,0.0,0.72247,,-1437.254734,718.999,,,436.2,1772.79964,82.816756,11.246,85.469315,66.38656
2024-01-20T00:00:00,2024-01-20T01:00:00,DK1,560.164906,283.477078,72.719538,23.168233,235.78214,1062.783421,12.419381,3199.338451,3.28455,0.118355,0.041835,0.478469,0.0,0.0,-882.1345,-730.3,362.307,0.0,-910.052468,-443.0,2850.596389,104.251397,39.82095,155.838097,135.880412
2024-01-20T00:00:00,2024-01-20T01:00:00,DK2,236.836898,107.476887,110.916423,20.817275,34.1325,915.829273,1.512024,622.694806,0.0,0.073229,0.008754,0.003005,0.0,0.77621,,-1405.728242,720.650992,,,436.3,1802.300034,81.684243,11.327008,86.373193,63.59379
2024-01-19T23:00:00,2024-01-20T00:00:00,DK1,566.152088,292.649134,72.127858,22.78907,234.046693,1070.61101,12.258723,3123.781532,3.287086,0.138725,0.03832,0.550438,0.0,4e-06,-801.9343,-707.589,681.9857,0.0,-1206.342188,-502.8,2861.750893,105.151747,35.4163,154.919345,134.55085
2024-01-19T23:00:00,2024-01-20T00:00:00,DK2,257.815438,107.59054,124.401576,18.823126,30.7225,915.698991,1.471588,621.183342,0.0,0.081529,0.011412,0.002707,0.0,1.25575,,-1462.746976,715.638992,,,494.8,1826.750515,83.543827,11.173008,86.545879,64.32329
2024-01-19T22:00:00,2024-01-19T23:00:00,DK1,677.432611,360.109783,73.182151,22.658192,233.82135,1073.511618,11.582664,2928.387794,3.284436,0.135587,0.032969,0.466863,0.0,0.0,-805.3348,-693.862,51.1005,0.0,-813.207218,-327.5,2795.8025,101.886863,35.2698,146.702482,83.066326
2024-01-19T22:00:00,2024-01-19T23:00:00,DK2,289.874867,107.750959,167.929187,18.661022,24.9046,912.330936,1.41527,607.475818,0.0,0.083714,0.01262,0.002989,0.0,1.58248,,-1246.384266,608.871,,,322.9,1817.411196,77.13792,11.166,86.084667,44.36917
2024-01-19T21:00:00,2024-01-19T22:00:00,DK1,631.774849,379.452323,76.363171,22.136539,231.216641,1045.529321,10.68198,2760.194974,3.285865,0.121047,0.029685,0.40708,0.0,3e-06,-825.5362,-673.661,260.6606,0.0,-984.825501,-69.6,2868.231377,94.364027,37.55245,146.271582,54.569721
2024-01-19T21:00:00,2024-01-19T22:00:00,DK2,287.146621,109.217891,168.872726,17.353407,15.9481,915.656494,1.17182,552.940982,0.0,0.08279,0.010519,0.002987,0.0,1.4993,,-849.4445,591.640992,,,67.7,1879.800129,70.484745,11.239008,87.551483,44.84186
2024-01-19T20:00:00,2024-01-19T21:00:00,DK1,709.602564,375.935058,84.364938,21.669244,230.301648,931.745167,9.44458,2480.743727,3.280381,0.131106,0.024561,0.513082,0.0,7e-06,-708.3377,-690.462,872.9776,0.0,-910.351419,-439.7,2971.882544,99.357222,41.3133,143.06492,68.56201
2024-01-19T20:00:00,2024-01-19T21:00:00,DK2,296.327653,135.546285,169.151898,15.829126,10.198,915.780003,0.949199,493.96727,0.0,0.085384,0.011058,0.012805,0.0,1.41792,,-984.88,485.677,,,433.1,1973.173601,69.652403,8.145,90.257629,54.98243
2024-01-19T19:00:00,2024-01-19T20:00:00,DK1,755.321097,408.195789,85.461466,25.682672,228.70462,827.068757,7.829534,2184.18407,3.2804,0.128782,0.023169,0.561795,0.0,5e-06,-999.4378,-667.83,1781.3042,0.0,-1349.809896,-290.9,2999.76866,96.172073,53.7331,141.880228,11.378961
2024-01-19T19:00:00,2024-01-19T20:00:00,DK2,296.116229,144.293332,192.064185,14.880783,5.6134,915.067717,0.759785,445.134412,0.0,0.109,0.014635,0.00859,0.0,1.78799,,-748.7785,461.552,,,286.9,2015.523558,63.689377,9.84,91.202769,14.7129
2024-01-19T18:00:00,2024-01-19T19:00:00,DK1,922.931979,451.845128,89.45057,26.423083,223.796428,823.729375,6.642074,1740.113184,3.276698,0.138486,0.016308,0.454859,0.0,1.2e-05,-574.8391,-695.941,1802.6218,0.0,-1453.388881,-300.6,3066.671003,89.994259,68.39645,140.750613,10.387076
2024-01-19T18:00:00,2024-01-19T19:00:00,DK2,304.54592,160.175362,234.156154,14.456443,6.8989,844.045728,0.716961,441.370807,0.0,0.163668,0.023685,0.00449,0.0,1.77698,,-900.9305,728.911008,,,296.4,2132.715606,68.650857,11.050992,97.229153,3.47156
2024-01-19T17:00:00,2024-01-19T18:00:00,DK1,979.328871,499.299971,95.029185,28.432122,221.376179,875.497614,4.460297,1414.808571,3.292729,0.185227,0.01599,0.456369,0.0,1.1e-05,89.6596,-673.182,1194.5389,0.0,-1429.887893,-65.0,3238.311743,76.061522,49.3298,144.80169,10.443477
2024-01-19T17:00:00,2024-01-19T18:00:00,DK2,317.446788,167.150211,248.146441,14.506314,9.5308,817.19833,0.713676,442.062248,0.0,0.232882,0.028092,0.004894,0.0,2.02574,,-594.794,789.920024,,,63.0,2277.17244,67.330074,11.018976,104.804772,3.90792
2024-01-19T16:00:00,2024-01-19T17:00:00,DK1,1148.516512,470.936444,86.54547,26.043985,195.371562,862.037843,3.526856,1272.494194,3.279148,0.196099,0.019067,0.321374,0.0,6e-06,-163.6366,-728.182,1059.7576,-288.72,-459.44047,-123.5,3365.56709,73.798257,48.6324,143.937663,10.447418
2024-01-19T16:00:00,2024-01-19T17:00:00,DK2,315.156117,165.196195,239.40468,14.965168,11.1737,878.726734,0.627916,393.29002,0.0,0.261136,0.044635,0.009456,0.0,1.86934,,-573.0725,784.227016,,,121.5,2353.379613,67.64888,10.943984,105.963672,17.35519
2024-01-19T15:00:00,2024-01-19T16:00:00,DK1,1065.228613,429.818664,80.017121,22.993017,206.436759,920.780922,4.091503,1257.823939,3.276085,0.122996,0.020531,3.580786,0.186216,1e-06,-308.2398,-731.857,687.1941,-15.615,-365.545108,-55.6,3204.714345,73.838203,30.18375,132.567419,13.234561
2024-01-19T15:00:00,2024-01-19T16:00:00,DK2,296.636356,164.548398,237.519477,16.529826,13.8929,844.896985,0.714055,405.780877,0.0,0.155874,0.018313,0.386801,0.0,2.15306,,-548.89725,791.778976,,,53.6,2279.714648,63.179162,11.089024,98.215853,54.03531
2024-01-19T14:00:00,2024-01-19T15:00:00,DK1,880.104186,411.155227,79.433518,24.296862,214.906662,1018.632697,5.295897,1389.570338,3.274031,0.570255,0.058802,38.848735,5.069339,1e-06,-249.7436,-731.52,556.1782,0.508,-254.646093,-251.5,3140.493057,73.278856,26.4533,127.986836,13.189919
2024-01-19T14:00:00,2024-01-19T15:00:00,DK2,305.623155,156.378263,237.713511,17.764445,16.4501,889.672844,0.728676,401.750667,0.0,0.365191,0.036725,14.119832,4.422754,2.07479,,-826.62125,728.957984,,,248.0,2197.437687,66.571949,10.806016,92.599503,50.92307
2024-01-19T13:00:00,2024-01-19T14:00:00,DK1,820.48291,404.532646,78.050983,28.822951,203.832203,1034.898388,6.216706,1479.941838,3.259038,3.804078,0.268999,73.412536,4.938209,1.5e-05,-293.7459,-731.462,818.9269,8.605,-384.536513,-224.1,3336.148986,73.124494,29.15025,126.807022,18.132916
2024-01-19T13:00:00,2024-01-19T14:00:00,DK2,314.058111,155.886372,231.911992,20.388641,19.1931,907.557922,0.878265,433.203303,0.0,2.260069,0.189873,40.907401,13.687903,1.94207,,-654.58675,496.305,,,220.9,2204.683273,61.067882,16.8055,92.318943,43.55286
2024-01-19T12:00:00,2024-01-19T13:00:00,DK1,888.669939,426.52702,78.15135,33.147509,205.051289,994.535559,6.231204,1574.567589,3.259291,8.976531,0.643916,130.763519,9.429184,1.2e-05,-399.4451,-714.71,1138.5678,8.588,-600.341289,-322.7,3469.913323,72.247518,35.5435,129.327265,82.678271
2024-01-19T12:00:00,2024-01-19T13:00:00,DK2,315.127713,155.184489,234.597539,21.473617,21.2624,901.592327,0.956178,445.992466,0.0,8.82301,0.795004,83.118079,24.254509,2.08923,,-363.25325,69.226,,,318.2,2239.43931,58.924777,24.1765,92.682389,43.58622
2024-01-19T11:00:00,2024-01-19T12:00:00,DK1,886.287354,448.217625,79.001316,35.058174,180.788845,935.904679,6.781469,1730.628978,3.238796,17.604286,1.390653,179.352538,18.93685,5e-06,-372.8449,-313.812,177.6229,7.682,-580.853284,-41.2,3399.786284,59.3431,112.0621,132.568229,10.992013
2024-01-19T11:00:00,2024-01-19T12:00:00,DK2,315.594938,157.579976,236.463706,20.647148,25.4061,892.024899,0.940713,448.671256,0.0,12.097499,1.106969,102.976309,23.700935,2.18691,,467.46525,-490.804,,,40.0,2256.058608,53.977649,26.214,91.980428,45.75475
2024-01-19T10:00:00,2024-01-19T11:00:00,DK1,972.27849,455.227582,84.550783,36.299201,221.047053,1042.797275,7.440626,1872.471871,3.226256,19.092018,1.395402,111.743961,6.611569,2e-06,-620.7435,-143.612,642.3729,-0.541,-929.558322,-301.4,3480.700167,69.529228,22.50455,139.728764,23.018221
2024-01-19T10:00:00,2024-01-19T11:00:00,DK2,316.483545,155.259766,229.416079,23.41293,26.5034,869.950949,0.982822,438.843075,0.0,20.256351,2.027497,117.517735,29.209175,2.42157,,-111.9345,-131.869,,,297.1,2285.581395,55.106849,23.248,91.589756,44.33815
2024-01-19T09:00:00,2024-01-19T10:00:00,DK1,1003.202324,468.601248,90.169371,31.973773,207.284268,1060.813176,7.607603,1901.02377,3.203677,8.640268,0.628401,60.850992,3.505983,1.1e-05,-866.2378,-157.726,1496.5586,0.0,-1444.554677,-268.2,3607.344988,75.311583,42.6578,143.351372,22.84657
2024-01-19T09:00:00,2024-01-19T10:00:00,DK2,315.478418,162.877344,227.597183,21.145403,24.7328,855.221301,0.968201,436.719203,0.0,12.899606,1.212806,76.396694,21.857922,2.16491,,-482.36125,391.102,,,264.5,2332.512541,57.309751,21.903,95.654853,45.80213
2024-01-19T08:00:00,2024-01-19T09:00:00,DK1,1079.518716,497.168518,92.564675,31.785955,209.249202,1050.803756,7.885659,1821.628486,3.182584,1.405838,0.096227,17.821236,0.966165,7e-06,-639.14,-693.574,1756.4824,-0.052,-1446.0497,-149.0,3642.743724,71.154895,49.7695,146.338054,26.859201
2024-01-19T08:00:00,2024-01-19T09:00:00,DK2,315.866144,164.055946,229.758586,18.31069,25.5506,865.940541,0.866214,430.223477,0.0,3.616948,0.321172,27.75405,9.474054,2.15834,,-627.83625,754.968,,,146.7,2367.728513,62.571782,10.936,97.706902,59.4213
2024-01-19T07:00:00,2024-01-19T08:00:00,DK1,1146.929336,501.745469,90.257622,29.984913,216.072911,1058.095874,6.164261,1593.008236,3.165216,0.127113,0.010186,1.358022,0.074766,7e-06,-459.043,-731.787,1421.24,-0.614,-992.33311,-346.5,3537.956822,73.166059,38.07095,141.083331,13.481371
2024-01-19T07:00:00,2024-01-19T08:00:00,DK2,315.849964,164.333784,230.901532,17.48772,23.3775,854.499463,0.77109,387.065055,0.0,0.231152,0.01719,1.846581,0.306994,2.2026,,-461.36225,438.928,,,341.3,2317.756375,52.458802,23.782,96.289393,48.72921
2024-01-19T06:00:00,2024-01-19T07:00:00,DK1,1082.22501,485.080938,90.585822,28.809424,225.133255,1009.859453,6.272488,1719.419298,3.154118,0.116679,0.007191,0.337121,0.0,7e-06,-373.0419,-723.159,514.7865,-0.657,-403.685801,-195.3,3469.943603,65.774761,46.6989,138.976297,10.442019
2024-01-19T06:00:00,2024-01-19T07:00:00,DK2,315.819645,158.660716,239.519377,17.826409,23.8774,910.310085,0.849886,387.873398,0.0,0.47491,0.015249,0.003788,0.0,2.4591,,119.6235,-141.59,,,192.6,2228.323463,49.331165,25.6815,92.386609,59.64447
2024-01-19T05:00:00,2024-01-19T06:00:00,DK1,878.895462,385.746598,87.365606,21.509346,214.41196,985.295022,7.785929,1901.820456,3.164169,0.127517,0.01243,0.179314,0.0,8e-06,-173.9426,-600.751,466.2414,-0.648,-563.735261,-448.6,3164.878356,74.663219,51.8714,131.04102,36.850821
2024-01-19T05:00:00,2024-01-19T06:00:00,DK2,315.587434,135.633055,150.110597,18.811114,20.0582,914.652367,0.844192,401.388372,0.0,0.34017,0.015565,0.003883,0.0,2.29298,,204.51975,-616.225984,,,441.8,1989.831695,49.623893,22.041984,85.0023,58.15478
2024-01-19T04:00:00,2024-01-19T05:00:00,DK1,741.226676,311.49988,84.520294,19.135203,221.061841,1047.256193,7.766057,1860.98252,3.168875,0.07576,0.008614,0.242108,0.0,6e-06,-801.9419,-446.905,1381.3327,-0.625,-923.725142,-394.6,3110.479685,78.761965,71.88125,121.330863,186.987931
2024-01-19T04:00:00,2024-01-19T05:00:00,DK2,283.150906,133.310755,131.188731,19.674807,21.3133,908.67191,0.949551,441.809284,0.0,0.084948,0.009861,0.003053,0.0,1.21079,,113.782,-662.780992,,,388.8,1781.178904,49.533818,14.236992,80.795424,62.93666
2024-01-19T03:00:00,2024-01-19T04:00:00,DK1,639.208804,308.860053,84.189609,19.684251,212.320542,1044.01907,7.849388,1790.655847,3.173246,0.059355,0.005276,0.208646,0.0,9e-06,-940.6395,44.921,1362.7311,-0.635,-1196.22908,-172.8,3207.582616,71.716734,31.8385,121.279743,268.449731
2024-01-19T03:00:00,2024-01-19T04:00:00,DK2,260.963713,132.105625,98.413002,20.242575,25.5306,917.779052,1.087246,500.603524,0.0,0.069094,0.009174,0.002697,0.0,0.50102,,273.48275,-662.744,,,170.2,1738.246072,51.883902,14.084,81.386341,66.20535
2024-01-19T02:00:00,2024-01-19T03:00:00,DK1,674.935204,312.824768,83.887567,18.612938,170.706728,1020.379741,6.898485,1546.990586,3.18072,0.048181,0.006796,0.207511,0.0,7e-06,-877.3394,-195.356,1315.819,-0.648,-1200.253057,346.6,3227.501775,70.28066,45.5929,121.413573,261.607392
2024-01-19T02:00:00,2024-01-19T03:00:00,DK2,262.982599,132.813706,83.30064,20.181125,25.5848,920.28148,1.212322,538.503015,0.0,0.066467,0.008978,0.002686,0.0,0.38666,,812.75025,-658.141016,,,-351.4,1788.533712,53.105294,14.010016,86.284621,67.3371
2024-01-19T01:00:00,2024-01-19T02:00:00,DK1,728.542073,314.983066,82.318899,18.808499,191.22901,958.11363,6.211819,1410.082918,3.195179,0.049757,0.014379,0.215234,0.0,5e-06,-1175.0888,625.847,997.9664,-0.683,-1128.115744,174.2,3207.890324,64.910208,39.30915,122.795405,225.371869
2024-01-19T01:00:00,2024-01-19T02:00:00,DK2,266.236134,132.63307,85.499775,19.944444,24.0601,910.929282,1.13266,533.495299,0.0,0.066938,0.007338,0.002746,0.0,0.36059,,696.392,-662.255008,,,-176.7,1831.805368,52.323273,14.149008,88.954346,67.41014
2024-01-19T00:00:00,2024-01-19T01:00:00,DK1,689.836595,315.811255,82.666015,18.597788,214.634229,1037.446391,6.673504,1478.164163,3.226732,0.062816,0.018006,0.366607,0.0,0.0,-1092.4992,425.012,700.427,-0.675,-1196.14691,411.8,3095.421991,73.804349,44.6226,124.238753,161.973675
2024-01-19T00:00:00,2024-01-19T01:00:00,DK2,270.232543,132.632519,142.636677,19.786126,19.0856,911.036546,0.980151,503.31007,0.0,0.073227,0.00892,0.002964,0.0,0.84381,,944.48875,-659.485984,,,-417.6,1868.031919,52.144113,14.233984,89.273444,66.78975
2024-01-18T23:00:00,2024-01-19T00:00:00,DK1,713.537771,319.294231,84.182997,18.484677,197.127222,1038.994779,5.925521,1471.256165,3.245352,0.067054,0.015076,0.305395,0.0,0.0,-658.4984,28.902,439.4557,-0.636,-1004.863811,371.4,3028.195729,68.202183,39.9689,120.080911,142.961669
2024-01-18T23:00:00,2024-01-19T00:00:00,DK2,268.991815,133.12349,144.698925,18.933085,19.9016,912.545245,0.925679,481.532822,0.0,0.088738,0.008779,0.003557,0.0,1.08036,,923.9925,-672.207992,,,-376.7,1856.918603,51.889253,14.258992,86.872384,65.78663
2024-01-18T22:00:00,2024-01-18T23:00:00,DK1,756.14405,361.421826,82.600965,22.966874,210.029671,1038.492244,5.516632,1368.037195,3.266413,0.071926,0.011568,0.247829,0.0,2e-06,-252.4985,-18.221,104.3519,-0.661,-833.266477,70.8,2919.312118,62.183425,32.92525,115.877297,72.603546
2024-01-18T22:00:00,2024-01-18T23:00:00,DK2,268.890727,136.318419,146.490953,19.190091,25.0833,908.495029,0.847863,461.593028,0.0,0.091425,0.010099,0.003022,0.0,1.09616,,647.514,-681.297992,,,-72.6,1861.726124,50.087277,14.132992,84.703391,65.85649
2024-01-18T21:00:00,2024-01-18T22:00:00,DK1,764.799998,373.298007,83.932086,27.856283,204.213942,1027.580912,5.885319,1383.741126,3.270996,0.088579,0.011009,0.223717,0.0,0.0,-35.2999,374.48,47.4632,-0.688,-1328.955972,71.1,3003.001302,64.867736,17.22735,120.344759,51.57247
2024-01-18T21:00:00,2024-01-18T22:00:00,DK2,269.565289,138.270577,149.785015,17.891337,27.5952,888.776508,0.702151,418.345909,0.0,0.088289,0.014872,0.003396,0.0,0.96805,,770.67175,-685.370016,,,-73.4,1923.908327,45.954571,14.180016,87.162121,44.30059
2024-01-18T20:00:00,2024-01-18T21:00:00,DK1,874.995516,399.057248,83.514174,31.122356,188.498143,1012.018125,5.061429,1249.904028,3.253167,0.106831,0.006935,0.35202,0.0,0.0,198.0031,378.266,14.9549,-0.704,-1275.20035,-57.3,3105.909622,63.026819,14.9041,122.244964,32.147282
2024-01-18T20:00:00,2024-01-18T21:00:00,DK2,269.83731,140.095823,160.678563,16.915429,24.527,796.583154,0.548732,362.577123,0.0,0.098605,0.013337,0.004596,0.0,1.32395,,903.22125,-701.281992,,,55.7,2030.84288,40.219691,14.284992,90.376163,43.54135
2024-01-18T19:00:00,2024-01-18T20:00:00,DK1,908.30047,457.525386,86.962506,28.162534,213.609508,981.781313,5.595654,1324.35348,3.263462,0.120884,0.009133,0.30882,0.0,0.0,405.4173,284.755,167.4311,-0.72,-1431.128944,-279.9,3155.847606,67.135934,15.6688,127.323702,15.50554
2024-01-18T19:00:00,2024-01-18T20:00:00,DK2,308.152044,147.695619,201.97747,16.160911,22.2289,786.383592,0.514052,302.330632,0.0,0.121386,0.019132,0.003987,0.0,1.15601,,790.70125,-725.054976,,,276.0,2128.390009,40.091447,14.208976,91.057605,43.51683
2024-01-18T18:00:00,2024-01-18T19:00:00,DK1,953.848428,507.125918,93.504204,31.240946,217.965283,1029.668625,5.297648,1435.459009,3.27091,0.16721,0.012386,0.38219,0.0,3e-06,657.1124,1.409,-26.2296,-0.802,-1104.593329,-510.0,3294.839231,76.404481,37.7645,135.133557,12.440223
2024-01-18T18:00:00,2024-01-18T19:00:00,DK2,318.221064,159.670037,234.842998,16.285013,19.1289,726.752389,0.476355,305.847529,0.0,0.17564,0.027632,0.00467,0.0,1.83228,,704.64875,-744.515,,,501.9,2245.298257,40.124879,13.73,97.943408,43.51746
2024-01-18T17:00:00,2024-01-18T18:00:00,DK1,1165.167539,526.014607,93.068948,34.448877,160.677128,795.296259,6.011416,1586.722436,3.277704,0.23929,0.016123,0.290663,0.0,5e-06,1089.7831,-363.4,-536.7154,-0.892,-827.822316,-301.6,3430.584379,69.065033,89.71625,143.913689,12.372017
2024-01-18T17:00:00,2024-01-18T18:00:00,DK2,313.319748,160.221535,233.886312,17.840734,9.8554,554.304137,0.350158,272.189087,0.0,0.25687,0.040347,0.007886,0.0,1.75952,,731.4115,-212.685,,,297.4,2380.158234,38.188157,27.3575,104.262871,43.51571
2024-01-18T16:00:00,2024-01-18T17:00:00,DK1,1139.965508,523.228021,91.811447,35.274432,201.765096,1012.565036,6.809763,1636.265598,3.271254,0.289957,0.023838,0.269773,0.0,5e-06,1489.1844,-566.894,-1279.6194,-0.751,-335.269657,-392.8,3565.390071,89.237007,37.2335,150.720562,11.920945
2024-01-18T16:00:00,2024-01-18T17:00:00,DK2,296.621823,160.299425,233.329219,18.075014,5.3614,486.076079,0.249644,214.093537,0.0,0.306123,0.049541,0.007751,0.0,2.44711,,300.93925,331.613,,,387.1,2436.568916,38.842029,20.801,104.790987,43.48277
2024-01-18T15:00:00,2024-01-18T16:00:00,DK1,939.163049,502.894231,89.443508,34.377554,140.925314,997.348329,5.820557,1615.551736,3.25459,0.256756,0.021153,6.5132,1.153328,2e-06,1310.8204,-175.896,-2112.4358,-0.661,160.260544,-142.8,3376.011451,86.56006,54.3403,137.449764,7.267265
2024-01-18T15:00:00,2024-01-18T16:00:00,DK2,282.138877,164.758547,183.09308,17.208388,4.4988,450.366982,0.15639,137.468531,0.0,0.215126,0.022111,0.924045,0.475109,2.37853,,840.57975,57.542,,,140.5,2282.326266,35.574473,12.1685,92.981829,43.50572
2024-01-18T14:00:00,2024-01-18T15:00:00,DK1,946.174864,464.52962,85.915168,35.080989,140.100381,732.718053,6.796476,1600.876829,3.274059,5.914721,0.427112,70.491679,11.87626,1.4e-05,1446.9213,158.784,-2186.3694,-0.665,194.610581,-414.4,3303.057706,97.444581,14.402925,130.868894,15.399643
2024-01-18T14:00:00,2024-01-18T15:00:00,DK2,252.576487,161.614947,91.617452,18.705058,5.5464,487.899027,0.215251,120.989396,0.0,4.357444,0.395483,27.44762,12.300803,2.3088,,744.33625,-148.594,,,408.3,2190.016418,36.864558,5.364,85.346272,45.84587
2024-01-18T13:00:00,2024-01-18T14:00:00,DK1,844.668505,438.787618,86.421166,41.780628,167.383374,912.931667,7.547606,1626.585079,3.273695,27.135973,1.899239,207.811917,11.842357,2.6e-05,1533.5033,313.864,-1841.3866,-0.628,-495.564533,-473.5,3414.357016,113.849792,9.82445,131.650579,17.987988
2024-01-18T13:00:00,2024-01-18T14:00:00,DK2,230.329682,159.818532,60.636001,20.835619,11.5768,440.348407,0.324507,125.360847,0.0,17.75861,1.709038,81.218997,27.508888,2.3561,,769.44075,-201.677,,,466.2,2213.745778,36.284908,3.548,83.051241,45.7823
2024-01-18T12:00:00,2024-01-18T13:00:00,DK1,820.645518,449.067816,85.780127,44.597816,176.47578,788.025932,7.804812,1427.467624,3.284188,48.548767,3.456876,288.275739,28.960564,2.2e-05,1356.9594,691.503,-2355.1013,-0.638,78.871807,-450.8,3493.186488,120.677817,12.19595,133.096444,19.315481
2024-01-18T12:00:00,2024-01-18T13:00:00,DK2,232.310416,149.564939,61.573504,22.450105,9.934,412.392832,0.415558,164.892803,0.0,26.91683,2.650462,111.561703,61.418087,2.22764,,750.09375,-182.564,,,443.9,2269.738629,36.670041,3.254,85.053542,45.9815
2024-01-18T11:00:00,2024-01-18T12:00:00,DK1,1039.382669,470.370353,87.534167,43.62855,146.140979,854.799632,6.0621,1117.274481,3.265438,50.847875,3.492,276.60705,16.547346,4e-06,1290.8871,715.751,-1865.8464,-0.614,-261.851946,-499.5,3494.778398,103.801911,29.49755,126.742553,22.863173
2024-01-18T11:00:00,2024-01-18T12:00:00,DK2,233.99768,146.370941,67.676349,22.941209,4.3588,320.7601,0.37781,187.191149,0.0,26.788873,2.768152,107.535255,91.543915,2.18998,,803.22225,-188.864,,,491.7,2320.558465,36.78148,4.565,86.194808,44.60366
2024-01-18T10:00:00,2024-01-18T11:00:00,DK1,1128.450632,503.93897,92.067269,40.540862,130.666676,716.176964,4.630863,880.693199,3.258347,38.422942,2.530505,207.76566,20.059816,0.0,1595.0712,711.44,-2172.3426,-0.627,78.325618,-480.7,3500.369923,101.590716,31.4272,129.062828,7.751339
2024-01-18T10:00:00,2024-01-18T11:00:00,DK2,233.477448,159.898295,158.300146,22.188648,2.8011,460.663632,0.297115,128.562955,0.0,19.460568,1.800677,88.078463,63.489204,1.93676,,570.4125,-52.561,,,473.2,2332.006512,38.768442,5.2375,88.466855,44.56013
2024-01-18T09:00:00,2024-01-18T10:00:00,DK1,1175.137301,518.944046,93.732112,33.753462,139.58667,684.485026,2.991368,735.446458,3.247189,17.922528,1.103364,121.190671,7.010828,2.1e-05,1565.2885,635.207,-1202.7435,-0.45,-467.162759,-500.9,3563.790285,81.732482,39.199525,133.834484,13.504161
2024-01-18T09:00:00,2024-01-18T10:00:00,DK2,236.792542,163.411671,162.270344,19.876578,4.2529,474.710141,0.24796,153.813692,0.0,7.386421,0.531008,35.619523,21.476076,1.74116,,425.51875,156.7,,,493.0,2357.348766,41.988971,4.1435,92.675675,45.20924
2024-01-18T08:00:00,2024-01-18T09:00:00,DK1,1197.668962,498.568266,92.822124,29.754864,164.29343,690.166059,2.150138,742.861826,3.252853,3.416631,0.204936,35.27872,1.945014,1.1e-05,772.3835,501.643,-1321.452,0.0,451.325101,-280.3,3585.983435,65.343281,68.0707,138.551851,14.45375
2024-01-18T08:00:00,2024-01-18T09:00:00,DK2,251.553901,163.031679,161.472028,17.984409,5.0097,364.923491,0.164948,174.984219,0.0,1.552207,0.093398,15.248438,7.32203,1.59355,,654.904,262.779,,,276.3,2358.916998,39.362201,6.3315,95.518672,45.27514
2024-01-18T07:00:00,2024-01-18T08:00:00,DK1,1162.553728,506.57156,94.204389,31.979244,184.124256,822.773321,1.951242,904.88474,3.238339,0.13836,0.011398,1.252471,0.070111,9e-06,850.7072,443.811,-2255.1779,0.0,1344.954407,-475.9,3622.147875,87.163276,31.8183,141.045671,8.012341
2024-01-18T07:00:00,2024-01-18T08:00:00,DK2,287.858749,162.243841,159.856471,15.199892,4.9188,289.435173,0.130834,164.8575,0.0,0.146075,0.017642,0.87978,0.052175,1.98752,,332.82275,470.1,,,468.5,2359.007202,38.916633,10.417,96.069229,61.64703
2024-01-18T06:00:00,2024-01-18T07:00:00,DK1,1073.566094,480.844234,91.183411,27.597738,148.249609,801.941194,1.930127,857.154295,3.435646,0.101394,0.009985,0.200107,0.0,7e-06,1346.5659,665.202,-2493.2122,0.0,1042.146011,-538.3,3508.615552,100.105847,29.91345,134.438944,8.10435
2024-01-18T06:00:00,2024-01-18T07:00:00,DK2,291.628376,156.607031,165.730849,14.529247,5.8772,230.37872,0.090802,132.957311,0.0,0.107619,0.014189,0.003036,0.0,1.67408,,48.40825,694.893016,,,529.6,2272.499726,40.949336,10.737984,94.26236,60.90778
2024-01-18T05:00:00,2024-01-18T06:00:00,DK1,932.874809,372.811603,88.384353,25.884135,117.000191,649.686444,1.816007,717.769478,3.446251,0.096597,0.005623,0.164162,0.0,1.2e-05,1088.9633,675.495,-2400.5331,-0.591,1326.979346,-454.3,3145.953211,85.531899,29.9285,122.843029,15.680238
2024-01-18T05:00:00,2024-01-18T06:00:00,DK2,250.261076,134.700479,120.695273,12.827158,7.7581,231.536602,0.09467,133.48304,0.0,0.123758,0.017925,0.003656,0.0,1.6875,,524.9325,168.063,,,447.4,2033.584737,35.966251,23.4475,84.809244,60.89676
2024-01-18T04:00:00,2024-01-18T05:00:00,DK1,813.984732,333.608368,85.750604,18.645152,150.131571,726.829139,2.09212,637.46829,3.452426,0.06327,0.006557,0.074882,0.0,8e-06,1449.4706,713.6,-2244.7613,-0.648,671.125513,-434.3,2926.593932,91.256565,25.6861,111.409482,70.729335
2024-01-18T04:00:00,2024-01-18T05:00:00,DK2,238.857613,135.007855,71.845464,13.226498,5.8305,248.294147,0.081291,128.095244,0.0,0.080552,0.009853,0.002775,0.0,0.97215,,751.70825,-212.642,,,427.8,1809.170192,34.471067,14.095,75.934558,60.74769
2024-01-18T03:00:00,2024-01-18T04:00:00,DK1,784.019094,321.28835,83.157477,23.201448,107.955236,681.914047,1.582324,703.501698,3.453432,0.049411,0.00684,0.036692,0.0,7e-06,1356.6832,716.154,-1835.4727,-0.632,14.001528,-28.8,2932.100084,69.01106,3.3801,108.212804,132.048387
2024-01-18T03:00:00,2024-01-18T04:00:00,DK2,239.71836,133.953426,66.925154,13.162563,6.0617,223.470182,0.11283,109.011202,0.0,0.036347,0.00916,0.002736,0.0,0.37687,,982.556,-56.962,,,27.8,1746.23453,36.030161,3.8255,72.964929,60.3397
2024-01-18T02:00:00,2024-01-18T03:00:00,DK1,865.13831,322.556983,83.870456,24.153386,72.46727,680.810956,1.115534,695.177869,3.461145,0.049204,0.002849,0.047651,0.0,6e-06,1340.8924,716.12,-1849.6285,-0.652,0.095749,12.4,2968.079268,71.280105,5.1678,113.355999,125.970984
2024-01-18T02:00:00,2024-01-18T03:00:00,DK2,239.869602,133.630277,66.674274,13.932113,4.5143,178.438414,0.087714,88.108163,0.0,0.040124,0.009901,0.002706,0.0,0.13901,,1059.65875,16.205,,,-14.7,1786.610348,37.221184,2.5,76.536195,60.65573
2024-01-18T01:00:00,2024-01-18T02:00:00,DK1,858.201284,319.687417,82.864962,23.122209,67.3549,523.906304,1.454598,800.492295,3.466614,0.054172,0.006094,0.03978,0.0,6e-06,1155.0058,716.12,-1466.3914,-0.637,-0.692118,-96.3,2987.755917,62.950096,51.04585,115.562281,127.231365
2024-01-18T01:00:00,2024-01-18T02:00:00,DK2,240.756777,133.933664,119.968717,13.65496,4.944,197.644318,0.065784,76.930577,0.0,0.044331,0.008119,0.002716,0.0,0.27429,,1071.2175,-125.169,,,94.5,1828.776753,38.433238,4.2715,79.508579,61.13277
2024-01-18T00:00:00,2024-01-18T01:00:00,DK1,806.315467,320.79156,84.809132,24.701167,72.179762,604.982181,1.62758,739.472571,3.475126,0.065049,0.01078,0.053263,0.0,0.0,1295.8555,716.204,-1502.7655,-0.646,-29.016745,-155.1,2983.014893,69.086272,16.917475,115.320614,125.620365
2024-01-18T00:00:00,2024-01-18T01:00:00,DK2,239.255553,134.381231,141.554945,14.723215,7.0471,225.835011,0.069793,71.010957,0.0,0.051841,0.007654,0.00287,0.0,0.41205,,1021.33225,-156.468,,,152.8,1852.01647,38.596381,2.959,80.056093,61.76366
2024-01-17T23:00:00,2024-01-18T00:00:00,DK1,795.52157,324.783665,84.403968,19.451633,53.483392,481.455496,1.733505,791.595124,3.472435,0.069811,0.006829,0.029588,0.0,1e-06,1369.6097,716.154,-1541.2482,-0.641,-0.333384,-173.8,2925.748133,72.862801,30.22905,112.549613,121.664807
2024-01-17T23:00:00,2024-01-18T00:00:00,DK2,240.137869,133.902393,186.124804,14.671026,7.7728,246.054273,0.086892,72.618656,0.0,0.06007,0.010721,0.002796,0.0,0.75034,,991.40375,-228.285,,,171.3,1836.61139,37.868123,5.1535,77.701628,61.04415
2024-01-17T22:00:00,2024-01-17T23:00:00,DK1,837.026663,375.250866,86.528564,20.77122,52.113908,521.128398,1.879528,781.981577,3.468533,0.072704,0.002453,0.020333,0.0,0.0,1608.2556,716.138,-2080.0961,-0.622,166.837555,-163.2,2927.557802,83.589054,18.3924,112.266362,46.288225
2024-01-17T22:00:00,2024-01-17T23:00:00,DK2,246.433389,140.161832,202.452965,16.343499,4.7132,243.60573,0.095194,63.419219,0.0,0.04656,0.011534,0.002929,0.0,1.08741,,1130.263,-407.351,,,160.6,1801.885461,36.73397,8.334,75.51369,28.99278
2024-01-17T21:00:00,2024-01-17T22:00:00,DK1,839.580477,390.048919,85.18595,20.347097,66.968992,526.074513,1.865335,760.825842,3.464053,0.070369,0.002294,0.021272,0.0,0.0,1651.7968,716.047,-1947.5073,-0.61,230.086968,-320.9,3023.368581,90.094608,1.726,114.968251,35.245723
2024-01-17T21:00:00,2024-01-17T22:00:00,DK2,240.135242,138.910508,199.843158,16.175639,3.53,160.805703,0.087562,57.252845,0.0,0.061222,0.011641,0.002836,0.0,1.22404,,1088.473,-353.977,,,316.4,1868.936396,35.798813,6.75,79.363262,4.74901
2024-01-17T20:00:00,2024-01-17T21:00:00,DK1,936.840732,426.246674,84.24283,19.414393,43.622902,516.877713,1.583873,778.147148,3.437435,0.076673,0.004132,0.020292,0.0,3e-06,1653.4813,716.125,-2122.2969,-0.585,394.847978,-422.1,3029.987178,93.795929,0.76035,117.800197,12.980567
2024-01-17T20:00:00,2024-01-17T21:00:00,DK2,237.904853,152.289926,199.175317,17.016984,3.8511,152.603683,0.10051,64.616966,0.0,0.065437,0.014045,0.004175,0.0,1.23315,,1077.19225,-343.107,,,415.8,1978.761396,35.736533,8.056,85.118655,5.18803
2024-01-17T19:00:00,2024-01-17T20:00:00,DK1,1073.488993,482.802734,88.510475,21.799651,39.435769,532.641407,2.158528,776.333312,3.465344,0.105687,0.008524,0.021547,0.0,1.1e-05,1630.8771,716.028,-1771.0693,-0.592,-85.533711,-390.8,3119.682071,88.251911,17.739875,122.958835,7.959775
2024-01-17T19:00:00,2024-01-17T20:00:00,DK2,244.826631,158.440706,201.511726,17.554784,7.6473,172.940076,0.101355,72.502559,0.0,0.071791,0.015691,0.003301,0.0,1.41115,,983.81925,-143.849,,,385.1,2102.09732,36.649786,4.1345,88.967911,12.84553
2024-01-17T18:00:00,2024-01-17T19:00:00,DK1,1110.232024,523.667929,90.74506,21.411817,67.666037,480.487076,2.509971,778.237089,3.45046,0.154986,0.013369,0.039206,0.0,1.4e-05,1310.9358,715.961,-1491.7551,-0.618,164.205504,-553.2,3224.144242,83.451888,18.03285,126.942297,8.20748
2024-01-17T18:00:00,2024-01-17T19:00:00,DK2,245.121172,158.669523,204.184148,15.663895,8.5093,184.383391,0.145431,92.13065,0.0,0.105921,0.018299,0.003948,0.0,1.67599,,827.93775,-65.209,,,544.1,2217.440418,36.794742,3.6915,94.578167,12.91409
2024-01-17T17:00:00,2024-01-17T18:00:00,DK1,1095.689697,519.626948,92.597317,22.151445,106.998493,601.387921,2.579383,779.557385,3.453433,0.209713,0.015604,0.03301,0.0,7e-06,1313.632,715.877,-1099.0764,-0.626,-584.999948,-158.7,3410.407008,74.237062,4.3292,135.05971,14.210552
2024-01-17T17:00:00,2024-01-17T18:00:00,DK2,245.694897,159.679071,205.91848,15.507688,11.7216,221.105855,0.176849,112.360165,0.0,0.156554,0.026443,0.005107,0.0,1.35807,,1126.87525,92.557,,,156.3,2349.443029,37.725456,3.2605,101.234004,12.98315
2024-01-17T16:00:00,2024-01-17T17:00:00,DK1,1078.59205,524.92254,93.149725,23.77636,98.163214,619.96653,2.721683,877.776445,3.45634,0.253512,0.022162,0.040359,0.0,5e-06,1079.6457,715.734,-1151.9935,-0.634,49.75976,-435.3,3580.052885,73.134481,16.640775,144.300166,18.147359
2024-01-17T16:00:00,2024-01-17T17:00:00,DK2,247.447031,159.33994,206.699755,17.568558,15.4385,252.443085,0.2417,115.749258,0.0,0.191507,0.043773,0.006506,0.0,1.7557,,885.15,96.793,,,428.7,2427.568313,38.769904,1.566,105.310681,12.87695
2024-01-17T15:00:00,2024-01-17T16:00:00,DK1,1005.442341,527.303224,87.320083,31.080265,89.174754,792.87997,3.329491,956.69827,3.460363,0.156299,0.011459,2.20041,0.772032,2e-06,847.2992,715.595,-1307.9593,-0.646,69.476792,-451.3,3372.294655,79.639591,16.1963,131.187209,14.766619
2024-01-17T15:00:00,2024-01-17T16:00:00,DK2,248.219827,157.026686,181.039909,18.335954,17.0278,369.852543,0.318032,137.481581,0.0,0.081847,0.015409,0.070133,0.0,2.32932,,600.5145,112.441,,,444.3,2289.054541,37.486523,2.258,96.215654,6.55542
2024-01-17T14:00:00,2024-01-17T15:00:00,DK1,1146.234427,483.366706,88.435066,26.510715,98.416145,754.819073,4.435815,982.009258,3.444512,4.185196,0.256275,52.560883,8.071565,1.3e-05,1042.7989,715.562,-1862.2037,-0.647,70.406975,-352.2,3266.462824,84.285652,14.6472,121.760621,12.153961
2024-01-17T14:00:00,2024-01-17T15:00:00,DK2,253.79229,161.839506,101.728962,19.513384,20.5942,582.890634,0.451327,205.719926,0.0,0.252098,0.021276,3.186998,6.289796,2.41948,,517.90375,-13.393,,,347.3,2210.510628,38.406193,12.3685,91.683015,5.64892
2024-01-17T13:00:00,2024-01-17T14:00:00,DK1,1088.088333,473.912069,84.266979,29.822319,85.676469,697.652296,5.185995,1095.453419,3.429768,17.657524,1.175341,157.793261,16.613134,1.5e-05,1203.4554,715.577,-1999.7004,-0.597,-72.203916,-284.0,3319.258007,83.595421,21.3835,123.582633,9.677497
2024-01-17T13:00:00,2024-01-17T14:00:00,DK2,246.865377,160.885064,108.13816,20.694222,24.1469,798.98543,0.659606,297.198208,0.0,0.97808,0.06861,10.894513,22.196098,1.98605,,646.48675,-360.712,,,280.1,2259.571068,43.08389,18.1495,93.826797,3.99598
2024-01-17T12:00:00,2024-01-17T13:00:00,DK1,974.744305,464.691661,84.23382,32.161494,145.557403,760.766109,5.863506,1218.473485,3.448643,26.856049,1.890817,207.736747,12.360274,1.7e-05,802.2671,715.562,-2236.6103,-0.593,184.830847,-33.9,3370.340977,80.627276,27.344,125.837763,8.032081
2024-01-17T12:00:00,2024-01-17T13:00:00,DK2,234.644713,158.975196,118.375964,19.283368,27.1578,898.433927,0.85795,376.739456,0.0,1.341663,0.113467,14.800884,17.543777,2.07578,,914.10425,-531.187,,,32.1,2285.361196,47.902807,11.878,98.128953,3.97178
2024-01-17T11:00:00,2024-01-17T12:00:00,DK1,974.918,460.250347,85.032469,29.445471,143.368011,833.050076,6.736978,1341.839667,3.451852,22.615411,1.576435,174.990442,33.424175,9e-06,433.3786,679.866,-1502.1542,-0.591,-144.441876,-184.4,3392.356867,76.318072,27.4457,128.793104,8.049308
2024-01-17T11:00:00,2024-01-17T12:00:00,DK2,263.626121,158.989029,224.035552,20.388851,31.2919,918.917818,1.025673,467.623881,0.0,1.671561,0.133404,25.400022,43.488449,2.38289,,555.16475,-542.862008,,,181.6,2352.877892,52.66743,13.375508,101.38119,12.1158
2024-01-17T10:00:00,2024-01-17T11:00:00,DK1,907.314026,465.210941,91.902637,31.482771,161.210281,857.089986,7.560612,1539.190891,3.451411,15.722116,1.149624,123.037062,6.99544,3e-06,-9.6141,203.814,-569.3907,-0.644,-614.168973,242.2,3463.514028,63.583127,30.00855,138.572698,8.141168
2024-01-17T10:00:00,2024-01-17T11:00:00,DK2,278.447748,163.786902,223.361874,21.353235,33.7709,920.34468,1.156802,519.634417,0.0,1.19859,0.09207,18.907781,25.590147,1.70282,,714.11725,-301.569,,,-245.5,2376.396217,53.49704,13.53,104.773128,14.88232
2024-01-17T09:00:00,2024-01-17T10:00:00,DK1,1043.69227,491.233733,96.201245,28.78462,174.455942,840.310664,7.443513,1500.298627,3.454606,6.669752,0.473182,95.322223,7.156905,8e-06,-460.8304,556.925,-326.1524,-0.628,-601.356009,133.5,3596.955481,65.024967,36.1973,139.433951,8.092391
2024-01-17T09:00:00,2024-01-17T10:00:00,DK2,297.343241,161.600998,233.890772,21.710264,34.9039,916.851871,1.297356,572.85267,0.0,0.300116,0.028342,10.695232,3.761194,1.72227,,898.9425,-646.681008,,,-135.9,2373.319718,53.097863,16.3375,109.008867,3.9557
2024-01-17T08:00:00,2024-01-17T09:00:00,DK1,1110.808005,463.747319,90.858546,29.319749,169.614873,927.819224,7.424436,1735.392707,3.453556,0.798125,0.076083,21.584098,1.481408,7e-06,-867.0142,446.75,-190.0713,-0.643,-742.022854,309.5,3518.876782,70.711476,33.9987,144.242729,14.475968
2024-01-17T08:00:00,2024-01-17T09:00:00,DK2,297.939742,159.977205,229.962957,19.687052,36.1765,918.355147,1.383759,594.040708,0.0,0.129786,0.014706,3.161033,0.165276,1.87562,,1064.69425,-661.920984,,,-313.7,2351.942757,54.685343,14.397984,108.611473,4.00709
2024-01-17T07:00:00,2024-01-17T08:00:00,DK1,1072.809096,459.373591,90.256544,30.543348,193.651379,1025.998327,8.871055,2190.44208,3.426061,0.121495,0.019413,0.399526,0.0,1.1e-05,-645.011,-57.031,-177.5841,-0.604,-764.879807,228.6,3659.402019,72.110399,31.8827,153.713623,36.924734
2024-01-17T07:00:00,2024-01-17T08:00:00,DK2,313.076939,159.692264,206.655328,19.627917,36.0635,920.556176,1.461557,612.887689,0.0,0.112032,0.012366,0.168639,0.0,2.41539,,939.31075,-661.355984,,,-231.8,2318.884563,54.365282,14.383984,107.148672,5.765
2024-01-17T06:00:00,2024-01-17T07:00:00,DK1,915.759609,403.228381,77.826254,31.31667,212.718867,931.814218,10.467963,2403.92023,3.427621,0.133821,0.021093,0.208068,0.0,7e-06,-693.1412,-602.875,213.1921,-0.619,-663.089517,273.8,3518.110185,76.541505,48.19315,154.035563,41.468021
2024-01-17T06:00:00,2024-01-17T07:00:00,DK2,310.812061,151.92447,196.28689,20.533797,36.0214,921.454791,1.512167,623.722225,0.0,0.131432,0.017204,0.004486,0.0,1.95106,,911.407,-660.042,,,-277.5,2238.236983,54.481431,14.248,104.010456,31.7246
2024-01-17T05:00:00,2024-01-17T06:00:00,DK1,774.606917,313.58504,75.546491,27.18127,195.834765,1012.683122,11.176332,2676.832772,3.42647,0.128493,0.02642,0.377105,0.0,7e-06,-1044.0521,-706.346,174.6046,-0.608,-587.632364,334.7,3262.07134,82.598833,59.8805,149.145177,101.476369
2024-01-17T05:00:00,2024-01-17T06:00:00,DK2,306.062492,135.759761,193.058277,21.257079,35.951,922.816886,1.489723,608.55562,0.0,0.151816,0.016931,0.003027,0.0,1.56926,,793.72875,-659.919992,,,-339.3,2021.20063,54.033513,14.258992,94.574609,50.77124
2024-01-17T04:00:00,2024-01-17T05:00:00,DK1,709.987033,267.047681,72.1637,27.604282,229.081324,1023.105468,12.464063,3118.424034,3.429988,0.111389,0.03178,0.475368,0.0,7e-06,-1334.1144,-723.129,264.7403,-0.619,-613.156181,180.5,3238.147836,93.749172,62.78555,154.125981,173.959777
2024-01-17T04:00:00,2024-01-17T05:00:00,DK2,275.926859,133.110357,154.884648,21.381047,34.8896,918.10728,1.432372,586.06737,0.0,0.105183,0.009255,0.002816,0.0,1.09944,,536.98325,-652.702,,,-182.9,1828.397477,51.89182,14.236,87.931494,67.96393
2024-01-17T03:00:00,2024-01-17T04:00:00,DK1,704.970005,262.981553,68.886403,26.292044,230.917957,1040.599474,12.925292,3268.691576,3.423849,0.105252,0.031222,0.352218,0.0,6e-06,-1544.039,-667.275,650.4065,-0.588,-701.713413,-180.0,3176.967938,100.703911,63.23785,158.854732,166.375942
2024-01-17T03:00:00,2024-01-17T04:00:00,DK2,244.023057,131.992332,103.315197,20.136965,30.6719,919.250019,1.327569,554.133168,0.0,0.067122,0.010286,0.002844,0.0,0.51845,,249.172,-660.888992,,,177.5,1771.231917,48.611476,14.222992,88.90819,64.88939
2024-01-17T02:00:00,2024-01-17T03:00:00,DK1,642.688472,271.034856,68.780651,26.786837,231.148518,1033.61293,12.8977,3247.508541,3.434091,0.109435,0.027392,0.402268,0.0,8e-06,-1696.0297,-727.526,769.1066,-0.604,-616.073257,-75.8,3191.505342,98.391098,76.9217,161.888025,155.761923
2024-01-17T02:00:00,2024-01-17T03:00:00,DK2,246.93775,133.157374,102.279161,18.658786,29.4269,924.827739,1.140107,506.551726,0.0,0.064729,0.008126,0.002666,0.0,0.39294,,301.5315,-537.466984,,,74.2,1801.71252,48.619966,12.068984,90.139943,60.97725
2024-01-17T01:00:00,2024-01-17T02:00:00,DK1,765.853065,278.082274,73.358501,27.788619,232.362872,1055.724387,11.912813,3110.594489,3.424505,0.084545,0.022985,0.445609,0.0,4e-06,-1704.8447,-731.79,527.0554,-0.622,-592.070388,48.3,3105.68298,97.761744,77.5197,156.262488,123.311003
2024-01-17T01:00:00,2024-01-17T02:00:00,DK2,253.255777,133.193625,101.986128,17.809656,28.9813,927.265701,1.028556,483.506308,0.0,0.058034,0.007778,0.002726,0.0,0.19527,,573.51575,-656.525008,,,-49.8,1814.481601,46.050404,14.171008,91.09253,60.58127
2024-01-17T00:00:00,2024-01-17T01:00:00,DK1,791.56756,276.005155,71.89557,26.190762,233.328506,1059.504781,10.114617,2781.610254,3.43125,0.081321,0.027228,0.476336,0.0,0.0,-1677.0701,-731.382,678.1381,-0.602,-419.085997,-20.4,3083.831343,90.523101,80.9292,147.879534,102.668017
2024-01-17T00:00:00,2024-01-17T01:00:00,DK2,256.137852,133.988887,101.348761,18.104006,25.1588,929.962181,0.917004,454.676055,0.0,0.053788,0.008313,0.003319,0.0,0.57522,,547.22575,-650.332,,,18.7,1836.527936,46.168831,14.264,91.043835,61.50996
2024-01-16T23:00:00,2024-01-17T00:00:00,DK1,827.263072,271.44618,70.319468,24.586498,231.270057,1059.683555,8.005507,2294.73597,3.446741,0.071763,0.016568,0.278941,0.0,0.0,-1281.17,-726.082,774.2362,-0.595,-404.366411,-24.6,3128.547109,79.475203,72.06165,136.094217,114.963308
2024-01-16T23:00:00,2024-01-17T00:00:00,DK2,255.23201,134.899247,102.691583,17.704679,21.497,929.92382,0.833265,432.372922,0.0,0.05839,0.009182,0.003036,0.0,0.85351,,582.0315,-638.744008,,,23.6,1862.966136,47.057552,13.963008,90.179018,66.66694
2024-01-16T22:00:00,2024-01-16T23:00:00,DK1,778.500389,316.833473,69.952387,23.75159,217.683315,1053.827227,6.709068,1922.490477,3.458107,0.068801,0.010185,0.200597,0.0,0.0,-823.6932,-507.345,442.489,-0.615,-81.477135,-343.0,3079.844281,75.854514,66.5615,124.21216,92.689156
2024-01-16T22:00:00,2024-01-16T23:00:00,DK2,266.553669,136.944804,91.821942,17.744242,27.3046,919.066312,0.803848,415.357572,0.0,0.068602,0.010733,0.003154,0.0,1.0186,,301.2635,-667.659992,,,338.3,1848.601586,50.201941,14.082992,84.064427,57.49127
2024-01-16T21:00:00,2024-01-16T22:00:00,DK1,765.990693,334.43405,67.218622,23.889581,197.956232,1050.267766,5.860928,1730.80633,3.44787,0.074036,0.007924,0.092348,0.0,0.0,-371.7962,-161.809,59.3673,-0.626,-219.738374,-373.5,3111.944106,73.090242,43.00585,124.530367,55.12723
2024-01-16T21:00:00,2024-01-16T22:00:00,DK2,267.914223,136.682088,91.264909,17.79605,23.5581,868.486299,0.761801,399.741809,0.0,0.076643,0.013313,0.003795,0.0,0.86386,,456.5725,-683.752,,,368.0,1947.98339,48.322659,16.0095,87.872073,50.81693
2024-01-16T20:00:00,2024-01-16T21:00:00,DK1,816.796099,366.605376,69.00752,27.633397,209.463771,1015.769692,5.48129,1611.679573,3.45548,0.096158,0.010405,0.157493,0.0,2e-06,21.7003,-338.734,166.1921,-0.637,-348.76173,-394.8,3231.115926,69.122416,37.0229,126.966211,31.53041
2024-01-16T20:00:00,2024-01-16T21:00:00,DK2,266.916824,137.407211,161.381666,17.684841,19.8796,687.381681,0.601644,356.636707,0.0,0.078176,0.012556,0.00545,0.0,1.42129,,203.89925,-204.748,,,389.0,2037.558896,46.41702,22.3905,93.264315,19.62367
2024-01-16T19:00:00,2024-01-16T20:00:00,DK1,943.389845,447.91132,74.949987,27.539075,129.920078,807.432395,5.518758,1639.515192,3.456763,0.122317,0.012732,0.126576,0.0,9e-06,349.3987,-681.772,1167.5837,-0.661,-1288.60077,-407.5,3218.343677,60.644643,39.1082,133.560784,9.640543
2024-01-16T19:00:00,2024-01-16T20:00:00,DK2,309.696713,153.445107,225.350201,16.034443,19.9302,581.912698,0.417339,304.247133,0.0,0.085216,0.015365,0.003463,0.0,1.17109,,-149.6445,260.255,,,401.4,2124.319468,45.504648,25.3965,95.527242,4.05642
2024-01-16T18:00:00,2024-01-16T19:00:00,DK1,1227.623093,487.845846,84.955908,26.223324,121.37268,791.351991,5.856577,1641.211375,3.441198,0.135506,0.010196,0.124899,0.0,7e-06,443.1016,-706.551,441.0946,-0.65,-673.984024,-533.7,3359.463776,70.139381,24.2913,139.243517,9.449523
2024-01-16T18:00:00,2024-01-16T19:00:00,DK2,319.747668,155.250599,232.185982,17.529857,20.5288,473.845019,0.286438,221.180483,0.0,0.116144,0.023451,0.005779,0.0,1.16369,,-533.15,820.900016,,,524.9,2254.513926,49.162396,10.993984,99.472314,3.4079
2024-01-16T17:00:00,2024-01-16T18:00:00,DK1,1266.159086,489.398558,96.902026,25.620834,134.313725,790.825612,6.005519,1576.505894,3.448346,0.182528,0.01897,0.122517,0.0,1.1e-05,369.7988,-730.579,224.7968,-0.677,-57.832519,-598.8,3596.210707,73.551187,30.5766,148.975525,9.43008
2024-01-16T17:00:00,2024-01-16T18:00:00,DK2,318.898155,155.137535,225.438558,16.082979,18.8319,378.527582,0.174337,158.599708,0.0,0.186131,0.030333,0.005323,0.0,1.44403,,-450.667,983.229992,,,588.4,2394.319563,53.008784,11.209008,106.053291,3.39756
2024-01-16T16:00:00,2024-01-16T17:00:00,DK1,1249.651474,492.548339,99.918797,24.007702,134.996365,796.607236,6.190544,1568.298687,3.468504,0.227726,0.020297,0.125357,0.0,9e-06,609.4991,-732.246,347.0307,-0.654,-233.057511,-601.2,3765.433326,75.251008,41.9455,155.145462,9.407038
2024-01-16T16:00:00,2024-01-16T17:00:00,DK2,318.959253,157.750922,221.945897,15.149077,16.3724,281.885404,0.110571,103.805939,0.0,0.233353,0.042638,0.006548,0.0,1.52215,,-235.74125,986.15,,,590.8,2458.992902,51.427564,11.308,108.436229,3.42589
2024-01-16T15:00:00,2024-01-16T16:00:00,DK1,1082.309923,511.822896,103.116973,23.745667,98.817262,773.847831,6.141233,1409.835987,3.423702,0.144646,0.015614,0.690482,0.0,1e-06,941.4959,-732.155,-331.8118,-0.646,199.186285,-589.2,3500.781602,73.687727,48.8431,141.074147,9.581059
2024-01-16T15:00:00,2024-01-16T16:00:00,DK2,318.791542,162.490946,222.110585,14.227076,13.3193,205.691259,0.08481,69.233072,0.0,0.131568,0.016356,0.55651,0.0,2.05727,,-237.745,977.097008,,,579.2,2327.262302,49.459007,11.264992,98.06048,3.7194
2024-01-16T14:00:00,2024-01-16T15:00:00,DK1,1035.402981,458.349971,87.970055,22.743256,67.88313,623.990324,5.16778,1152.786744,3.449511,0.708787,0.050722,19.84886,1.030418,8e-06,420.0935,-731.949,-118.3851,-0.696,863.591324,-543.7,3368.337271,58.934937,45.3849,133.137206,9.423239
2024-01-16T14:00:00,2024-01-16T15:00:00,DK2,298.99634,161.859627,184.329781,17.946502,9.3296,106.741504,0.071676,45.530206,0.0,0.793794,0.071832,16.548894,15.045507,2.05121,,-99.3335,955.264008,,,534.8,2250.046982,44.651302,11.146992,92.952891,3.4697
2024-01-16T13:00:00,2024-01-16T14:00:00,DK1,975.245099,438.604307,87.177588,25.375353,125.068345,687.162554,3.745624,845.887692,3.477622,4.995747,0.342435,71.16204,3.825011,1.5e-05,632.9964,-731.977,221.7694,-0.725,565.756853,-531.6,3428.290085,65.388416,56.17395,129.67658,9.516055
2024-01-16T13:00:00,2024-01-16T14:00:00,DK2,297.296105,163.013197,178.370641,20.276859,5.0495,33.93842,0.05846,31.224142,0.0,5.472473,0.565928,46.50981,22.637953,1.77624,,-7.95825,943.988,,,523.0,2265.219478,43.122171,11.12,91.395773,3.5309
2024-01-16T12:00:00,2024-01-16T13:00:00,DK1,994.08726,456.570491,89.431085,26.650795,58.71759,482.45634,2.305724,592.218302,3.474054,12.351427,0.840938,106.385548,5.978896,1.9e-05,1264.1846,-731.968,340.7383,-0.803,299.94591,-441.9,3561.666279,54.806337,56.03645,131.792494,9.277617
2024-01-16T12:00:00,2024-01-16T13:00:00,DK2,295.346649,161.26953,178.27168,22.807244,1.7132,17.7534,0.065502,28.273661,0.0,11.130635,1.178569,68.230046,61.497272,1.43686,,95.4435,940.994992,,,435.1,2320.51274,41.017614,11.185008,92.302705,3.47563
2024-01-16T11:00:00,2024-01-16T12:00:00,DK1,978.999092,449.171342,92.791475,25.909445,34.45698,310.665724,1.906693,467.540104,3.472239,14.869331,1.017892,110.523036,6.320513,4e-06,1630.1161,-731.957,311.5333,-0.748,311.295983,-540.5,3477.384253,60.503931,36.220625,129.916279,8.070616
2024-01-16T11:00:00,2024-01-16T12:00:00,DK2,296.182111,160.609205,175.351281,22.155925,0.7004,8.979915,0.046191,18.244192,0.0,10.78524,1.184753,71.316425,85.24955,1.70039,,49.32675,940.697008,,,531.7,2374.229334,43.348992,11.226992,92.896516,3.64549
2024-01-16T10:00:00,2024-01-16T11:00:00,DK1,1050.913357,463.743971,94.588521,23.750637,11.083379,180.328319,1.704709,400.405924,3.449044,12.995529,0.793469,96.362782,5.507589,0.0,1562.6046,-731.851,674.2793,-0.725,135.671343,-463.1,3522.506473,55.952147,75.859825,133.62739,8.028598
2024-01-16T10:00:00,2024-01-16T11:00:00,DK2,296.773251,164.146162,178.293471,20.265357,0.3179,11.250189,0.028851,11.255164,0.0,7.800565,0.740284,62.900022,80.08474,1.58131,,186.036,938.569992,,,456.0,2416.043254,43.85356,11.135008,96.307978,3.40743
2024-01-16T09:00:00,2024-01-16T10:00:00,DK1,1046.067884,475.936959,93.767311,20.691469,5.330601,91.423964,1.448309,317.177609,3.443504,5.323403,0.334959,62.188138,3.392325,0.0,753.202,-731.571,1806.3801,-0.613,231.867082,-591.6,3594.191617,68.286072,55.3725,137.585614,8.218728
2024-01-16T09:00:00,2024-01-16T10:00:00,DK2,295.312986,163.9732,225.156255,18.50373,0.8748,22.210877,0.020198,10.236673,0.0,5.217197,0.438208,55.739036,34.043205,1.52765,,70.65925,937.255008,,,581.4,2422.568272,45.151245,11.264992,100.247504,3.75377
2024-01-16T08:00:00,2024-01-16T09:00:00,DK1,1078.852901,510.867479,101.508726,17.738787,5.983364,62.372557,1.121999,269.232329,3.44876,0.888567,0.055262,20.946826,1.094533,5e-06,915.1024,-731.336,1581.5993,-0.625,386.482103,-601.2,3624.134898,67.905876,33.1198,139.161641,8.397379
2024-01-16T08:00:00,2024-01-16T09:00:00,DK2,294.734441,164.80105,216.922547,16.314991,0.9915,27.931292,0.017512,15.453419,0.0,1.692578,0.143858,28.165175,7.35753,1.43223,,121.287,937.145016,,,590.7,2425.090139,45.725469,11.247984,103.504525,3.75002
2024-01-16T07:00:00,2024-01-16T08:00:00,DK1,1034.378465,507.938297,101.867449,15.976332,6.042475,25.635893,0.861968,208.949428,3.463675,0.105432,0.033873,1.223733,0.068152,8e-06,793.0064,-731.23,1500.082,-0.62,729.602871,-601.1,3596.286451,69.419753,36.9066,140.81046,9.16055
2024-01-16T07:00:00,2024-01-16T08:00:00,DK2,298.271075,168.536518,185.867213,13.054055,1.0946,39.361467,0.018646,17.666704,0.0,0.149626,0.027254,2.110627,0.114375,1.36635,,137.35775,936.909984,,,590.8,2392.706244,45.65322,11.100016,103.307235,3.38905
2024-01-16T06:00:00,2024-01-16T07:00:00,DK1,954.277108,470.110017,96.927058,15.428443,9.118464,23.354226,0.918691,197.572369,3.462727,0.086075,0.050145,0.115191,0.0,8e-06,1118.4085,-731.119,1116.364,-0.624,803.88269,-597.4,3480.932712,65.374044,38.350825,136.905559,15.248586
2024-01-16T06:00:00,2024-01-16T07:00:00,DK2,297.71745,155.480946,182.895537,12.599618,0.5359,24.773827,0.022109,6.60849,0.0,0.110966,0.015614,0.002911,0.0,1.45739,,101.235,936.727992,,,587.2,2307.38375,45.771325,11.221008,99.66087,5.44316
2024-01-16T05:00:00,2024-01-16T06:00:00,DK1,892.189686,375.435019,85.407927,15.354254,14.118602,2.31278,1.056536,184.111963,3.468721,0.09353,0.004045,0.086503,0.0,8e-06,1224.0217,-696.097,1000.6926,-0.616,670.811712,-543.5,3228.952586,64.137824,43.821225,124.394665,83.408717
2024-01-16T05:00:00,2024-01-16T06:00:00,DK2,293.654922,138.616812,171.51649,11.62896,0.2859,9.0199,0.025713,4.123698,0.0,0.125789,0.017963,0.003806,0.0,1.14347,,-27.268,935.391992,,,534.7,2072.987415,45.655236,11.251008,85.813773,27.93557
2024-01-16T04:00:00,2024-01-16T05:00:00,DK1,832.535811,314.502593,73.59067,15.587132,9.284286,1.320331,1.231584,210.032999,3.482895,0.068627,0.00347,0.036994,0.0,9e-06,799.9018,-207.377,1397.3601,-0.6,11.196767,-483.1,2979.059068,55.058545,55.8587,112.82614,135.40034
2024-01-16T04:00:00,2024-01-16T05:00:00,DK2,257.0699,136.675757,78.045504,11.916776,0.2076,14.2184,0.026286,3.807597,0.0,0.079603,0.012097,0.003215,0.0,0.85579,,86.0235,790.415008,,,475.7,1855.057033,37.284847,11.236992,80.40247,43.4856
2024-01-16T03:00:00,2024-01-16T04:00:00,DK1,771.145121,289.17427,71.050194,10.957747,7.366069,9.19591,1.34887,215.308095,3.487649,0.052146,0.003098,0.036915,0.0,5e-06,567.8012,-29.839,1541.5304,-0.61,-88.882503,-394.5,2974.626186,53.698371,23.0446,111.292501,138.17154
2024-01-16T03:00:00,2024-01-16T04:00:00,DK2,242.300362,132.993247,43.7187,12.768058,0.1133,0.4378,0.0286,4.190125,0.0,0.056402,0.011111,0.002884,0.0,0.21893,,38.45625,937.124992,,,388.9,1801.320761,37.499938,11.107008,81.719808,43.43565
2024-01-16T02:00:00,2024-01-16T03:00:00,DK1,800.714851,281.686135,70.425627,11.360695,10.697292,14.187361,1.274114,202.111692,3.483833,0.045544,0.002594,0.020784,0.0,9e-06,541.2,152.026,1529.3668,-0.61,-284.471872,-347.2,2986.321459,49.913299,26.1312,114.403616,157.279985
2024-01-16T02:00:00,2024-01-16T03:00:00,DK2,242.348939,135.003053,43.954092,14.064075,0.0,0.0004,0.025355,5.626398,0.0,0.048287,0.013023,0.002696,0.0,0.14356,,123.964,933.882992,,,342.3,1841.37687,35.658422,11.187008,85.879408,43.4015
2024-01-16T01:00:00,2024-01-16T02:00:00,DK1,800.05494,280.115343,70.124913,11.624527,24.635252,32.19241,1.167888,207.64217,3.494986,0.041705,0.005952,0.022475,0.0,6e-06,730.8011,-77.092,1756.0616,-0.586,-594.736707,-194.5,3051.07056,49.770671,24.3437,116.265774,157.675614
2024-01-16T01:00:00,2024-01-16T02:00:00,DK2,242.046368,137.273218,44.359198,14.40907,0.0009,1.7196,0.016401,4.7928,0.0,0.049727,0.012097,0.002668,0.0,0.37342,,465.9995,771.419992,,,191.8,1874.274959,32.690184,11.153008,88.580548,43.37589
2024-01-16T00:00:00,2024-01-16T01:00:00,DK1,802.986959,288.216116,71.178308,14.128826,22.329459,31.412301,1.057263,168.544448,3.498126,0.054859,0.012347,0.020632,0.0,0.0,973.7995,-215.834,1699.8744,-0.584,-567.178454,-266.9,3026.61709,51.612642,20.6434,117.012868,154.361763
2024-01-16T00:00:00,2024-01-16T01:00:00,DK2,242.352476,136.82255,44.250879,13.553973,0.0,5.111,0.019421,6.874025,0.0,0.066367,0.01083,0.002761,0.0,0.53952,,312.4275,869.359016,,,263.2,1894.590318,34.138472,11.183984,88.498561,43.34559
2024-01-15T23:00:00,2024-01-16T00:00:00,DK1,781.335428,291.736902,70.004863,13.208996,21.447918,58.885669,0.896826,146.43267,3.497329,0.057495,0.00547,0.019544,0.0,0.0,771.197,50.065,1403.2044,-0.599,-196.859388,-371.6,3042.937122,52.860926,68.6358,118.164633,115.255579
2024-01-15T23:00:00,2024-01-16T00:00:00,DK2,242.224259,137.280908,44.675933,14.135316,0.0,25.235802,0.027965,8.197929,0.0,0.068773,0.012317,0.003011,0.0,0.75515,,341.89825,710.711008,,,366.4,1891.626621,32.878173,11.768992,86.333768,43.38454
2024-01-15T22:00:00,2024-01-15T23:00:00,DK1,811.19741,353.898692,68.836408,16.591848,11.047241,45.431281,0.481689,121.643921,3.493243,0.06856,0.004001,0.021532,0.0,1e-06,262.2267,346.078,1622.6764,-0.604,-384.126638,-312.1,2966.866289,48.311492,34.6881,113.527043,28.465761
2024-01-15T22:00:00,2024-01-15T23:00:00,DK2,246.224008,135.32825,44.316589,14.923575,0.1024,68.78771,0.036117,16.904012,0.0,0.052078,0.012872,0.003142,0.0,0.94772,,267.333,779.694992,,,307.8,1882.466465,35.977761,10.959008,80.508895,43.41726
2024-01-15T21:00:00,2024-01-15T22:00:00,DK1,839.61446,376.519429,68.734764,16.38364,9.118702,38.967401,0.304721,90.555851,3.587224,0.077106,0.004486,0.020313,0.0,0.0,755.5952,50.74,2128.2202,-0.625,-762.940621,-487.3,3127.577876,62.063452,37.9326,117.59444,31.782944
2024-01-15T21:00:00,2024-01-15T22:00:00,DK2,242.757239,135.426612,72.616541,13.616127,0.5566,163.914683,0.093938,30.030086,0.0,0.041281,0.012583,0.004205,0.0,1.21285,,-109.07875,944.723,,,479.7,1975.626995,43.077044,11.072,83.526723,40.74389
2024-01-15T20:00:00,2024-01-15T21:00:00,DK1,854.672942,407.43145,69.266127,15.749531,5.795954,50.436125,0.143053,61.686965,3.685855,0.088336,0.00533,0.021062,0.0,0.0,1178.5943,-170.406,1599.752,-0.599,-702.756934,-294.9,3078.667096,51.313415,29.978275,122.492979,33.794197
2024-01-15T20:00:00,2024-01-15T21:00:00,DK2,242.250092,137.980614,79.818999,12.753116,1.6428,263.230401,0.139034,38.923795,0.0,0.066303,0.013165,0.003901,0.0,1.35294,,43.6025,946.997,,,290.8,2059.57466,43.738531,11.034,88.933715,23.19699
2024-01-15T19:00:00,2024-01-15T20:00:00,DK1,926.566707,434.349395,73.430142,15.815239,3.253135,66.174926,0.032727,29.799659,3.684344,0.109019,0.008313,0.022046,0.0,2e-06,1376.023,-142.067,1396.7375,-0.606,-1153.561227,107.5,3137.271927,46.294633,19.91545,125.084129,10.39953
2024-01-15T19:00:00,2024-01-15T20:00:00,DK2,248.017165,158.527872,83.240663,13.32485,2.9989,370.016462,0.231609,62.142611,0.0,0.081391,0.015751,0.003191,0.0,1.22257,,437.85425,866.524008,,,-109.5,2134.701293,42.00483,10.940992,91.854297,7.43468
2024-01-15T18:00:00,2024-01-15T19:00:00,DK1,975.236656,442.770638,75.343884,15.834124,3.550289,109.826051,0.050494,39.401707,3.66567,0.136476,0.010069,0.020888,0.0,1.1e-05,1588.9475,-253.732,1078.3136,-0.599,-712.382669,-94.1,3272.294388,46.307506,24.16865,130.561599,9.195493
2024-01-15T18:00:00,2024-01-15T19:00:00,DK2,253.861802,160.353347,136.4439,14.466294,6.9516,461.314415,0.352019,111.640018,0.0,0.120882,0.02131,0.004493,0.0,1.39947,,498.03525,518.243008,,,92.3,2255.507808,36.121813,15.15,97.645462,11.56487
2024-01-15T17:00:00,2024-01-15T18:00:00,DK1,1017.926818,438.823859,77.208754,16.173013,10.173349,191.530491,0.089178,72.566605,3.635408,0.182105,0.013375,0.021679,0.0,1.1e-05,1364.9378,-87.531,823.2158,-0.598,-465.295968,-4.8,3458.273277,43.525,18.60005,139.379201,14.10041
2024-01-15T17:00:00,2024-01-15T18:00:00,DK2,257.405402,160.571931,178.055916,15.218047,13.1922,529.742388,0.462955,170.365706,0.0,0.173247,0.028703,0.004998,0.0,1.33789,,775.87875,290.362,,,3.8,2396.600133,37.372907,6.005,104.597701,11.59238
2024-01-15T16:00:00,2024-01-15T17:00:00,DK1,940.428667,436.277206,78.479877,16.795206,21.050577,340.652794,0.156088,116.858931,3.635002,0.231331,0.016642,0.049849,0.0,1.4e-05,1128.0853,-292.759,1171.6304,-0.606,-414.464171,41.2,3587.718713,47.100301,32.12615,145.251614,17.613169
2024-01-15T16:00:00,2024-01-15T17:00:00,DK2,254.996414,160.457755,179.117074,17.186454,16.4755,618.341793,0.506167,203.538388,0.0,0.206491,0.03754,0.005904,0.0,1.74716,,596.97225,454.09,,,-42.9,2460.77889,40.102842,15.5505,106.273147,11.5753
2024-01-15T15:00:00,2024-01-15T16:00:00,DK1,844.160523,416.473168,77.609183,18.232261,41.478195,443.401481,0.328334,197.200213,3.644283,0.130111,0.012993,2.652522,0.72622,2e-06,888.6608,-549.78,901.5632,-0.588,183.495467,-69.1,3400.300956,47.945117,47.6928,131.786321,16.003643
2024-01-15T15:00:00,2024-01-15T16:00:00,DK2,256.935976,155.848316,170.423732,19.049199,18.7313,677.06374,0.566439,228.21868,0.0,0.105919,0.018267,0.344195,0.0,1.66841,,13.4015,728.189992,,,67.4,2337.965665,45.853042,10.901008,97.260841,11.57457
2024-01-15T14:00:00,2024-01-15T15:00:00,DK1,789.683293,406.562705,71.589183,21.186683,42.002436,442.801933,0.659113,237.061395,3.66187,1.229927,0.107863,47.795802,13.789571,8e-06,494.1572,223.189,345.6738,-0.614,518.704293,-334.9,3324.342075,46.05868,35.7245,123.358406,9.011098
2024-01-15T14:00:00,2024-01-15T15:00:00,DK2,242.247354,156.056289,77.594685,19.765699,18.0319,769.470409,0.704752,254.196288,0.0,0.44765,0.054152,10.226642,4.194641,1.7809,,-53.8695,413.494,,,330.2,2244.595861,45.196468,16.184,91.068385,13.43521
2024-01-15T13:00:00,2024-01-15T14:00:00,DK1,784.485392,382.030191,68.178874,24.959525,17.803063,360.404184,0.974096,247.56834,3.655464,8.074817,0.66597,143.139156,24.642576,1.2e-05,113.8605,520.083,389.0116,-0.621,440.423067,43.2,3572.538828,41.130788,20.2753,121.478552,26.227297
2024-01-15T13:00:00,2024-01-15T14:00:00,DK2,236.082374,153.17813,45.116008,20.405943,16.7913,864.083813,0.917742,324.699189,0.0,1.682484,0.198302,21.560758,9.992126,1.49371,,330.166,284.436,,,-45.2,2265.603879,47.459602,4.853,92.23594,12.98145
2024-01-15T12:00:00,2024-01-15T13:00:00,DK1,798.738178,368.592473,68.070663,31.691413,24.726849,387.762667,1.379221,282.889814,3.662408,21.20886,1.552146,229.930271,38.1745,2e-05,66.6598,103.207,1298.8962,-0.603,171.809083,-256.0,3642.348564,48.601298,4.9179,121.92678,43.796052
2024-01-15T12:00:00,2024-01-15T13:00:00,DK2,242.770428,151.840984,43.86423,20.615254,20.7744,879.983032,1.026456,431.367173,0.0,1.2793,0.135489,25.001648,10.605083,1.91334,,-204.35075,431.498,,,252.4,2310.724067,53.749222,11.562,97.632367,4.18732
2024-01-15T11:00:00,2024-01-15T12:00:00,DK1,802.095564,382.557286,68.044481,33.786072,34.724882,400.223079,1.891131,435.846445,3.661079,30.43071,2.18089,310.780413,41.80798,1e-05,113.3598,594.88,425.0634,-0.643,37.746259,-79.9,3638.536479,43.534302,13.6274,120.350995,51.53303
2024-01-15T11:00:00,2024-01-15T12:00:00,DK2,245.950578,153.52454,49.294747,22.233265,23.9647,889.049519,1.161091,500.662325,0.0,1.181205,0.087927,35.398275,13.043562,1.06988,,190.7495,133.243,,,78.0,2338.614114,53.565399,16.865,100.630065,4.10889
2024-01-15T10:00:00,2024-01-15T11:00:00,DK1,828.73009,388.295202,71.983994,30.630153,60.159918,447.923307,3.184769,707.044405,3.669749,21.283891,1.497404,266.476827,21.318243,5e-06,-132.7402,609.339,218.7902,-0.173,-255.789241,269.0,3560.624716,44.052714,16.3425,126.629288,25.880075
2024-01-15T10:00:00,2024-01-15T11:00:00,DK2,246.975606,152.718557,108.832935,21.874086,23.0166,899.363619,1.286992,548.972201,0.0,0.868874,0.07175,33.423628,7.7209,1.52851,,858.7105,-280.796,,,-272.5,2352.068757,53.845539,21.2185,103.269497,4.01093
2024-01-15T09:00:00,2024-01-15T10:00:00,DK1,909.378222,403.962716,72.155845,27.947328,94.360563,536.401428,4.046528,1051.693142,3.653775,8.531086,0.631571,165.975578,8.756911,1.2e-05,-136.3411,502.228,141.8781,0.0,-190.711563,-5.0,3599.548143,41.534126,16.39635,133.644026,19.811945
2024-01-15T09:00:00,2024-01-15T10:00:00,DK2,247.001975,148.772887,172.351134,21.108426,20.7498,898.901015,1.363094,582.139063,0.0,0.432388,0.033771,17.154949,0.881055,1.26066,,868.79025,-651.630984,,,3.8,2333.109483,51.959401,15.847484,103.961334,3.57416
2024-01-15T08:00:00,2024-01-15T09:00:00,DK1,968.46247,409.465886,74.681086,26.351329,111.329722,585.094638,4.791755,1390.206286,3.626773,1.089214,0.094797,48.460744,2.482238,7e-06,-419.035,644.04,234.748,0.0,-203.95462,-350.0,3531.935325,50.953525,20.5468,137.422293,14.24016
2024-01-15T08:00:00,2024-01-15T09:00:00,DK2,255.339769,130.634222,176.26599,19.908225,17.3988,906.072102,1.421019,587.222477,0.0,0.13253,0.015401,5.189497,0.266871,1.47707,,521.319,-667.074,,,344.9,2300.488973,52.145653,14.3,102.694634,3.97839
2024-01-15T07:00:00,2024-01-15T08:00:00,DK1,953.306766,402.918096,76.125094,29.707505,154.522165,672.742221,6.41793,1754.485636,3.526563,0.117196,0.013704,1.776882,0.095389,1e-05,-376.9403,67.201,376.1795,0.0,-53.996342,-565.0,3503.199015,58.91029,18.7197,140.830089,7.861616
2024-01-15T07:00:00,2024-01-15T08:00:00,DK2,275.590303,105.390533,167.701343,18.508831,18.2189,902.559825,1.404059,588.528065,0.0,0.110979,0.012717,0.057071,0.0,1.43288,,289.61625,-669.968024,,,555.7,2254.863732,53.422951,14.219024,101.042845,12.98343
2024-01-15T06:00:00,2024-01-15T07:00:00,DK1,807.082838,380.110333,70.349885,27.680677,173.542547,789.59525,7.812679,2002.90109,3.534802,0.130646,0.013555,0.246606,0.0,8e-06,-414.233,-39.539,198.2536,-14.108,-112.006475,-413.6,3467.768041,61.751935,29.53375,140.19474,8.426647
2024-01-15T06:00:00,2024-01-15T07:00:00,DK2,275.245809,99.393752,132.410739,19.11993,13.8257,904.896074,1.401931,592.858352,0.0,0.130638,0.015412,0.003457,0.0,1.63365,,347.677,-648.782,,,407.3,2147.130444,53.528233,16.74,96.459043,23.99873
2024-01-15T05:00:00,2024-01-15T06:00:00,DK1,731.172003,297.532304,68.824634,28.274801,222.908235,974.617136,8.41131,2147.720796,3.530263,0.120999,0.01456,0.195119,0.0,9e-06,-219.1064,442.674,-63.5757,-687.171,-336.870133,-436.6,3182.672936,78.30349,34.7453,132.646838,29.971899
2024-01-15T05:00:00,2024-01-15T06:00:00,DK2,253.416551,91.026931,93.42133,18.743296,15.8101,901.483752,1.33164,568.458477,0.0,0.128969,0.018722,0.003717,0.0,1.33037,,-219.65025,-256.677,,,430.1,1898.946605,57.663712,24.27,86.555636,27.75096
2024-01-15T04:00:00,2024-01-15T05:00:00,DK1,717.328201,207.222637,66.819227,27.307816,233.095528,1037.600344,9.79884,2384.002399,3.534585,0.097403,0.018071,0.209964,0.0,6e-06,-384.4073,174.541,419.3735,-677.338,-790.870356,-435.8,2992.533865,81.38247,45.347,126.684002,163.937574
2024-01-15T04:00:00,2024-01-15T05:00:00,DK2,242.009666,90.601248,91.451187,17.523225,12.5799,901.19695,1.319177,536.929924,0.0,0.094612,0.009783,0.003072,0.0,1.02311,,-843.0965,232.54,,,429.4,1713.585354,63.350571,16.1695,78.554445,66.68882
2024-01-15T03:00:00,2024-01-15T04:00:00,DK1,493.18604,183.99529,65.285988,23.492594,234.216818,1032.968739,11.202255,2577.334538,3.54106,0.088823,0.018039,0.438463,0.0,7e-06,-801.0259,-162.802,981.4993,-519.155,-800.554541,-263.6,3060.130513,71.953933,67.6919,133.167002,269.348446
2024-01-15T03:00:00,2024-01-15T04:00:00,DK2,261.737871,89.963132,107.928949,17.216975,12.7683,900.486715,1.240817,510.153976,0.0,0.066847,0.008433,0.002992,0.0,0.4315,,-768.601,252.122,,,260.0,1645.527507,61.799224,4.4905,75.473232,67.43951
2024-01-15T02:00:00,2024-01-15T03:00:00,DK1,480.707415,184.000412,64.402568,27.577792,231.903376,1053.549064,11.547713,2783.12826,3.563269,0.09496,0.020994,0.330435,0.0,8e-06,-985.6311,-458.942,912.0314,-435.386,-800.602771,60.4,3132.695795,76.622171,48.46865,137.746119,279.052278
2024-01-15T02:00:00,2024-01-15T03:00:00,DK2,261.327384,90.988358,115.707003,17.182974,6.4581,902.567391,1.162761,501.853892,0.0,0.057267,0.009353,0.002706,0.0,0.17288,,-220.34,50.557,,,-62.2,1665.507069,58.352941,10.1195,77.718617,68.95024
2024-01-15T01:00:00,2024-01-15T02:00:00,DK1,497.527737,188.073344,64.057146,27.481257,234.677866,960.578457,11.844103,2744.475903,3.56371,0.090928,0.022518,0.422893,0.0,3e-06,-1025.23,-355.187,1221.2318,-696.988,-799.957111,95.8,3172.485554,81.09365,83.17645,140.087555,234.160192
2024-01-15T01:00:00,2024-01-15T02:00:00,DK2,263.436366,91.093337,117.709439,16.903079,9.1774,907.971708,1.086658,494.816125,0.0,0.050363,0.006847,0.002636,0.0,0.12041,,-447.97525,330.251,,,-97.4,1687.250118,62.004718,10.943,79.979919,66.00282
2024-01-15T00:00:00,2024-01-15T01:00:00,DK1,489.834958,177.34097,64.333954,26.564704,230.168936,913.217961,10.461501,2416.054561,3.555571,0.074434,0.031545,0.465934,0.0,0.0,-625.4344,-426.497,1158.5398,-695.37,-776.521007,29.3,2996.122422,75.870291,58.9675,134.980035,212.274442
2024-01-15T00:00:00,2024-01-15T01:00:00,DK2,264.125065,91.246095,117.956137,18.033493,14.3471,901.671935,0.910037,452.023648,0.0,0.04917,0.006884,0.002645,0.0,0.82576,,-260.14025,132.93,,,-30.4,1703.587719,57.337995,5.2725,79.192413,65.49069
2024-01-14T23:00:00,2024-01-15T00:00:00,DK1,588.390944,188.825485,65.845303,25.729165,227.46253,919.017871,8.54118,2089.987297,3.555781,0.07399,0.020911,0.496183,0.0,2e-06,-385.4385,-499.561,408.113,-363.829,-799.958781,252.4,2729.672361,79.356676,47.5448,127.721829,127.119845
2024-01-14T23:00:00,2024-01-15T00:00:00,DK2,262.415481,91.096263,168.694735,18.076531,12.5623,884.060617,0.954008,460.561111,0.0,0.071708,0.009209,0.002676,0.0,0.59812,,84.7885,-16.965,,,-256.0,1710.926259,52.360626,15.3735,78.700321,67.86085
2024-01-14T22:00:00,2024-01-14T23:00:00,DK1,556.726711,260.058091,69.184839,25.25119,230.753839,886.601915,7.457306,1755.191354,3.573293,0.080769,0.018846,0.508283,0.0,0.0,-694.8378,-287.741,136.8713,-87.012,-800.600233,513.3,2575.386703,86.325222,81.1218,119.358653,46.657261
2024-01-14T22:00:00,2024-01-14T23:00:00,DK2,273.799036,93.465526,182.607023,17.812457,9.6185,840.897569,0.894911,420.809966,0.0,0.071171,0.009089,0.002787,0.0,0.92398,,799.027,-436.09,,,-521.6,1682.249015,55.937571,21.941,74.426581,59.1726
2024-01-14T21:00:00,2024-01-14T22:00:00,DK1,649.680153,255.791576,74.523756,25.307109,219.188205,953.032451,5.975628,1550.369319,3.565514,0.07444,0.016747,0.373755,0.0,0.0,-329.6404,-599.692,695.6585,-681.812,-800.564524,546.7,2568.548229,82.887287,58.124,117.105054,26.557367
2024-01-14T21:00:00,2024-01-14T22:00:00,DK2,278.029019,92.655028,181.47883,17.73204,8.1347,880.391716,0.83825,379.163346,0.0,0.064746,0.011666,0.003804,0.0,1.03475,,1131.354,-658.168016,,,-555.6,1757.123879,48.924751,13.918016,75.617972,58.82687
2024-01-14T20:00:00,2024-01-14T21:00:00,DK1,683.663782,269.239322,75.867793,25.058624,217.640777,1041.966493,5.855645,1617.990318,3.56043,0.085413,0.021803,0.155663,0.0,1e-06,-426.2399,-546.887,783.5758,-510.107,-800.711753,214.7,2655.436211,74.456351,47.9166,122.713577,12.831164
2024-01-14T20:00:00,2024-01-14T21:00:00,DK2,284.367089,87.541079,181.938968,18.259844,8.9904,907.817019,0.913702,411.828209,0.0,0.078633,0.012388,0.003728,0.0,1.41452,,824.584,-646.107016,,,-217.5,1864.142563,53.487345,14.208016,82.327892,57.7769
2024-01-14T19:00:00,2024-01-14T20:00:00,DK1,693.78362,317.039641,76.317251,25.189004,228.878305,1014.46837,6.284935,1663.687051,3.576004,0.119938,0.017894,0.131025,0.0,7e-06,-586.1396,-375.306,711.4598,-253.771,-800.744439,60.0,2784.991806,73.927502,52.4544,124.127317,14.718461
2024-01-14T19:00:00,2024-01-14T20:00:00,DK2,301.78595,85.870152,180.117634,18.666722,11.4651,897.868749,0.96878,458.243304,0.0,0.098096,0.014198,0.003403,0.0,1.3303,,598.076,-558.617976,,,-61.6,1934.290412,51.325883,12.740976,90.033747,43.31267
2024-01-14T18:00:00,2024-01-14T19:00:00,DK1,734.877506,372.676571,76.022502,25.259004,221.309708,1062.008734,7.52752,1784.871052,3.576639,0.145502,0.017494,0.147784,0.0,3e-06,-267.2392,-673.143,981.8658,-288.025,-800.549253,-366.5,2874.849366,79.652936,60.4266,127.824103,27.845708
2024-01-14T18:00:00,2024-01-14T19:00:00,DK2,311.573631,83.582216,171.970643,18.949636,12.9888,903.104298,0.957077,459.954071,0.0,0.128899,0.018377,0.006256,0.0,1.31372,,184.9375,-481.662,,,361.1,2028.923124,69.906762,10.33,94.694901,43.11179
2024-01-14T17:00:00,2024-01-14T18:00:00,DK1,805.932127,402.268411,76.104229,27.638287,216.139134,1040.410589,8.496138,1944.350292,3.546177,0.191341,0.019566,0.2554,0.0,5e-06,-356.838,-271.099,1029.9453,-681.498,-799.106421,-377.8,3068.955575,77.877372,56.3013,137.48574,15.686763
2024-01-14T17:00:00,2024-01-14T18:00:00,DK2,310.514616,86.663897,172.016358,18.650319,11.5256,897.68835,0.886975,441.632579,0.0,0.181368,0.029067,0.004847,0.0,1.56404,,344.0805,-558.411976,,,372.3,2099.32654,70.633354,12.882976,99.192376,13.78768
2024-01-14T16:00:00,2024-01-14T17:00:00,DK1,765.710043,381.019374,75.388999,30.257411,200.322778,1045.37115,8.538778,1983.01165,3.537937,0.234159,0.025396,0.199797,0.0,3e-06,-243.8377,-213.889,816.5285,-698.829,-732.032132,-254.4,3167.158143,75.59221,39.6459,144.367179,15.839671
2024-01-14T16:00:00,2024-01-14T17:00:00,DK2,311.151979,88.09192,183.381658,17.845182,11.8346,887.40792,0.801671,407.780648,0.0,0.229791,0.037759,0.00561,0.0,2.04366,,578.106,-575.116992,,,250.8,2164.401406,45.173477,13.338992,101.128351,26.25419
2024-01-14T15:00:00,2024-01-14T16:00:00,DK1,772.99477,372.990548,75.154223,25.369627,222.769635,1042.727594,8.721961,2009.892192,3.561693,0.162117,0.027773,2.345321,0.126761,1e-06,-450.937,-249.166,872.0717,-658.959,-730.571558,-420.5,2898.782358,79.662033,50.319,133.586722,22.393009
2024-01-14T15:00:00,2024-01-14T16:00:00,DK2,313.921381,93.577658,183.346671,16.640956,12.3551,868.850874,0.794654,398.787074,0.0,0.115794,0.014645,0.521186,0.0,2.05795,,216.9955,-461.924,,,414.3,2060.355443,50.294854,9.692,93.721815,40.74965
2024-01-14T14:00:00,2024-01-14T15:00:00,DK1,708.135316,318.490299,74.062093,25.131743,221.538722,1006.522344,8.935394,2044.020482,3.591357,2.064168,0.242837,74.456517,3.838176,6e-06,-313.6389,-489.743,651.6566,-602.893,-731.523717,-306.7,2698.187437,78.108865,47.17745,121.669519,22.384994
2024-01-14T14:00:00,2024-01-14T15:00:00,DK2,309.610221,93.006229,182.393682,17.232888,10.7936,882.297095,0.86452,408.815456,0.0,0.390817,0.042991,16.885393,0.86596,1.85119,,213.74525,-515.861,,,302.5,1925.434292,56.661138,21.137,86.220549,59.90658
2024-01-14T13:00:00,2024-01-14T14:00:00,DK1,621.343681,279.555829,73.802865,30.030549,221.070682,1007.333551,8.959176,2086.035922,3.599865,11.146033,1.205789,185.329683,9.884075,1e-05,-273.2381,-586.495,800.2486,-415.973,-770.435961,-523.1,2770.304249,83.287175,40.2486,123.128001,23.402362
2024-01-14T13:00:00,2024-01-14T14:00:00,DK2,308.128972,92.752102,183.077742,20.289996,8.9686,888.898661,0.949955,421.494409,0.0,2.281948,0.253208,43.454488,2.299482,1.48135,,-380.53075,-159.069,,,514.7,1949.431163,62.3515,16.31,87.173137,59.92323
2024-01-14T12:00:00,2024-01-14T13:00:00,DK1,602.72743,271.741113,72.334175,35.328802,221.073664,999.981865,9.261756,2118.996063,3.596364,24.246125,2.627493,243.963893,13.541876,1.3e-05,-119.238,-716.024,738.2568,-459.685,-799.932643,-521.7,2741.097789,81.211386,53.1815,124.095292,19.423833
2024-01-14T12:00:00,2024-01-14T13:00:00,DK2,310.959206,90.538256,184.626322,20.753239,8.7741,888.115707,0.985023,435.960932,0.0,2.400772,0.301733,48.290328,2.549642,1.6092,,-90.01225,-439.819,,,513.3,1979.33321,50.309466,18.2655,89.471592,59.9317
2024-01-14T11:00:00,2024-01-14T12:00:00,DK1,613.156475,273.286094,71.955956,36.225871,203.012502,962.711034,8.80821,2101.441515,3.591533,22.390082,2.474525,287.344609,15.610461,1.7e-05,-464.9361,-731.157,475.4586,141.482,-799.882485,-447.2,2775.773899,82.533204,52.4037,124.537299,19.520838
2024-01-14T11:00:00,2024-01-14T12:00:00,DK2,310.595042,89.363187,184.341647,22.864254,7.4911,868.416897,0.960509,445.607856,0.0,4.7095,0.637016,57.170406,3.125846,1.58409,,237.58025,-691.419008,,,440.5,1983.528592,47.263949,13.957008,89.537234,59.92993
2024-01-14T10:00:00,2024-01-14T11:00:00,DK1,676.570779,374.197014,72.64655,39.429773,223.297336,933.738523,8.296709,1949.74777,3.595964,19.458035,2.008734,246.628274,13.404752,0.0,-125.0362,-708.113,647.0226,-519.235,-770.459405,-250.4,2836.799208,74.339485,65.179,123.303448,19.457233
2024-01-14T10:00:00,2024-01-14T11:00:00,DK2,312.160403,90.696587,184.051265,23.395508,5.8046,855.358874,0.825049,403.840326,0.0,8.688,1.200004,63.746967,5.6352,1.65324,,410.045,-635.712,,,246.9,1978.289023,50.488464,14.274,88.151312,59.92842
2024-01-14T09:00:00,2024-01-14T10:00:00,DK1,668.57661,371.527942,72.614464,33.686149,203.762656,913.65804,7.907659,1849.951095,3.570463,10.039745,1.089519,157.632737,8.4381,1.1e-05,20.6617,-375.849,352.3935,-672.929,-732.804273,-80.5,2813.428117,68.141263,50.6483,124.988216,18.988496
2024-01-14T09:00:00,2024-01-14T10:00:00,DK2,308.655628,89.981479,183.038199,21.667351,6.0175,855.95993,0.66634,345.283454,0.0,6.447371,0.862144,53.885457,3.093994,1.4255,,577.46525,-576.497,,,78.9,1956.852597,43.32726,13.264,86.194948,59.82894
2024-01-14T08:00:00,2024-01-14T09:00:00,DK1,667.665576,362.575117,74.65911,24.606136,200.181974,950.799835,7.865344,1790.152416,3.557888,2.007443,0.211307,52.314344,2.726655,3e-06,-68.0382,-183.068,490.6374,-609.012,-799.153094,-170.7,2799.989254,71.411841,49.6676,124.60395,19.511578
2024-01-14T08:00:00,2024-01-14T09:00:00,DK2,310.784022,89.586325,182.165437,18.350424,7.6329,822.376289,0.533535,291.02582,0.0,2.284698,0.311847,27.067505,2.418957,1.19681,,679.3265,-701.243008,,,168.2,1902.018061,60.079008,14.185008,81.855564,59.81935
2024-01-14T07:00:00,2024-01-14T08:00:00,DK1,665.295908,325.577494,75.978218,18.905254,201.239021,910.044539,7.398663,1718.259519,3.580975,0.129842,0.014506,2.748741,0.144654,3e-06,-112.0378,-578.587,789.2692,-629.295,-800.524921,129.6,2727.741816,69.209484,56.4165,121.151968,22.205592
2024-01-14T07:00:00,2024-01-14T08:00:00,DK2,316.089269,87.265792,181.210541,16.466427,9.5371,722.541137,0.473309,263.505469,0.0,0.134409,0.014971,1.89802,0.10237,0.75907,,961.58925,-625.693992,,,-131.8,1804.093142,59.906401,22.229492,75.313594,59.85819
2024-01-14T06:00:00,2024-01-14T07:00:00,DK1,583.757175,302.622688,72.95914,19.381193,204.004004,868.242133,6.980978,1653.100194,3.578304,0.108795,0.013466,0.288551,0.0,3e-06,-43.3386,-327.312,647.541,-689.836,-800.572767,105.6,2607.118257,68.051253,57.2938,113.969592,35.281081
2024-01-14T06:00:00,2024-01-14T07:00:00,DK2,307.058528,87.690527,179.986094,15.063752,10.7425,806.636643,0.446346,244.645834,0.0,0.107835,0.013174,0.003856,0.0,0.58538,,276.697,-138.716,,,-107.4,1683.561469,66.831578,17.132,69.9161,64.54876
2024-01-14T05:00:00,2024-01-14T06:00:00,DK1,623.836887,230.011587,68.547567,20.455791,216.639848,960.754627,6.488981,1553.000383,3.574146,0.102482,0.016561,0.318811,0.0,4e-06,-417.1376,-140.774,560.9989,-506.572,-800.579897,180.2,2559.883078,67.908894,52.5418,109.208469,35.962287
2024-01-14T05:00:00,2024-01-14T06:00:00,DK2,305.294961,87.50799,181.561796,16.219253,9.8311,861.64325,0.479855,249.300202,0.0,0.111482,0.016379,0.003104,0.0,0.27531,,92.3005,-38.293,,,-182.7,1583.552182,45.24744,4.9035,66.238756,66.62274
2024-01-14T04:00:00,2024-01-14T05:00:00,DK1,636.859201,172.512176,68.197125,17.574393,223.520912,999.992266,6.224113,1566.248332,3.582366,0.073181,0.011368,0.283785,0.0,3e-06,-708.2453,-162.58,1017.2196,-550.658,-800.644631,33.2,2523.37089,70.246529,63.58635,110.408006,154.360602
2024-01-14T04:00:00,2024-01-14T05:00:00,DK2,284.719543,61.266308,162.413942,16.0891,9.0452,881.000515,0.539432,274.172612,0.0,0.081662,0.008594,0.003312,0.0,0.16034,,-244.7225,143.297,,,-34.3,1553.77506,60.655892,10.456,66.332122,65.13201
2024-01-14T03:00:00,2024-01-14T04:00:00,DK1,559.599675,169.670491,67.93564,17.303101,215.316347,976.796471,6.404589,1619.792323,3.582789,0.062471,0.010858,0.278964,0.0,4e-06,-954.9459,-567.023,1777.048,-626.314,-800.619084,89.6,2554.499739,78.315086,78.3345,110.090384,176.669696
2024-01-14T03:00:00,2024-01-14T04:00:00,DK2,278.861125,60.361892,156.43338,15.446033,7.0429,887.323887,0.589693,306.74895,0.0,0.052374,0.008701,0.002846,0.0,0.19222,,126.553,-186.803,,,-91.3,1561.514001,47.641728,15.216,67.221693,64.62049
2024-01-14T02:00:00,2024-01-14T03:00:00,DK1,579.884028,167.883871,66.655296,17.440814,224.628871,974.37295,6.258454,1642.517341,3.578566,0.059636,0.012886,0.274875,0.0,4e-06,-1323.3751,-635.8,1883.8082,-396.477,-800.461837,167.6,2578.861855,85.630537,69.746,113.082846,144.294671
2024-01-14T02:00:00,2024-01-14T03:00:00,DK2,279.781111,60.994365,157.244142,13.38231,9.6421,896.896126,0.682052,329.739935,0.0,0.048115,0.007494,0.002846,0.0,0.69179,,451.4055,-420.953,,,-170.0,1609.564886,47.845186,10.3445,70.466263,65.03118
2024-01-14T01:00:00,2024-01-14T02:00:00,DK1,594.328939,170.886061,66.578726,17.665111,220.616733,1025.501627,6.489177,1667.636625,3.583583,0.052376,0.022426,0.256746,0.0,2e-06,-1338.1919,-518.3,1813.8931,-487.975,-800.41436,174.1,2616.729972,81.594315,58.94425,115.227075,123.278738
2024-01-14T01:00:00,2024-01-14T02:00:00,DK2,280.070232,61.637329,157.599299,13.345249,11.8171,903.114966,0.780547,381.029591,0.0,0.048419,0.007755,0.002844,0.0,0.77333,,543.0155,-499.68,,,-176.7,1676.862161,54.982144,11.075,75.282425,65.05569
2024-01-14T00:00:00,2024-01-14T01:00:00,DK1,664.603414,167.220862,65.812072,17.477552,229.435923,1031.569757,7.005853,1756.855545,3.592947,0.059343,0.027001,0.176194,0.0,0.0,-1182.6038,-511.814,1224.0536,-420.719,-800.451501,426.1,2678.401762,85.161724,58.6018,118.43462,123.497087
2024-01-14T00:00:00,2024-01-14T01:00:00,DK2,281.583751,61.285449,156.48023,13.908768,14.8448,903.115732,0.917961,440.751061,0.0,0.049959,0.009356,0.003525,0.0,0.83846,,956.4805,-650.720008,,,-432.7,1746.849544,52.693164,14.187008,80.658132,64.87143
2024-01-13T23:00:00,2024-01-14T00:00:00,DK1,662.687415,190.168141,65.600698,18.135222,237.034689,1032.438109,7.259646,1781.541744,3.583851,0.061668,0.019389,0.288445,0.0,0.0,-1325.8306,-284.385,1091.8045,-545.368,-800.453734,550.0,2684.586183,85.897302,64.78345,119.538366,119.551202
2024-01-13T23:00:00,2024-01-14T00:00:00,DK2,284.624037,62.054627,158.505518,15.823498,16.8521,905.689977,1.008215,464.770342,0.0,0.057256,0.008252,0.002811,0.0,0.99622,,1044.9695,-635.912008,,,-559.1,1760.350345,53.445429,14.339008,81.27388,64.55083
2024-01-13T22:00:00,2024-01-13T23:00:00,DK1,749.278452,296.930283,68.248914,23.821453,241.110618,1053.178109,8.061411,1951.433381,3.391549,0.069225,0.023185,0.358405,0.0,0.0,-1114.8707,-298.661,617.3905,-584.117,-799.749622,586.2,2802.097163,87.702985,53.1722,120.15626,111.17906
2024-01-13T22:00:00,2024-01-13T23:00:00,DK2,277.355361,88.998453,160.994427,17.742374,18.6109,905.159137,1.075262,509.117524,0.0,0.067365,0.009662,0.002726,0.0,1.20384,,1023.95,-659.481,,,-596.4,1748.406031,52.830106,14.378,79.426528,63.71918
2024-01-13T21:00:00,2024-01-13T22:00:00,DK1,666.64583,296.953651,72.02187,22.929445,242.297936,1056.546114,9.065744,2142.467989,3.384235,0.094002,0.020794,0.281424,0.0,4e-06,-1106.2457,-173.029,529.7009,-700.186,-800.664884,568.4,2830.684354,88.879554,60.6977,124.168795,112.626717
2024-01-13T21:00:00,2024-01-13T22:00:00,DK2,275.846344,90.068513,175.32193,17.842362,19.94,905.240295,1.117265,516.169135,0.0,0.067408,0.011768,0.003602,0.0,1.34443,,1034.83575,-659.767,,,-577.8,1800.241802,52.100256,14.42,82.743537,62.114
2024-01-13T20:00:00,2024-01-13T21:00:00,DK1,718.438109,309.295382,71.757593,23.112368,242.509752,1064.316811,9.674627,2292.616945,3.393615,0.098944,0.020855,0.321826,0.0,4e-06,-903.3491,-301.857,557.5701,-702.382,-800.766683,254.8,2839.572148,79.970502,49.61035,130.268378,54.952488
2024-01-13T20:00:00,2024-01-13T21:00:00,DK2,272.49284,87.387856,176.346291,18.33555,19.0741,905.471048,1.159744,517.19657,0.0,0.081271,0.012824,0.003903,0.0,1.31092,,775.61825,-659.677992,,,-258.0,1856.813175,47.242636,14.218992,88.801468,62.27019
2024-01-13T19:00:00,2024-01-13T20:00:00,DK1,758.311141,334.757458,71.892343,23.857342,243.031275,1067.056899,10.107212,2458.207532,3.392536,0.121253,0.027383,0.444541,0.0,3e-06,-762.151,-511.704,545.3929,-702.592,-800.835528,157.9,2897.21729,80.162148,68.06965,135.82864,31.254937
2024-01-13T19:00:00,2024-01-13T20:00:00,DK2,278.689951,88.614104,182.010142,18.113808,18.3664,904.474578,1.213739,528.924937,0.0,0.102541,0.014286,0.003554,0.0,1.1402,,722.4215,-659.662984,,,-160.2,1924.226756,46.802733,14.307984,92.250167,59.40393
2024-01-13T18:00:00,2024-01-13T19:00:00,DK1,797.397682,366.688682,71.138079,29.01061,244.265333,1068.421669,10.610208,2639.471815,3.407344,0.168942,0.030425,0.37395,0.0,4e-06,-608.3518,-519.926,561.8256,-702.339,-800.679875,-311.4,2850.113668,90.719045,76.6044,144.349955,21.161014
2024-01-13T18:00:00,2024-01-13T19:00:00,DK2,307.857379,88.944757,179.682682,17.736185,19.1941,906.294464,1.244511,534.508205,0.0,0.148301,0.020728,0.004882,0.0,1.15499,,332.68275,-659.530008,,,307.1,2037.043926,50.869489,14.063008,97.367644,60.19667
2024-01-13T17:00:00,2024-01-13T18:00:00,DK1,718.9544,376.681207,73.27264,30.173877,242.938018,1067.158921,11.01602,2740.181494,3.240363,0.233685,0.039343,0.401973,0.0,4e-06,-739.8333,24.207,534.4145,-702.515,-800.694031,-483.8,3096.071114,94.298727,71.16045,155.992841,14.13356
2024-01-13T17:00:00,2024-01-13T18:00:00,DK2,306.971151,90.493122,182.59621,16.220615,19.5787,906.246588,1.238772,532.796007,0.0,0.198159,0.031019,0.007378,0.0,1.20254,,284.37775,-659.597992,,,476.2,2158.560019,47.367782,14.238992,107.866912,57.19824
2024-01-13T16:00:00,2024-01-13T17:00:00,DK1,775.179724,368.387929,73.188851,28.695652,244.813391,1068.078481,11.506053,2890.889403,3.208154,0.27542,0.045541,0.449984,0.0,3e-06,-858.8178,-2.652,567.5514,-702.473,-800.535787,-506.5,3161.291399,100.625866,53.94985,162.319204,17.192718
2024-01-13T16:00:00,2024-01-13T17:00:00,DK2,306.914189,92.681317,185.315886,17.239331,20.3091,905.082064,1.251802,539.403199,0.0,0.216126,0.035971,0.005184,0.0,1.50805,,285.996,-659.171016,,,498.5,2195.287203,43.556958,14.090016,109.159083,56.75445
2024-01-13T15:00:00,2024-01-13T16:00:00,DK1,729.218128,337.737682,73.402758,26.747113,245.120481,1064.284268,12.28881,3029.451727,3.200016,0.203927,0.040642,1.322074,0.078332,1e-06,-1230.1808,-154.366,826.6254,-702.46,-800.526373,-466.2,2995.988186,98.673002,78.12275,157.173631,20.04892
2024-01-13T15:00:00,2024-01-13T16:00:00,DK2,299.492429,88.640062,187.68124,18.915497,19.861,906.291823,1.298253,544.627788,0.0,0.123856,0.014785,0.190995,0.0,1.21324,,235.07525,-659.609016,,,459.0,2102.817202,43.635507,14.196016,102.812682,62.30101
2024-01-13T14:00:00,2024-01-13T15:00:00,DK1,645.380423,328.492095,72.259217,29.580528,242.381733,1058.321042,12.777476,3089.420102,3.181079,2.477509,0.24122,50.545717,17.052263,7e-06,-1542.7166,-222.989,843.9325,-702.435,-800.673557,-247.1,2880.128755,91.491711,100.14685,154.443119,32.447554
2024-01-13T14:00:00,2024-01-13T15:00:00,DK2,255.536293,89.477066,188.704118,20.805417,21.1268,906.610175,1.42239,565.001204,0.0,0.382142,0.044197,9.420076,3.904421,1.47922,,370.918,-659.858992,,,243.7,2018.672527,47.211782,14.174992,99.392285,61.53813
2024-01-13T13:00:00,2024-01-13T14:00:00,DK1,581.464588,319.037011,83.057816,35.46716,241.231335,1037.626696,13.250485,3159.216686,3.170119,14.226709,1.345711,147.755411,43.145973,1e-05,-1528.6043,-675.357,834.1201,-702.448,-800.585226,109.8,2916.921284,91.69343,99.8473,153.756112,32.785508
2024-01-13T13:00:00,2024-01-13T14:00:00,DK2,249.133868,89.368911,191.764622,23.447116,21.6575,906.785295,1.385963,543.277429,0.0,3.006543,0.328848,46.564335,16.134518,1.4943,,695.05925,-659.717984,,,-111.9,2017.790515,43.614561,14.115984,97.457289,58.76292
2024-01-13T12:00:00,2024-01-13T13:00:00,DK1,569.683486,316.8116,84.276539,40.802147,240.548662,1034.281917,13.316019,3167.695859,3.167378,26.041941,2.670433,259.420821,51.648331,1.4e-05,-1624.2059,-689.224,743.0554,-702.467,-800.756903,277.6,3014.366743,95.492021,89.96635,154.201789,75.757866
2024-01-13T12:00:00,2024-01-13T13:00:00,DK2,249.707231,89.432048,191.649195,23.907631,19.6047,906.572139,1.362909,541.577781,0.0,4.31516,0.525541,44.685808,13.452144,1.40753,,889.631,-659.963024,,,-281.3,2036.567793,43.763375,14.149024,98.44634,57.57435
2024-01-13T11:00:00,2024-01-13T12:00:00,DK1,661.933782,317.014033,80.945179,42.584497,241.273603,1042.550199,13.038083,3111.930498,3.164862,30.912344,3.073639,304.976074,50.215878,1.4e-05,-1313.9722,-591.714,689.258,-702.516,-800.66776,-24.4,3159.600725,88.696635,134.08965,155.020182,139.016684
2024-01-13T11:00:00,2024-01-13T12:00:00,DK2,252.159572,89.32804,172.067945,22.396372,19.1045,906.776072,1.335224,545.707992,0.0,1.855421,0.228392,37.085003,12.401453,1.39659,,646.31975,-659.756984,,,22.6,2071.005342,47.329477,14.135984,97.633246,62.27392
2024-01-13T10:00:00,2024-01-13T11:00:00,DK1,725.973146,337.269113,80.910539,37.031394,236.287574,1050.118369,12.67307,3063.749635,3.175718,17.170875,1.670238,194.686686,31.082281,5e-06,-1063.41,-201.969,40.1083,-702.512,-800.449202,-101.9,2961.666741,93.687104,64.9785,155.155767,31.131387
2024-01-13T10:00:00,2024-01-13T11:00:00,DK2,257.15474,95.027709,166.590779,20.929878,16.1013,906.578408,1.275392,539.328704,0.0,1.038363,0.115934,26.650615,9.214889,1.1233,,591.97025,-659.860008,,,100.2,2073.440253,52.45666,14.127008,92.616848,57.76452
2024-01-13T09:00:00,2024-01-13T10:00:00,DK1,735.72783,328.93622,83.045975,31.07087,238.858391,1056.854373,12.009782,2986.84502,3.178017,4.098237,0.466814,98.681424,15.413533,1e-05,-888.8176,-44.038,-182.2684,-702.491,-800.653318,26.3,3003.218178,93.745966,64.9067,154.132189,35.569104
2024-01-13T09:00:00,2024-01-13T10:00:00,DK2,247.00746,66.372273,176.787079,17.951989,15.5189,904.615353,1.12865,498.137338,0.0,0.415693,0.049501,18.297855,3.959006,1.0502,,787.53375,-661.664976,,,-27.8,2049.360071,58.884641,13.966976,91.373728,55.67976
2024-01-13T08:00:00,2024-01-13T09:00:00,DK1,864.267746,321.260327,79.41297,27.015159,236.842357,1060.13956,11.27631,2876.157969,3.179457,0.527367,0.075795,25.871337,2.373777,4e-06,-832.4122,-493.807,34.8689,-702.678,-800.343879,334.2,3048.227956,92.912984,74.6178,151.805345,135.393955
2024-01-13T08:00:00,2024-01-13T09:00:00,DK2,247.754351,61.691588,206.480225,14.546927,14.9111,895.071536,0.888756,436.505318,0.0,0.141323,0.015247,3.507615,0.378156,0.92654,,1094.6605,-660.041008,,,-339.1,1978.338174,53.463788,14.075008,86.555591,62.83129
2024-01-13T07:00:00,2024-01-13T08:00:00,DK1,722.350924,320.972572,69.142037,25.642036,237.143307,1062.654623,10.721496,2810.869159,3.174627,0.143672,0.028567,0.498495,0.0,5e-06,-1149.7163,-359.998,52.7101,-702.482,-798.734881,559.2,2864.320439,107.024707,124.14105,143.88233,53.226139
2024-01-13T07:00:00,2024-01-13T08:00:00,DK2,268.994154,54.824363,215.848624,13.932798,14.0558,892.61,0.731273,385.856184,0.0,0.109027,0.011624,0.468616,0.0,0.91747,,1244.839234,-672.984992,,,-568.5,1851.714175,52.467142,14.000992,80.094462,58.00895
2024-01-13T06:00:00,2024-01-13T07:00:00,DK1,678.799804,314.408077,68.208609,24.680184,228.846944,1063.228689,10.468764,2588.83179,3.158043,0.133953,0.02011,0.389078,0.0,4e-06,-1377.5838,251.913,-141.4308,-686.197,-722.849921,409.8,2714.825528,99.166582,85.2512,132.372486,46.881735
2024-01-13T06:00:00,2024-01-13T07:00:00,DK2,237.509121,53.678919,178.421827,14.924289,12.4626,880.874804,0.700875,366.255762,0.0,0.114316,0.012282,0.003118,0.0,0.7074,,1096.328492,-698.419008,,,-415.7,1727.874797,52.565186,14.217008,74.328807,64.35355
2024-01-13T05:00:00,2024-01-13T06:00:00,DK1,670.158466,271.453027,65.892909,23.99358,230.697005,1061.422027,9.508324,2326.033666,3.163423,0.11482,0.022998,0.202593,0.0,3e-06,-1394.7034,279.805,13.1767,-486.923,-798.715775,252.5,2527.802366,89.709293,63.9722,121.42402,85.66609
2024-01-13T05:00:00,2024-01-13T06:00:00,DK2,237.950265,55.412834,129.782272,14.782396,7.5616,747.94594,0.616361,338.648888,0.0,0.119095,0.014248,0.003017,0.0,0.35794,,1100.62425,-748.524992,,,-255.9,1629.394114,44.129207,13.928992,70.845185,64.76306
2024-01-13T04:00:00,2024-01-13T05:00:00,DK1,607.484515,259.694522,66.632245,25.28119,228.158752,1056.71415,9.58438,2356.845662,3.192128,0.096107,0.020062,0.241848,0.0,4e-06,-1013.2675,178.112,79.826,-697.99,-790.94251,255.1,2624.783555,89.370079,72.7428,120.417809,84.842252
2024-01-13T04:00:00,2024-01-13T05:00:00,DK2,284.884288,61.088257,148.510194,16.04678,4.568,618.637888,0.500315,280.7955,0.0,0.069972,0.007448,0.003015,0.0,0.18935,,1241.860516,-788.69,,,-258.6,1609.871523,40.638025,14.212,70.262164,68.15766
2024-01-13T03:00:00,2024-01-13T04:00:00,DK1,706.116956,258.244948,65.556947,24.08511,220.506872,1050.768235,9.070215,2241.528121,3.18248,0.076036,0.013459,0.330579,0.0,4e-06,-695.2635,-40.105,17.0378,-702.637,-799.213562,211.9,2571.1987,78.385376,65.924,119.119388,84.62114
2024-01-13T03:00:00,2024-01-13T04:00:00,DK2,300.841884,61.045782,183.150632,15.164123,2.923,580.303787,0.436737,245.383439,0.0,0.071167,0.006727,0.002784,0.0,0.1779,,1221.477226,-784.279992,,,-214.7,1612.005196,39.934481,14.322992,69.449568,61.68917
2024-01-13T02:00:00,2024-01-13T03:00:00,DK1,745.172056,255.889305,70.27851,24.02521,219.964852,1038.319358,8.994128,2276.778559,3.165208,0.068814,0.012436,0.392069,0.0,2e-06,-399.0726,-335.099,109.4623,-702.575,-751.560536,28.6,2592.815671,76.131407,84.91135,121.797971,67.056321
2024-01-13T02:00:00,2024-01-13T03:00:00,DK2,307.37285,89.018831,189.091094,13.886396,1.1391,471.358033,0.306877,187.607171,0.0,0.053279,0.007231,0.002923,0.0,0.539,,1227.855742,-812.242984,,,-30.1,1645.895543,43.136371,14.183984,71.299691,46.6382
2024-01-13T01:00:00,2024-01-13T02:00:00,DK1,637.546898,268.77687,70.902081,23.495147,211.887032,1043.220961,8.897039,2303.740812,3.150869,0.084281,0.021455,0.309089,0.0,2e-06,-0.6763,-443.878,14.5615,-701.469,-749.187977,-65.6,2625.782759,82.06579,66.81605,122.930289,48.608932
2024-01-13T01:00:00,2024-01-13T02:00:00,DK2,307.501553,88.391399,191.378312,12.180289,0.6361,433.508727,0.320075,177.840498,0.0,0.045106,0.007248,0.00271,0.0,0.53085,,1272.8905,-867.878016,,,63.9,1681.255351,39.610121,14.252016,72.724472,41.31402
2024-01-13T00:00:00,2024-01-13T01:00:00,DK1,645.365322,281.76528,72.126334,23.763373,194.877296,1029.519717,8.374427,2130.970062,3.17009,0.084817,0.023072,0.268059,0.0,0.0,358.1489,-112.371,-532.9751,-653.337,-683.645251,-118.8,2647.328398,85.877442,75.90885,122.491417,47.911943
2024-01-13T00:00:00,2024-01-13T01:00:00,DK2,311.093308,88.69664,191.105733,11.965409,1.2169,390.831455,0.296606,185.235093,0.0,0.050176,0.008335,0.00331,0.0,0.47372,,1283.08,-884.375,,,116.3,1695.981685,37.524515,14.012,74.60692,24.674
2024-01-12T23:00:00,2024-01-13T00:00:00,DK1,634.379117,288.095152,72.839355,25.12002,183.813605,872.180629,8.234534,2041.189865,3.169632,0.083139,0.014854,0.264918,0.0,1e-06,1035.4736,141.014,-722.4989,-698.291,-659.711046,-499.6,2725.771475,105.656139,104.47885,122.707878,43.377365
2024-01-12T23:00:00,2024-01-13T00:00:00,DK2,294.831216,88.773304,183.656086,11.625212,2.1906,264.738805,0.222512,146.725365,0.0,0.057245,0.008795,0.003497,0.0,0.9896,,1220.15175,-937.956,,,491.4,1767.417987,44.233177,14.074,74.753019,61.80571
2024-01-12T22:00:00,2024-01-12T23:00:00,DK1,707.492146,347.033897,83.052219,27.214527,173.802368,673.798959,7.564399,1864.240319,3.171684,0.089193,0.010246,0.327199,0.0,0.0,913.7093,678.922,-1351.3751,-551.552,-547.975697,-403.1,2626.425659,110.212977,54.1386,117.566684,47.311557
2024-01-12T22:00:00,2024-01-12T23:00:00,DK2,315.545431,123.577539,179.33009,11.638266,0.0959,145.551873,0.111869,89.034232,0.0,0.055678,0.011234,0.002756,0.0,0.91062,,1257.439774,-755.174016,,,397.1,1765.231246,36.301182,14.152016,72.446335,58.52185
2024-01-12T21:00:00,2024-01-12T22:00:00,DK1,786.97221,360.345733,84.112782,27.481666,150.626604,630.064905,6.850395,1589.706611,3.142271,0.084178,0.009196,0.320678,0.0,0.0,1077.5637,708.942,-1477.8415,-217.299,-550.912415,-503.2,2676.970014,108.336972,24.5364,115.63548,27.740492
2024-01-12T21:00:00,2024-01-12T22:00:00,DK2,326.29658,149.975762,193.911904,12.633724,0.6893,107.393022,0.087769,36.417373,0.0,0.065023,0.010244,0.002836,0.0,1.18462,,1053.75275,-587.181008,,,495.1,1790.339899,34.581963,14.766008,75.031246,8.38635
2024-01-12T20:00:00,2024-01-12T21:00:00,DK1,805.164683,407.60497,84.87544,27.445647,141.543381,615.470285,6.254243,1367.60935,3.157728,0.103121,0.006159,0.251444,0.0,5e-06,1421.0698,711.44,-2015.64,433.841,-651.662767,-535.1,2823.434489,118.502418,28.1219,117.527269,10.741542
2024-01-12T20:00:00,2024-01-12T21:00:00,DK2,323.768366,148.642477,196.351473,13.669375,1.2418,122.955962,0.068411,17.313734,0.0,0.080264,0.011404,0.004965,0.0,1.46173,,828.6305,-299.21,,,526.5,1881.490461,37.1403,6.315,80.203402,1.63556
2024-01-12T19:00:00,2024-01-12T20:00:00,DK1,860.711558,481.432286,89.361811,25.994204,145.160701,646.875842,4.497525,1049.452395,3.480116,0.105181,0.009095,0.272328,0.0,8e-06,1375.6879,665.453,-1805.599,154.256,-402.75053,-447.5,2846.90042,99.753918,21.828125,117.499925,2.94875
2024-01-12T19:00:00,2024-01-12T20:00:00,DK2,324.840782,156.164243,197.084956,13.591989,0.7717,125.28286,0.072024,14.716677,0.0,0.090475,0.013919,0.003083,0.0,1.53037,,940.0695,-239.205,,,441.0,1976.027578,36.992403,4.186,82.939423,1.58751
2024-01-12T18:00:00,2024-01-12T19:00:00,DK1,986.731231,643.362396,113.428293,25.667963,162.177758,661.330474,3.189051,846.627736,3.497128,0.138501,0.00896,0.308694,0.0,1.6e-05,1630.9772,711.43,-1913.0696,-259.962,-250.765838,-334.1,3030.977963,96.649071,19.8008,124.513119,2.599774
2024-01-12T18:00:00,2024-01-12T19:00:00,DK2,327.044846,191.103869,216.316762,13.539184,1.7363,116.305188,0.072194,18.211093,0.0,0.128832,0.018368,0.005066,0.0,1.6783,,1237.03625,-339.84,,,329.5,2112.856252,47.619896,6.339,89.120323,1.58234
2024-01-12T17:00:00,2024-01-12T18:00:00,DK1,993.63365,496.409114,92.767797,25.469102,175.286181,670.259081,2.496441,781.698999,3.174782,0.180657,0.017115,0.238746,0.0,7e-06,1624.7156,714.262,-1436.6136,-160.754,-122.826774,-401.2,3459.214898,92.065805,18.2074,136.019538,3.182956
2024-01-12T17:00:00,2024-01-12T18:00:00,DK2,328.247059,158.035161,202.094006,12.973786,1.3311,120.71268,0.086945,20.413181,0.0,0.18303,0.027366,0.005234,0.0,2.10994,,1282.758734,-248.374,,,395.3,2275.904222,39.364524,6.195,98.361803,9.19026
2024-01-12T16:00:00,2024-01-12T17:00:00,DK1,990.778121,501.02534,93.487469,24.936984,178.807061,692.835832,1.476741,641.586448,3.163447,0.214594,0.019007,0.25862,0.0,8e-06,1349.0945,709.398,-459.0417,-563.787,-111.246308,-506.2,3546.807164,81.914735,28.47285,138.968905,7.191751
2024-01-12T16:00:00,2024-01-12T17:00:00,DK2,327.09713,156.688866,200.145697,12.21242,1.2095,174.616124,0.13119,29.732747,0.0,0.206099,0.043084,0.006981,0.0,2.06297,,1031.9135,-98.223,,,498.0,2335.843308,47.069634,3.0035,100.817208,9.56658
2024-01-12T15:00:00,2024-01-12T16:00:00,DK1,981.262068,494.230837,92.802506,24.654337,172.130189,688.224589,1.05707,529.349691,3.144797,0.156883,0.012407,5.315535,1.546404,6e-06,1451.2732,714.552,-1639.0163,80.139,-3.515348,-413.3,3184.019871,89.508227,13.2947,125.29535,8.083357
2024-01-12T15:00:00,2024-01-12T16:00:00,DK2,304.745888,155.125026,200.358941,13.340179,2.6209,297.885385,0.184222,48.806875,0.0,0.091169,0.014811,0.046722,0.0,2.26896,,867.83525,-70.464,,,407.6,2230.460328,42.196816,4.1305,93.544217,2.01764
2024-01-12T14:00:00,2024-01-12T15:00:00,DK1,941.94433,471.850181,88.785674,27.939717,163.842862,700.049228,0.892389,363.874519,3.155544,3.470969,0.290698,82.676187,24.09206,5e-06,1629.0751,714.732,-1795.91,-106.06,-0.060419,-244.8,3069.841043,83.814559,11.873175,118.683124,8.09676
2024-01-12T14:00:00,2024-01-12T15:00:00,DK2,280.840007,156.166665,197.305022,15.889596,2.5317,310.67152,0.186132,57.436437,0.0,0.115194,0.014676,5.024628,1.324883,2.2123,,1177.483258,-295.887,,,241.6,2152.915018,35.879758,7.6565,87.36034,4.52223
2024-01-12T13:00:00,2024-01-12T14:00:00,DK1,837.221221,463.39691,86.5198,33.651124,165.161033,691.481618,0.787169,258.26191,3.143903,17.963423,1.447579,256.64134,52.711914,6e-06,1653.2316,714.843,-1812.4644,-85.267,-1.268474,-205.4,3132.063676,84.996141,2.8629,113.072351,8.195722
2024-01-12T13:00:00,2024-01-12T14:00:00,DK2,251.832592,153.352205,196.216172,16.848499,4.0993,359.240278,0.222819,63.008315,0.0,0.495887,0.044763,16.460042,5.578993,1.75255,,1237.715516,-324.236,,,202.4,2185.031931,36.451995,6.939,87.036874,23.52356
2024-01-12T12:00:00,2024-01-12T13:00:00,DK1,881.887804,454.595709,90.153156,38.373957,164.162119,677.133197,0.807817,261.317412,3.1445,33.230227,2.813569,394.126615,68.243248,4e-06,1653.3381,714.918,-1605.9774,-131.262,-62.053873,-393.7,3245.252162,87.964162,3.48415,117.005243,8.116716
2024-01-12T12:00:00,2024-01-12T13:00:00,DK2,264.865297,151.390425,191.237674,14.566476,2.2694,426.52586,0.248991,95.703709,0.0,1.338079,0.118371,26.655628,8.407495,1.56196,,797.36875,-132.524,,,387.7,2237.434114,41.509861,3.791,88.209821,40.6126
2024-01-12T11:00:00,2024-01-12T12:00:00,DK1,854.446414,458.142179,91.600976,41.186105,170.466855,696.742617,0.929465,369.195034,3.143616,35.791219,2.955606,418.258968,67.95639,4e-06,1650.7163,713.932,-1528.7223,-69.784,-242.374212,-392.5,3342.083234,90.183263,3.908675,119.618571,10.173088
2024-01-12T11:00:00,2024-01-12T12:00:00,DK2,284.896799,149.974451,190.6,15.406701,3.2801,304.002211,0.196774,97.80766,0.0,2.198034,0.176872,40.941393,11.825106,1.8032,,954.3055,-208.843,,,386.8,2235.371801,38.117583,4.6965,87.975793,6.81878
2024-01-12T10:00:00,2024-01-12T11:00:00,DK1,918.190209,457.642886,97.321088,31.598467,168.406771,702.090958,0.637948,417.753653,3.11486,25.913788,2.032736,341.807413,52.060692,2e-06,1633.7802,692.413,-1400.2054,-148.852,-138.181401,-400.6,3456.925871,88.675712,9.51225,124.670164,12.304876
2024-01-12T10:00:00,2024-01-12T11:00:00,DK2,283.070489,150.443073,188.37659,16.809055,2.1956,202.326009,0.112542,76.473298,0.0,4.257167,0.377412,46.353012,13.219154,1.80664,,959.51025,-92.255,,,394.9,2247.975292,38.820452,2.678,88.362816,2.57136
2024-01-12T09:00:00,2024-01-12T10:00:00,DK1,1043.612836,475.214703,98.845554,23.916405,165.389604,669.927972,0.323418,385.899061,3.11879,10.16124,0.724574,176.484869,24.717402,6e-06,1648.5348,598.245,-1479.6215,38.301,-57.248117,-318.1,3508.447617,85.091043,9.39175,128.147242,8.135173
2024-01-12T09:00:00,2024-01-12T10:00:00,DK2,283.582528,153.015782,189.326242,19.5065,2.1096,198.815029,0.136472,119.655372,0.0,6.399159,0.536085,76.098127,18.769335,1.62709,,990.6395,-106.096,,,313.8,2267.92082,39.19752,13.2975,89.609304,1.86814
2024-01-12T08:00:00,2024-01-12T09:00:00,DK1,982.755175,494.19948,105.465031,24.766896,164.500502,722.998943,0.445596,443.125689,3.12021,0.802739,0.069523,43.784631,6.320373,1.1e-05,1653.4887,512.445,-1976.8792,275.603,214.936764,-176.5,3495.449063,89.430794,15.15975,130.350603,3.23402
2024-01-12T08:00:00,2024-01-12T09:00:00,DK2,287.70315,157.397677,194.076201,18.691155,6.2382,169.832681,0.092006,106.410786,0.0,3.099648,0.279927,31.873612,7.506743,1.44774,,887.17125,224.197,,,173.8,2269.817777,38.873442,10.7865,91.040528,1.65765
2024-01-12T07:00:00,2024-01-12T08:00:00,DK1,1020.426562,477.905515,104.442238,21.082045,160.637938,687.884567,0.501784,460.129473,3.133819,0.094066,0.004527,2.14704,0.112282,1.1e-05,1653.6849,702.515,-2010.1851,110.794,486.688565,-345.2,3536.799232,94.782774,12.742525,132.999373,3.41553
2024-01-12T07:00:00,2024-01-12T08:00:00,DK2,299.180436,155.289298,193.820343,15.968996,3.0357,141.485309,0.070334,85.911776,0.0,0.130015,0.013626,2.22532,0.118448,1.77538,,962.499,63.27,,,340.0,2264.793981,39.205088,3.9565,92.024598,1.97322
2024-01-12T06:00:00,2024-01-12T07:00:00,DK1,1040.607099,461.456205,94.640174,23.359408,159.805591,722.619101,0.390981,442.504335,3.134789,0.099826,0.005678,0.178277,0.0,6e-06,1648.9665,716.039,-2439.5474,331.165,715.46012,-506.7,3414.18469,110.349125,9.433425,129.588757,3.89453
2024-01-12T06:00:00,2024-01-12T07:00:00,DK2,302.150132,152.984603,186.782256,13.946052,1.3023,134.876629,0.071706,106.974895,0.0,0.115695,0.014612,0.004067,0.0,1.44339,,756.48075,18.509,,,498.4,2174.056087,45.868737,4.383,89.266694,10.47666
2024-01-12T05:00:00,2024-01-12T06:00:00,DK1,994.493334,361.930568,82.611577,23.453903,146.974829,750.070273,0.408094,407.916372,3.132279,0.104168,0.007445,0.106903,0.0,7e-06,1581.3431,716.003,-2428.6832,261.821,761.08962,-539.0,3123.783272,110.961471,11.430175,119.807427,32.374509
2024-01-12T05:00:00,2024-01-12T06:00:00,DK2,300.180673,137.298301,135.740708,12.739577,1.5954,83.266145,0.065497,72.758063,0.0,0.124534,0.01968,0.003296,0.0,1.06103,,922.91125,-228.905,,,530.0,1968.859154,39.335045,16.181,80.3299,38.60463
2024-01-12T04:00:00,2024-01-12T05:00:00,DK1,857.177887,320.888597,81.004247,19.729821,144.661086,714.580329,0.463182,508.035695,3.129668,0.084222,0.004113,0.096419,0.0,6e-06,1486.2214,712.781,-2483.1015,416.918,666.549808,-539.7,2909.52398,112.590814,19.12315,113.423938,84.931596
2024-01-12T04:00:00,2024-01-12T05:00:00,DK2,296.944446,134.066797,130.850695,10.936247,1.7622,62.983586,0.043516,49.808005,0.0,0.078896,0.010836,0.00329,0.0,0.78644,,1194.169758,-636.906,,,531.1,1776.638712,39.671696,18.6515,74.123065,43.66506
2024-01-12T03:00:00,2024-01-12T04:00:00,DK1,852.393962,320.764502,80.609148,18.146924,138.263484,691.08502,0.27991,485.422777,3.143784,0.069224,0.00377,0.067029,0.0,6e-06,1625.5818,671.264,-2506.6518,545.908,500.310501,-538.2,2888.462041,115.889802,25.1913,111.098932,69.410871
2024-01-12T03:00:00,2024-01-12T04:00:00,DK2,268.611533,155.470111,138.380875,13.055663,0.5152,61.1637,0.025911,27.192688,0.0,0.04728,0.008515,0.003057,0.0,0.40701,,1255.187258,-693.051,,,529.6,1756.617801,40.50985,13.976,73.3266,57.04748
2024-01-12T02:00:00,2024-01-12T03:00:00,DK1,882.994488,331.846299,79.943994,15.768888,64.696351,515.119985,0.14108,478.796401,3.292862,0.07356,0.001895,0.02695,0.0,7e-06,1653.8692,685.883,-2360.5461,676.888,373.35067,-535.5,2866.64753,104.533657,19.32885,112.80753,85.835282
2024-01-12T02:00:00,2024-01-12T03:00:00,DK2,251.224974,135.722642,113.075177,12.881174,0.5608,42.8336,0.014022,15.56398,0.0,0.043894,0.008606,0.003085,0.0,0.13612,,1083.459,-394.075,,,527.0,1788.452074,38.873042,12.105,76.38188,62.66189
2024-01-12T01:00:00,2024-01-12T02:00:00,DK1,880.754724,523.028215,89.508381,25.279716,48.036323,354.272711,0.085928,515.762364,3.344779,0.078264,0.005943,0.03615,0.0,4e-06,1654.0165,714.197,-2493.9154,515.055,535.883984,-538.9,2826.530586,103.781584,12.5992,113.104479,25.456506
2024-01-12T01:00:00,2024-01-12T02:00:00,DK2,252.928679,150.097887,135.243601,12.329742,0.0966,4.7242,0.00917,10.354537,0.0,0.036666,0.007976,0.003033,0.0,0.09835,,1202.392242,-491.132,,,530.2,1807.390683,39.275823,10.562,77.742155,57.32401
2024-01-12T00:00:00,2024-01-12T01:00:00,DK1,915.744533,328.815104,79.6429,15.057461,13.491663,204.528846,0.068703,370.835364,3.169805,0.066948,0.012627,0.031959,0.0,0.0,1654.0655,715.781,-2260.3776,679.485,584.640889,-460.8,2844.260702,92.408555,17.78285,113.712662,64.209744
2024-01-12T00:00:00,2024-01-12T01:00:00,DK2,278.935377,110.226878,173.286268,12.642047,0.0239,0.0,0.01009,5.139694,0.0,0.04173,0.009339,0.003195,0.0,0.32804,,1237.833492,-451.457,,,453.9,1820.92305,40.220867,9.119,77.656496,56.92701
2024-01-11T23:00:00,2024-01-12T00:00:00,DK1,970.283252,348.038223,80.786608,17.274308,13.170237,173.152573,0.070688,178.014646,3.150326,0.078527,0.005708,0.021919,0.0,1e-06,1653.913,715.697,-2402.4909,663.134,779.058857,-416.3,2777.058973,87.760325,17.09305,111.876552,23.041312
2024-01-11T23:00:00,2024-01-12T00:00:00,DK2,300.284303,109.215454,184.216057,13.657523,0.0,0.133,0.009988,1.992328,0.0,0.052761,0.00948,0.003909,0.0,0.79234,,1189.811992,-396.987,,,410.1,1813.292135,38.810265,9.3165,76.655392,42.85373
2024-01-11T22:00:00,2024-01-11T23:00:00,DK1,1040.331721,402.858678,82.990161,22.936155,8.192545,94.373696,0.051086,96.251452,3.160508,0.068151,0.004263,0.023471,0.0,0.0,1653.5849,715.645,-2339.1855,678.084,780.519053,-471.2,2768.68934,84.086428,17.66645,111.557369,9.044559
2024-01-11T22:00:00,2024-01-11T23:00:00,DK2,299.476288,109.292006,187.598044,14.345358,0.0,1.2461,0.010747,2.671119,0.0,0.047896,0.00817,0.00341,0.0,1.01829,,916.92725,-197.266,,,464.2,1799.578678,47.491428,6.7325,74.236885,42.06152
2024-01-11T21:00:00,2024-01-11T22:00:00,DK1,1095.574583,428.802692,83.181965,22.447874,5.369071,32.126362,0.091406,69.692169,3.524653,0.07579,0.003942,0.023504,0.0,0.0,1653.5315,715.596,-2437.3297,654.828,637.826918,-103.6,2861.766729,74.628962,16.62535,112.851177,4.341965
2024-01-11T21:00:00,2024-01-11T22:00:00,DK2,299.927646,112.352922,188.614527,14.755802,0.2488,15.0506,0.020232,8.206015,0.0,0.056646,0.008928,0.003292,0.0,1.07629,,1128.46775,10.331,,,102.0,1881.12045,43.243062,11.858,77.499989,40.87527
2024-01-11T20:00:00,2024-01-11T21:00:00,DK1,1074.797689,456.426538,83.884317,22.652925,6.809376,22.457212,0.052307,72.425546,3.745973,0.086833,0.006326,0.027391,0.0,4e-06,1652.3217,714.428,-1786.8087,637.027,297.459003,-267.3,2990.49944,68.98551,17.785525,116.265102,4.056701
2024-01-11T20:00:00,2024-01-11T21:00:00,DK2,299.45014,125.355566,190.824575,11.988445,1.0803,39.262892,0.048674,23.498291,0.0,0.076801,0.010848,0.004904,0.0,1.35834,,686.196,318.248,,,263.3,1960.703776,36.966253,11.502,82.782978,21.88427
2024-01-11T19:00:00,2024-01-11T20:00:00,DK1,1066.535235,516.58988,88.257084,22.480723,6.682943,58.289608,0.063341,122.924885,3.753324,0.109502,0.008149,0.027641,0.0,8e-06,1632.7729,683.851,-1317.5842,581.306,5.331212,-385.4,3085.999235,67.283482,26.705925,120.89934,4.277855
2024-01-11T19:00:00,2024-01-11T20:00:00,DK2,300.612086,157.137408,194.012043,11.40563,1.3982,75.882861,0.078919,54.781294,0.0,0.117139,0.015727,0.003766,0.0,1.15241,,458.418,392.262,,,380.1,2027.377483,40.041665,5.757,84.82537,2.70722
2024-01-11T18:00:00,2024-01-11T19:00:00,DK1,1091.578138,543.966973,91.339419,22.532813,8.150575,114.146652,0.094467,163.308239,3.762704,0.145318,0.010791,0.027467,0.0,1e-05,1625.2646,458.398,-1210.8184,345.743,-84.658461,37.8,3210.792305,54.688332,26.10195,126.243232,4.744625
2024-01-11T18:00:00,2024-01-11T19:00:00,DK2,301.295673,163.869839,197.654549,13.155198,2.7605,133.452445,0.109339,106.987913,0.0,0.162193,0.022348,0.004525,0.0,1.51996,,800.7065,448.293,,,-39.1,2130.893982,36.171875,7.002,89.873881,2.14659
2024-01-11T17:00:00,2024-01-11T18:00:00,DK1,1108.049567,520.53509,95.623158,22.75008,7.774379,169.13434,0.112252,198.139944,3.761829,0.219519,0.016785,0.034567,0.0,1.6e-05,1610.1545,156.442,-884.8185,377.452,83.500511,-67.2,3401.682037,51.469523,26.37225,134.891233,4.741874
2024-01-11T17:00:00,2024-01-11T18:00:00,DK2,300.119955,160.853521,199.94368,13.581356,2.4376,206.553099,0.118431,130.095612,0.0,0.218428,0.033882,0.004523,0.0,1.71529,,693.05975,486.678,,,65.1,2260.513127,38.609482,9.672,96.412634,2.16318
2024-01-11T16:00:00,2024-01-11T17:00:00,DK1,1059.31152,500.572914,95.403227,22.841657,7.586378,289.923666,0.108674,209.674729,3.764175,0.253316,0.019958,0.112925,0.0,9e-06,1633.5915,-59.218,-643.7799,462.094,215.202074,-246.3,3551.162822,54.721522,47.65875,138.803373,5.898156
2024-01-11T16:00:00,2024-01-11T17:00:00,DK2,298.008118,159.613956,205.998464,14.290608,4.8766,282.53762,0.151274,141.59943,0.0,0.275213,0.043961,0.009045,0.0,2.14614,,257.945,698.719,,,242.8,2309.014429,47.671891,10.982,97.553321,2.20498
2024-01-11T15:00:00,2024-01-11T16:00:00,DK1,1089.05132,505.543085,92.967376,22.760528,9.610533,315.269058,0.119681,197.880562,3.764049,0.188771,0.015151,2.475344,0.335569,1e-06,1560.5604,-583.64,-708.3837,661.36,381.403115,-200.2,3351.080843,53.466586,113.0231,127.66023,16.242503
2024-01-11T15:00:00,2024-01-11T16:00:00,DK2,295.985886,159.38968,208.804355,14.097286,9.8053,487.651337,0.201773,154.269239,0.0,0.18684,0.016744,0.520314,0.0,2.40855,,211.65925,433.539,,,197.7,2176.235554,52.77232,10.433,88.032908,3.60147
2024-01-11T14:00:00,2024-01-11T15:00:00,DK1,1102.369483,469.755706,91.290897,25.795592,17.044093,301.514388,0.149084,227.316386,3.768327,3.283483,0.260043,71.078815,17.072531,5e-06,1150.7776,360.317,-1613.5505,609.118,298.627523,121.6,3257.588456,57.963031,87.87275,120.633065,11.027075
2024-01-11T14:00:00,2024-01-11T15:00:00,DK2,302.376097,159.113996,194.869199,14.755721,12.9437,567.100699,0.269356,134.186261,0.0,1.908988,0.166654,20.846902,7.131552,2.38253,,556.24,216.266,,,-123.5,2067.057655,39.357338,5.809,80.242657,4.83381
2024-01-11T13:00:00,2024-01-11T14:00:00,DK1,1049.268971,462.798349,88.007137,32.796965,14.432566,225.245428,0.136086,219.656268,3.773903,17.38205,1.344018,186.747242,35.445225,3.1e-05,1145.6956,689.732,-1608.1801,651.101,93.818813,-4.6,3304.60155,56.581679,31.8614,118.757317,14.455296
2024-01-11T13:00:00,2024-01-11T14:00:00,DK2,271.633594,157.496353,139.812239,16.796159,11.5687,475.866887,0.310858,109.961726,0.0,10.281702,0.936412,73.227894,18.344131,2.3694,,702.4125,116.035,,,3.3,2110.353556,43.756679,4.8345,77.945722,26.91751
2024-01-11T12:00:00,2024-01-11T13:00:00,DK1,1021.249633,450.364071,85.719108,37.736811,13.952432,131.531408,0.134885,175.921082,3.769411,30.817829,2.401737,274.892294,45.009544,3.5e-05,1084.7055,705.52,-1233.5116,426.85,265.767726,-137.5,3385.331907,53.308889,13.47725,121.666287,9.757248
2024-01-11T12:00:00,2024-01-11T13:00:00,DK2,254.578828,155.989223,73.954504,20.087325,11.262,417.953373,0.326121,95.187755,0.0,19.06777,1.775678,108.282452,19.858316,2.0107,,921.05975,-94.913,,,135.4,2141.880796,44.145259,4.794,79.006894,43.46329
2024-01-11T11:00:00,2024-01-11T12:00:00,DK1,1061.921713,457.180772,85.788045,39.13735,13.095201,139.691082,0.104871,128.262064,3.762263,30.798309,2.353655,295.53403,46.682991,1e-06,1139.5052,709.282,-1130.5181,357.476,41.266671,-54.8,3366.524118,53.493431,10.5648,122.093441,5.51413
2024-01-11T11:00:00,2024-01-11T12:00:00,DK2,255.473658,154.047793,68.131097,19.911222,10.2255,396.995045,0.324546,104.487933,0.0,19.159201,1.782473,110.791887,19.676638,1.75411,,1128.290742,-173.607,,,53.5,2170.944844,33.411857,3.2495,80.000871,31.55626
2024-01-11T10:00:00,2024-01-11T11:00:00,DK1,1052.375699,455.335453,95.964827,36.485153,8.45849,143.991085,0.084736,108.554285,3.76783,22.722726,1.696661,266.376618,39.325363,1e-06,1150.4246,715.488,-1314.5706,663.987,-22.415968,51.0,3479.051959,55.346892,17.2958,125.980109,5.044846
2024-01-11T10:00:00,2024-01-11T11:00:00,DK2,252.939309,156.521089,66.357098,18.843544,8.0357,446.909177,0.292475,98.962581,0.0,14.126407,1.32797,90.98277,15.068216,1.51317,,1177.32325,-118.733,,,-52.9,2177.569756,43.640148,15.046,82.540451,4.8837
2024-01-11T09:00:00,2024-01-11T10:00:00,DK1,1049.625279,460.438982,98.730157,30.917152,10.810528,160.18129,0.081192,100.121584,3.746607,9.435734,0.662359,161.761071,24.957672,8e-06,1149.8291,715.801,-903.485,613.497,8.067767,-184.0,3511.179482,56.347196,15.924975,129.439012,6.22932
2024-01-11T09:00:00,2024-01-11T10:00:00,DK2,253.391342,151.895667,65.088576,15.775682,8.1027,439.454797,0.232427,94.002689,0.0,6.054875,0.551978,48.176919,9.599917,1.70077,,680.643,255.573,,,181.2,2211.44434,47.96805,13.314,80.467394,3.27866
2024-01-11T08:00:00,2024-01-11T09:00:00,DK1,1042.984115,493.060143,100.048215,25.178502,10.085797,126.825741,0.062767,72.779843,3.543486,1.973483,0.133461,47.838708,6.266066,7e-06,1149.5538,715.706,-1021.2318,139.162,673.366089,-131.6,3455.736423,53.711726,12.18205,130.416795,4.424983
2024-01-11T08:00:00,2024-01-11T09:00:00,DK2,276.12797,155.044241,109.730822,13.312011,7.6512,448.028058,0.193842,92.484463,0.0,0.945685,0.091731,14.255705,2.609094,1.52032,,648.22125,306.079,,,129.7,2205.995392,43.902194,4.213,81.261518,2.28085
2024-01-11T07:00:00,2024-01-11T08:00:00,DK1,1107.411583,487.683003,98.241592,21.397728,17.225191,130.855088,0.068786,90.984231,3.677208,0.107213,0.007167,1.095754,0.060507,9e-06,1530.5067,715.801,-1422.4694,-17.579,757.808056,-32.0,3490.882416,58.953613,22.113325,131.135791,4.072517
2024-01-11T07:00:00,2024-01-11T08:00:00,DK2,300.59765,156.255626,146.01631,13.409271,5.7178,479.967444,0.224802,114.5741,0.0,0.095041,0.012253,0.535621,0.0,1.89245,,614.27475,316.616,,,30.7,2180.889118,40.559038,4.455,85.928207,3.76425
2024-01-11T06:00:00,2024-01-11T07:00:00,DK1,1167.456559,488.760662,85.948575,22.43401,30.769517,128.222569,0.132036,125.653494,3.714685,0.093943,0.005792,0.184502,0.0,7e-06,1647.1613,715.836,-1602.1983,55.448,782.650044,-317.1,3335.173395,66.626408,7.287625,125.891834,4.273869
2024-01-11T06:00:00,2024-01-11T07:00:00,DK2,304.163728,152.220879,165.663103,13.532207,7.827,490.016072,0.235496,126.940455,0.0,0.101208,0.013863,0.004316,0.0,1.82958,,242.94925,293.53,,,312.5,2111.527157,40.076578,5.3505,83.377294,26.99843
2024-01-11T05:00:00,2024-01-11T06:00:00,DK1,1143.92388,411.213628,82.960835,23.190368,55.658306,179.253124,0.219773,159.840117,3.755988,0.104224,0.005038,0.170247,0.0,5e-06,1649.4809,715.827,-2338.3543,230.259,782.044092,-120.7,2978.852225,69.420901,7.584925,114.612593,7.031479
2024-01-11T05:00:00,2024-01-11T06:00:00,DK2,252.910387,137.052565,121.79578,13.016099,8.9284,506.030689,0.21883,124.871152,0.0,0.120732,0.017493,0.003059,0.0,1.29195,,600.028,24.866,,,118.7,1909.851136,47.883004,17.556,75.441591,52.21348
2024-01-11T04:00:00,2024-01-11T05:00:00,DK1,903.409643,363.475732,78.754778,24.694118,60.983045,293.959573,0.221799,186.170931,3.759458,0.07393,0.00403,0.063892,0.0,5e-06,1588.1998,715.768,-2505.2928,441.345,717.950742,-131.7,2741.841676,73.842092,16.53715,102.711579,46.710634
2024-01-11T04:00:00,2024-01-11T05:00:00,DK2,249.44764,132.890608,62.710902,13.105399,7.8561,464.925594,0.23038,137.000654,0.0,0.084026,0.008542,0.003191,0.0,0.96781,,943.651,-440.45,,,129.8,1702.231846,37.213763,22.151,69.509787,50.49402
2024-01-11T03:00:00,2024-01-11T04:00:00,DK1,842.957235,361.228604,78.562655,26.920303,66.70559,342.921141,0.320847,313.079262,3.759611,0.056327,0.002043,0.061733,0.0,6e-06,1471.9216,715.7,-2489.6728,529.89,357.163737,78.9,2700.477894,71.770749,21.0578,102.931559,47.074602
2024-01-11T03:00:00,2024-01-11T04:00:00,DK2,256.752489,131.86324,55.831073,14.490869,5.812,522.633307,0.285436,130.285827,0.0,0.057604,0.008124,0.002962,0.0,0.26303,,1067.0505,-434.878,,,-80.3,1670.158461,34.234908,8.648,68.957606,54.54577
2024-01-11T02:00:00,2024-01-11T03:00:00,DK1,843.504853,358.049758,78.796198,27.092661,55.991428,358.01297,0.392815,423.755399,3.781896,0.05028,0.00172,0.034304,0.0,6e-06,1589.1743,715.485,-2212.6582,114.446,300.279066,71.1,2727.290454,71.680536,9.599025,108.315133,46.711629
2024-01-11T02:00:00,2024-01-11T03:00:00,DK2,257.17651,133.151348,55.774544,14.79019,5.8527,497.789237,0.310362,115.730188,0.0,0.045335,0.008014,0.002966,0.0,0.06893,,1087.09475,-393.818,,,-72.6,1701.377074,33.754303,8.9445,71.770899,49.91236
2024-01-11T01:00:00,2024-01-11T02:00:00,DK1,861.817225,358.749784,78.242577,25.911087,47.181976,312.258171,0.606182,492.21984,3.784105,0.049307,0.006991,0.038123,0.0,4e-06,1575.3018,715.42,-2052.34,151.234,220.832571,25.7,2817.013743,71.499676,15.66195,110.052186,60.642327
2024-01-11T01:00:00,2024-01-11T02:00:00,DK2,257.706743,134.828176,56.842049,14.934383,4.9393,426.704564,0.283752,108.182591,0.0,0.041634,0.007483,0.00278,0.0,0.14676,,990.20825,-217.88,,,-27.6,1749.348465,32.470857,3.8585,74.477758,53.55071
2024-01-11T00:00:00,2024-01-11T01:00:00,DK1,928.397259,356.396799,79.812055,25.930455,41.392677,307.74969,0.738104,549.44588,3.791766,0.047728,0.010716,0.020501,0.0,0.0,1368.718,696.2,-2014.6214,27.434,537.449565,-102.1,2806.813795,71.524896,34.5176,112.159671,61.247789
2024-01-11T00:00:00,2024-01-11T01:00:00,DK2,259.096466,135.314014,56.775298,14.02999,4.9431,335.637613,0.229962,88.173155,0.0,0.045442,0.007574,0.002997,0.0,0.53389,,1012.418,-229.045,,,99.7,1777.862501,32.377465,4.04,75.542767,53.7592
2024-01-10T23:00:00,2024-01-11T00:00:00,DK1,1050.268449,370.896635,80.361338,26.577797,38.320681,214.708239,1.034128,610.102914,3.79033,0.05577,0.009334,0.015033,0.0,0.0,1621.0831,453.848,-2391.1158,288.265,719.743297,-314.0,2773.964245,79.65601,38.377775,110.46417,50.555344
2024-01-10T23:00:00,2024-01-11T00:00:00,DK2,263.422606,136.524861,58.719811,14.063216,4.9029,234.25184,0.16384,54.223502,0.0,0.050522,0.007822,0.002936,0.0,0.96089,,1043.18425,-354.105,,,309.3,1765.673996,32.692364,7.424,73.829466,32.05291
2024-01-10T22:00:00,2024-01-10T23:00:00,DK1,998.776131,414.136544,80.775248,26.273316,29.207738,119.140013,1.014915,676.296145,3.787471,0.059722,0.003644,0.021885,0.0,0.0,1652.3379,697.732,-2433.3699,655.678,241.461723,-358.5,2804.832495,91.267956,31.088475,110.982684,52.136881
2024-01-10T22:00:00,2024-01-10T23:00:00,DK2,263.739384,150.316756,67.88652,15.500557,3.2551,149.924462,0.119018,39.876403,0.0,0.037526,0.010128,0.002888,0.0,0.79201,,1132.184742,-418.11,,,353.3,1758.835494,33.410934,10.502,72.574929,15.57213
2024-01-10T21:00:00,2024-01-10T22:00:00,DK1,1087.696042,433.940283,81.140707,24.66567,23.940139,79.642621,0.948119,659.756292,3.787332,0.070516,0.00442,0.017678,0.0,0.0,1653.3884,715.931,-2200.1415,682.199,128.98367,-502.8,2873.170389,91.717316,17.9508,112.616087,24.500257
2024-01-10T21:00:00,2024-01-10T22:00:00,DK2,263.56087,150.561618,97.144707,15.331244,2.3264,166.239014,0.091867,30.804778,0.0,0.043392,0.011344,0.003403,0.0,0.91632,,802.734,-138.738,,,494.9,1885.930957,33.143533,6.687,76.971563,46.84123
2024-01-10T20:00:00,2024-01-10T21:00:00,DK1,1090.061967,477.214307,82.692877,23.646963,22.599106,61.139881,0.727585,558.062084,3.79272,0.08705,0.005636,0.022214,0.0,7e-06,1647.5873,716.015,-1905.9725,682.572,18.478636,-470.7,3008.032833,86.703075,21.030325,118.307864,18.20339
2024-01-10T20:00:00,2024-01-10T21:00:00,DK2,264.148215,150.567587,146.488146,14.930265,2.1658,188.902696,0.092374,33.160667,0.0,0.054079,0.01401,0.0052,0.0,1.37746,,637.2625,68.036,,,463.6,1970.804999,35.69587,3.687,83.368744,8.53145
2024-01-10T19:00:00,2024-01-10T20:00:00,DK1,1143.476306,517.849706,86.805531,23.769519,18.624377,41.546005,0.625388,475.848449,3.789558,0.10442,0.009512,0.026185,0.0,7e-06,1653.0293,715.989,-1910.574,682.61,85.177784,-436.5,3102.207047,84.02722,17.85435,121.147151,17.668756
2024-01-10T19:00:00,2024-01-10T20:00:00,DK2,254.759853,160.437934,172.134852,15.517337,2.9915,164.210683,0.088937,35.760369,0.0,0.070684,0.015613,0.003213,0.0,1.22936,,677.029,156.88,,,430.2,2071.329335,33.849697,16.9095,86.88594,13.11653
2024-01-10T18:00:00,2024-01-10T19:00:00,DK1,1124.269262,533.398171,87.633246,22.845531,15.904524,29.190141,0.641951,417.473779,3.794212,0.116696,0.010614,0.026608,0.0,9e-06,1653.3871,716.039,-1882.7528,681.909,153.584662,-298.0,3259.471706,80.680837,17.7857,128.121788,17.955001
2024-01-10T18:00:00,2024-01-10T19:00:00,DK2,276.025,162.232747,187.290096,17.897009,3.2355,133.391984,0.08173,33.311601,0.0,0.108555,0.018667,0.004591,0.0,1.62069,,492.78025,585.935008,,,293.9,2187.833428,34.93644,14.515,92.476865,12.81094
2024-01-10T17:00:00,2024-01-10T18:00:00,DK1,1123.108864,541.643394,87.89835,22.835221,12.760408,20.151318,0.545561,327.308804,3.78672,0.174077,0.013236,0.055534,0.0,7e-06,1652.9348,715.842,-1830.2571,653.807,477.693248,-354.6,3455.701442,79.419497,16.5999,138.694973,18.358139
2024-01-10T17:00:00,2024-01-10T18:00:00,DK2,307.613228,162.394614,187.270593,17.271204,2.6585,127.594608,0.070523,30.492659,0.0,0.160109,0.023082,0.00519,0.0,1.72813,,651.42825,492.531,,,349.5,2330.74169,36.344997,8.345,100.301883,13.19311
2024-01-10T16:00:00,2024-01-10T17:00:00,DK1,1140.725887,534.251892,88.751653,19.083963,10.560218,8.994226,0.402641,262.980547,3.783444,0.218293,0.016408,0.070673,0.0,7e-06,1653.2821,715.751,-1604.5587,670.06,487.029272,-391.8,3599.603524,78.893714,17.337475,146.116099,18.38219
2024-01-10T16:00:00,2024-01-10T17:00:00,DK2,308.367628,160.951673,201.930444,14.366842,2.3581,122.947087,0.065061,31.178078,0.0,0.200641,0.029203,0.005844,0.0,1.94985,,640.42175,555.565992,,,385.9,2426.238193,37.187049,13.189008,104.203508,22.42782
2024-01-10T15:00:00,2024-01-10T16:00:00,DK1,1117.529145,524.599139,88.014757,17.871768,9.270844,8.582204,0.274749,191.792691,3.780801,0.110521,0.00804,0.677046,0.0,5e-06,1652.9303,715.659,-1828.6776,682.377,776.974289,-525.8,3435.974699,85.006182,17.94645,132.709471,19.031022
2024-01-10T15:00:00,2024-01-10T16:00:00,DK2,311.667346,160.342004,203.217538,13.905658,2.4766,106.322163,0.057242,28.623706,0.0,0.086708,0.011735,0.010076,0.0,1.88113,,717.4945,254.092,,,517.3,2317.488406,35.243699,15.825,99.397301,25.51201
2024-01-10T14:00:00,2024-01-10T15:00:00,DK1,1135.302797,512.508178,87.153458,16.44741,6.992152,7.942085,0.121318,124.208179,3.784429,1.083911,0.070214,36.266351,11.972477,3e-06,1647.8631,712.872,-1886.64,682.645,783.281081,-550.4,3333.474143,83.377772,23.661975,126.643503,18.393354
2024-01-10T14:00:00,2024-01-10T15:00:00,DK2,280.94671,160.052357,194.312889,14.097811,3.0799,90.89,0.054559,23.477047,0.0,0.088406,0.010399,2.464854,0.363737,2.02397,,370.4385,553.921,,,541.5,2237.722139,37.121445,13.0065,90.541984,27.82653
2024-01-10T13:00:00,2024-01-10T14:00:00,DK1,1098.102897,494.983428,92.759226,17.907144,5.922325,0.062033,0.064205,85.189619,3.764591,6.068372,0.386981,115.361259,37.506672,3.5e-05,1555.833,666.909,-1760.2171,682.661,771.491792,-458.1,3416.656477,78.205499,38.5412,125.956328,19.909978
2024-01-10T13:00:00,2024-01-10T14:00:00,DK2,314.495185,147.23033,195.03554,14.515759,2.6166,84.6745,0.054826,20.064091,0.0,0.208346,0.018138,9.641409,2.517304,1.95358,,189.74325,801.157008,,,451.1,2235.025866,38.064578,11.264992,82.770088,18.55046
2024-01-10T12:00:00,2024-01-10T13:00:00,DK1,1140.450553,475.62832,93.6736,20.338,4.557667,0.0,0.032249,55.091552,3.740356,12.021055,0.841778,176.551176,53.893417,7e-06,1155.0779,555.763,-733.2376,682.546,206.357164,-435.3,3468.026195,63.757524,37.392075,128.067612,20.644021
2024-01-10T12:00:00,2024-01-10T13:00:00,DK2,313.47757,157.126468,186.412766,14.45057,1.8845,86.5931,0.044581,15.849946,0.0,0.369409,0.031651,14.91389,3.860987,1.68106,,251.7715,759.959016,,,428.6,2237.027014,36.845091,11.229984,90.74389,2.1909
2024-01-10T11:00:00,2024-01-10T12:00:00,DK1,1186.473798,490.215819,94.537522,24.161866,3.777284,0.0,0.029489,57.157961,3.311485,15.360771,1.121484,192.832714,55.936581,2e-06,1148.1927,283.389,-258.4033,682.674,44.127787,-550.8,3474.096961,64.122295,33.034275,130.428854,22.339367
2024-01-10T11:00:00,2024-01-10T12:00:00,DK2,292.157299,154.950953,149.428703,15.38043,0.9362,84.3062,0.036031,11.829461,0.0,0.438321,0.031653,15.504758,4.276084,1.35436,,176.22775,811.671992,,,541.6,2260.130196,39.679803,11.145008,90.629523,1.8205
2024-01-10T10:00:00,2024-01-10T11:00:00,DK1,1172.742812,524.977245,96.252836,24.333019,2.094109,0.0,0.016699,49.471731,3.737521,13.192264,0.915846,183.007593,37.078873,0.0,1141.7788,281.423,-632.4395,682.697,517.614859,-559.9,3538.994707,66.287154,58.0688,134.121167,20.552871
2024-01-10T10:00:00,2024-01-10T11:00:00,DK2,263.368125,154.890613,142.016002,17.122905,0.0347,64.3285,0.03161,9.431552,0.0,0.348476,0.028366,12.683697,3.170766,1.49094,,236.3775,813.583992,,,550.8,2269.707744,38.792537,11.289008,92.157174,2.04752
2024-01-10T09:00:00,2024-01-10T10:00:00,DK1,1181.614704,561.948807,96.840734,21.261227,1.809707,2.066805,0.014684,26.939001,3.707325,6.119081,0.36051,118.014525,19.47212,1e-06,1027.7254,330.409,-321.409,682.623,355.270683,-556.0,3558.788314,63.471269,38.1859,134.427764,19.373848
2024-01-10T09:00:00,2024-01-10T10:00:00,DK2,255.032145,154.792572,143.57799,16.751316,0.1969,62.9031,0.027618,9.858227,0.0,0.205193,0.018824,7.94482,1.596742,1.61229,,256.0245,815.212992,,,547.0,2272.755229,37.406983,11.125008,93.529342,2.63526
2024-01-10T08:00:00,2024-01-10T09:00:00,DK1,1221.082969,632.124001,113.459435,20.965883,5.899722,0.529653,0.006986,7.916605,4.566291,0.841604,0.051919,28.723878,4.091592,7e-06,1118.7684,446.492,-337.3048,682.745,44.855859,-466.3,3529.517005,58.163014,33.3623,135.630404,20.202615
2024-01-10T08:00:00,2024-01-10T09:00:00,DK2,239.326978,182.911735,174.888325,16.283647,0.5749,58.1465,0.018313,7.587591,0.0,0.098695,0.012947,2.503214,0.130743,1.62069,,150.32675,951.493992,,,459.0,2244.92502,41.093806,11.097008,88.257598,4.38131
2024-01-10T07:00:00,2024-01-10T08:00:00,DK1,1205.554181,556.642351,102.284579,21.434632,0.425098,2.65999,0.004343,2.851418,3.683397,0.098504,0.006601,0.659829,0.0,9e-06,1148.7841,700.258,-365.2558,682.813,32.40066,-549.5,3545.804892,65.099677,30.468425,135.861543,21.13366
2024-01-10T07:00:00,2024-01-10T08:00:00,DK2,275.539327,152.592915,202.963851,17.22258,0.9788,50.9569,0.01578,6.133397,0.0,0.077413,0.009199,0.083313,0.0,1.57188,,62.3705,924.268016,,,540.3,2235.083871,42.798224,11.089984,87.649535,29.77231
2024-01-10T06:00:00,2024-01-10T07:00:00,DK1,1098.290597,513.337595,86.869016,21.869401,0.134684,0.0,0.005945,1.326962,3.705849,0.095465,0.006628,0.238656,0.0,6e-06,984.3364,716.016,-583.55,682.756,440.624477,-541.2,3424.863681,63.950928,96.3658,130.786468,20.385147
2024-01-10T06:00:00,2024-01-10T07:00:00,DK2,287.22068,137.876426,197.589815,16.725467,1.4827,49.0557,0.019922,6.636065,0.0,0.100333,0.014848,0.003986,0.0,1.83301,,-35.095,939.676,,,532.7,2135.839952,42.866701,11.128,84.637809,29.38215
2024-01-10T05:00:00,2024-01-10T06:00:00,DK1,1100.959738,456.340025,82.398911,21.776926,0.437765,0.605043,0.007278,1.626232,3.612119,0.092152,0.005736,0.168387,0.0,8e-06,982.6365,716.024,-1332.7,682.944,775.266924,-426.5,3065.701744,62.911835,53.253775,119.292841,36.12244
2024-01-10T05:00:00,2024-01-10T06:00:00,DK2,277.661009,119.492532,194.937077,17.363287,0.7249,54.5088,0.019079,8.150818,0.0,0.103632,0.01382,0.003238,0.0,1.43187,,242.03075,558.164008,,,420.1,1894.70482,64.982823,18.4695,76.716271,19.80935
2024-01-10T04:00:00,2024-01-10T05:00:00,DK1,1057.116746,395.980751,79.447845,21.167251,0.794699,1.99502,0.005714,1.546698,3.601707,0.06695,0.005991,0.088938,0.0,5e-06,1564.4694,715.931,-2436.35,682.804,766.245782,-37.1,2817.818497,71.137249,45.1709,109.066613,75.470314
2024-01-10T04:00:00,2024-01-10T05:00:00,DK2,239.841855,117.989802,148.532024,16.940262,1.562,55.4009,0.018238,10.958305,0.0,0.05929,0.007014,0.003557,0.0,0.87788,,975.8025,84.344,,,36.5,1688.837627,51.614645,20.573,69.988573,19.77028
2024-01-10T03:00:00,2024-01-10T04:00:00,DK1,942.767509,386.284129,79.26805,20.111927,1.137583,7.124457,0.00426,1.255477,3.602666,0.04828,0.004072,0.084209,0.0,5e-06,1648.9261,715.934,-2501.04,678.957,754.010274,5.9,2744.379998,72.223982,19.482525,108.518693,67.314098
2024-01-10T03:00:00,2024-01-10T04:00:00,DK2,463.108308,116.079562,129.493255,15.157451,1.9255,53.3904,0.021437,9.156691,0.0,0.045925,0.007395,0.003234,0.0,0.32693,,1174.799492,-313.535,,,-6.8,1643.18058,59.722814,16.142,68.645544,25.22595
2024-01-10T02:00:00,2024-01-10T03:00:00,DK1,978.416099,391.684857,81.037403,20.660429,6.016575,32.364049,0.004503,2.445278,3.619417,0.045639,0.001308,0.026911,0.0,4e-06,1646.5758,715.912,-2460.32,501.281,753.710335,92.3,2765.781607,73.625032,10.84365,110.74788,59.251616
2024-01-10T02:00:00,2024-01-10T03:00:00,DK2,543.727109,116.526295,128.491279,14.163435,2.0691,54.5653,0.026102,9.098949,0.0,0.039189,0.006211,0.002907,0.0,0.16328,,1057.7055,-133.559,,,-93.9,1699.125656,34.657816,3.62,72.402342,28.76761
2024-01-10T01:00:00,2024-01-10T02:00:00,DK1,971.784132,392.7135,80.305037,20.957505,13.517545,72.300915,0.004014,6.439882,3.624218,0.043217,0.005082,0.01856,0.0,4e-06,1642.462,715.927,-2397.77,447.143,754.315763,74.7,2798.491374,71.182374,9.45335,113.743212,59.205902
2024-01-10T01:00:00,2024-01-10T02:00:00,DK2,549.627243,116.935067,128.900575,14.824887,0.6046,64.9033,0.023744,8.363182,0.0,0.037292,0.007178,0.002927,0.0,0.19989,,1116.41725,-158.63,,,-76.7,1765.517135,35.438002,3.8215,75.592466,44.61619
2024-01-10T00:00:00,2024-01-10T01:00:00,DK1,1009.880779,389.292842,81.063107,21.066982,18.305169,72.041438,0.004557,12.870556,3.621839,0.049217,0.01218,0.0187,0.0,0.0,1653.1958,715.901,-2359.23,678.051,782.241131,-249.5,2828.886297,78.262696,18.34925,114.729635,58.925593
2024-01-10T00:00:00,2024-01-10T01:00:00,DK2,526.886317,125.370799,132.198637,14.958159,0.2744,35.9536,0.029186,8.002244,0.0,0.036826,0.00723,0.002966,0.0,0.31496,,1048.8085,-336.349,,,245.7,1802.194824,35.54446,8.016,78.136284,42.45718
2024-01-09T23:00:00,2024-01-10T00:00:00,DK1,1055.062587,394.760011,81.114232,21.50936,14.427484,70.765065,0.005067,29.227548,3.623722,0.060814,0.007027,0.01945,0.0,2e-06,1652.3103,715.863,-2417.01,682.867,782.727961,-295.0,2792.34063,79.042644,17.387475,111.570748,58.584908
2024-01-09T23:00:00,2024-01-10T00:00:00,DK2,533.136385,131.767496,181.090376,15.771992,0.7626,22.9812,0.022056,8.366802,0.0,0.055484,0.007688,0.002928,0.0,0.95154,,1026.71775,-420.635,,,290.6,1791.599297,37.539196,8.355,76.707206,21.04717
2024-01-09T22:00:00,2024-01-09T23:00:00,DK1,1054.860388,446.491316,80.286162,22.581989,21.669628,77.725187,0.005489,29.7732,3.638384,0.057618,0.004145,0.018709,0.0,0.0,1652.1736,715.675,-2194.66,682.663,782.726931,-565.3,2810.390746,83.110385,18.6972,109.491899,52.095345
2024-01-09T22:00:00,2024-01-09T23:00:00,DK2,706.111848,150.086986,190.641262,16.518352,0.3615,23.6128,0.024103,7.586144,0.0,0.042487,0.009642,0.003022,0.0,0.91104,,470.38275,-297.789,,,555.7,1824.202936,44.38963,8.21,75.312158,39.59904
2024-01-09T21:00:00,2024-01-09T22:00:00,DK1,1053.115753,454.388711,84.185703,23.698415,19.688077,58.427204,0.00882,45.667697,3.614728,0.07036,0.004953,0.023326,0.0,0.0,1630.6416,703.073,-2254.68,682.733,783.307518,-379.2,2908.768865,74.277324,28.38655,114.395318,23.334108
2024-01-09T21:00:00,2024-01-09T22:00:00,DK2,714.255734,144.758037,192.974119,16.168862,0.428,4.4974,0.019332,6.122859,0.0,0.050906,0.010764,0.003346,0.0,0.97823,,524.17275,-65.502,,,373.8,1912.738339,38.281412,5.8075,80.028039,31.13967
2024-01-09T20:00:00,2024-01-09T21:00:00,DK1,1090.164731,492.582258,84.875044,22.977409,21.103264,61.213933,0.011697,49.544721,3.564718,0.083374,0.007102,0.023903,0.0,2e-06,1652.24,532.455,-1990.22,682.724,774.596046,-472.2,3005.747202,74.739707,26.55695,120.011731,22.539249
2024-01-09T20:00:00,2024-01-09T21:00:00,DK2,733.897604,134.937204,193.308614,17.288693,0.0078,3.389,0.013588,3.184139,0.0,0.069139,0.01119,0.00508,0.0,1.00106,,350.12175,136.17,,,464.7,2038.104861,37.139084,5.959,86.857587,29.89594
2024-01-09T19:00:00,2024-01-09T20:00:00,DK1,1110.534041,548.659072,87.726549,22.219043,17.049015,55.765287,0.009245,40.257939,3.283239,0.097314,0.007623,0.024319,0.0,7e-06,1653.9838,607.422,-1517.6,682.642,369.637189,-555.7,3126.017682,73.58575,44.4057,125.07326,18.389825
2024-01-09T19:00:00,2024-01-09T20:00:00,DK2,733.239911,139.475283,194.445396,17.468468,0.0,2.6588,0.015327,3.352195,0.0,0.08144,0.012954,0.003198,0.0,1.18292,,154.66325,357.299,,,546.3,2150.198142,39.687943,8.3355,90.871209,34.46946
2024-01-09T18:00:00,2024-01-09T19:00:00,DK1,1076.453805,581.720787,88.774832,21.70675,10.945431,51.298991,0.006115,47.975881,3.283534,0.117553,0.008753,0.029606,0.0,1e-05,1653.4482,690.929,-1502.69,682.787,480.431632,-544.8,3342.42788,73.514646,35.34335,132.788749,18.411649
2024-01-09T18:00:00,2024-01-09T19:00:00,DK2,741.894943,146.997239,203.173476,17.390797,0.0,1.1799,0.014673,3.23309,0.0,0.11547,0.019185,0.005036,0.0,1.35311,,47.056,582.527984,,,535.8,2280.760903,44.781712,10.430016,97.942221,32.36527
2024-01-09T17:00:00,2024-01-09T18:00:00,DK1,1114.969569,587.094317,88.688045,22.07842,6.990842,60.053496,0.00633,52.251602,3.285056,0.171658,0.012235,0.047593,0.0,1.7e-05,1650.8997,348.054,-1015.3,682.774,456.525499,-564.3,3494.302379,67.744499,38.571725,143.262034,18.819082
2024-01-09T17:00:00,2024-01-09T18:00:00,DK2,742.04698,147.299843,201.410615,17.044879,0.0,6.3768,0.014814,2.787874,0.0,0.169723,0.026414,0.004614,0.0,1.52389,,-145.446,903.415,,,554.7,2431.375446,47.024769,11.138,106.405869,32.88821
2024-01-09T16:00:00,2024-01-09T17:00:00,DK1,1123.093667,585.552394,89.042911,23.390697,13.705439,92.836393,0.010202,68.41243,3.493913,0.192085,0.015273,0.070083,0.0,7e-06,1612.1934,222.808,-886.28,682.605,584.517729,-565.4,3650.259623,68.21191,26.5073,150.451019,17.860378
2024-01-09T16:00:00,2024-01-09T17:00:00,DK2,742.480797,152.494336,204.693749,17.6069,0.0,11.0278,0.015723,2.410933,0.0,0.20743,0.033131,0.005219,0.0,2.12089,,-133.54375,945.462992,,,555.7,2500.71615,48.214843,11.153008,109.417664,32.7756
2024-01-09T15:00:00,2024-01-09T16:00:00,DK1,1123.071141,554.589513,91.479299,25.64459,17.567602,121.844403,0.036895,119.280479,3.457132,0.101911,0.009754,0.526567,0.0,5e-06,1644.9691,340.005,-1454.35,682.726,778.94016,-568.2,3481.699551,72.933457,52.6003,138.529243,17.49871
2024-01-09T15:00:00,2024-01-09T16:00:00,DK2,742.738866,143.908417,198.335116,17.087071,0.0,12.79,0.017327,2.624047,0.0,0.101338,0.015183,0.067436,0.0,2.11517,,-248.37725,948.000992,,,558.4,2377.823713,49.337084,11.159008,100.70372,32.49859
2024-01-09T14:00:00,2024-01-09T15:00:00,DK1,1137.975445,526.814468,89.456215,26.722624,18.757654,133.719767,0.083858,161.615834,3.484965,0.435103,0.042981,31.433636,7.931618,7e-06,1621.1678,652.942,-1858.01,682.829,783.212358,-585.8,3434.815333,79.800178,40.86725,132.391525,21.519168
2024-01-09T14:00:00,2024-01-09T15:00:00,DK2,734.459017,141.235331,192.469515,16.227359,0.0042,23.7369,0.015811,1.587914,0.0,0.199151,0.017998,5.195062,1.562213,1.87659,,-363.7465,949.853008,,,575.8,2280.493569,46.674936,11.158992,94.032883,32.70446
2024-01-09T13:00:00,2024-01-09T14:00:00,DK1,1131.086773,493.195401,87.924164,29.350458,26.829883,103.813859,0.151642,198.145325,3.49203,3.130744,0.272566,104.867363,23.330561,9e-06,1609.6455,309.387,-1488.66,682.749,776.709225,-563.1,3532.321503,72.461605,39.322825,134.386349,38.093313
2024-01-09T13:00:00,2024-01-09T14:00:00,DK2,694.046178,144.966904,186.949527,15.914929,0.0341,23.0728,0.02269,2.487006,0.0,0.93201,0.070944,15.399638,7.218933,1.51695,,-294.74925,954.227016,,,553.8,2305.910375,45.748864,11.015984,93.758484,31.42513
2024-01-09T12:00:00,2024-01-09T13:00:00,DK1,996.967152,493.899695,86.580136,30.717764,22.555945,103.214059,0.370062,254.153643,3.492583,6.007187,0.493327,158.601582,32.630825,8e-06,1609.9106,121.088,-942.1,682.604,515.823989,-561.5,3615.510558,71.265468,37.85795,135.829718,47.941962
2024-01-09T12:00:00,2024-01-09T13:00:00,DK2,679.765143,148.193927,186.675971,14.309832,0.213,33.2822,0.024164,2.855966,0.0,2.004665,0.140028,27.935288,8.742339,1.43617,,-255.7525,932.611,,,552.3,2334.737193,44.662028,11.108,95.196372,34.03848
2024-01-09T11:00:00,2024-01-09T12:00:00,DK1,932.624349,523.007315,86.980139,31.12535,36.280811,100.397096,0.533339,277.046095,3.486471,8.370759,0.689095,200.55076,35.819653,2e-06,1628.9561,-29.81,-905.57,682.746,550.132085,-555.0,3608.365419,76.871449,47.673875,137.214538,32.824015
2024-01-09T11:00:00,2024-01-09T12:00:00,DK2,619.13461,148.397663,190.439257,13.661161,0.3033,37.5428,0.016376,2.036602,0.0,1.881918,0.130618,27.124258,8.507236,1.46749,,-161.66175,949.127992,,,545.9,2384.009531,45.952262,11.185008,95.434514,59.72891
2024-01-09T10:00:00,2024-01-09T11:00:00,DK1,859.617551,629.940092,104.42678,31.041102,24.898219,81.75874,0.5222,281.184445,3.883261,7.215415,0.580486,170.120353,30.811462,0.0,1593.1588,493.195,-884.85,682.603,145.915,-518.2,3737.821906,86.211746,69.46085,139.191851,18.796006
2024-01-09T10:00:00,2024-01-09T11:00:00,DK2,538.728186,174.232882,222.339352,13.239661,0.3335,28.5477,0.011412,1.762048,0.0,1.010286,0.07729,14.863348,6.942718,1.78245,,-59.7505,952.768008,,,509.9,2406.788341,45.081833,11.132992,96.31149,58.40534
2024-01-09T09:00:00,2024-01-09T10:00:00,DK1,805.701676,580.708697,106.885158,28.701616,15.386146,65.179936,0.247081,294.245839,3.481695,3.483007,0.240224,93.146919,16.640673,0.0,1578.9065,568.071,-814.1,682.708,278.967264,-531.1,3777.501431,90.811265,25.62845,141.804972,18.173805
2024-01-09T09:00:00,2024-01-09T10:00:00,DK2,512.449964,176.426637,204.273869,14.621063,0.3611,27.52,0.010789,1.059678,0.0,0.525431,0.032894,10.824247,5.087088,1.6532,,-10.13625,954.480984,,,522.4,2421.590694,46.127854,11.130016,97.491188,57.74812
2024-01-09T08:00:00,2024-01-09T09:00:00,DK1,875.008192,576.736389,105.641101,26.328326,12.754357,52.122088,0.141063,322.256339,3.469311,0.61367,0.040597,31.83956,4.253189,3e-06,1649.7255,614.415,-818.58,682.764,181.271614,-560.5,3760.300299,91.847568,29.125625,144.963953,18.140633
2024-01-09T08:00:00,2024-01-09T09:00:00,DK2,515.024353,175.473569,217.324314,14.583431,0.6961,32.495,0.009098,0.981018,0.0,0.183896,0.017367,4.095185,2.307823,1.45701,,-84.20425,958.856992,,,551.1,2390.400906,46.661393,11.283008,97.140715,57.7051
2024-01-09T07:00:00,2024-01-09T08:00:00,DK1,840.90563,553.375415,97.036185,24.998485,4.690693,58.842529,0.409863,406.450038,3.71732,0.100374,0.029725,1.137393,0.063375,8e-06,1648.5766,521.13,-588.6,682.782,36.260119,-564.1,3727.805752,90.218927,34.43905,147.242196,17.368206
2024-01-09T07:00:00,2024-01-09T08:00:00,DK2,484.546047,163.514625,211.92555,13.780829,0.48,51.5016,0.011378,3.070446,0.0,0.073361,0.017238,0.194944,0.0,1.83336,,-90.683,962.791008,,,554.7,2357.757386,47.238486,10.978992,96.056404,57.50016
2024-01-09T06:00:00,2024-01-09T07:00:00,DK1,913.635641,497.100031,90.605141,24.153389,7.91573,62.847009,0.640559,416.323841,3.623535,0.105472,0.048511,0.131157,0.0,8e-06,1572.1834,704.953,-1560.51,682.758,767.202678,-561.4,3622.317102,96.149225,45.17355,142.630483,23.716637
2024-01-09T06:00:00,2024-01-09T07:00:00,DK2,448.658361,140.648217,197.653879,13.695731,1.3795,76.3261,0.015594,6.266102,0.0,0.090407,0.015004,0.006686,0.0,1.70345,,-114.808,947.465,,,552.2,2271.316031,47.159221,11.194,94.026155,59.04507
2024-01-09T05:00:00,2024-01-09T06:00:00,DK1,1019.011437,472.167322,85.504075,23.429165,14.105697,33.413908,0.649764,397.123802,3.394396,0.103323,0.005407,0.059989,0.0,1e-05,1418.0576,716.027,-1771.25,681.316,777.74702,-510.8,3360.065915,89.384992,102.1614,131.23082,28.382373
2024-01-09T05:00:00,2024-01-09T06:00:00,DK2,444.39965,117.7344,187.566668,14.775685,2.0741,72.5819,0.013677,7.556703,0.0,0.105677,0.015731,0.147445,0.0,1.52165,,120.75725,560.041992,,,503.0,2032.292528,37.774983,13.491008,86.239167,58.10765
2024-01-09T04:00:00,2024-01-09T05:00:00,DK1,971.475556,412.655291,72.007685,23.153547,12.232802,37.679652,0.631601,375.498091,3.39563,0.076461,0.0054,0.0313,0.0,9e-06,1431.4194,716.052,-1947.77,615.477,708.459446,-232.2,3200.280871,76.136038,27.39905,119.999423,82.943845
2024-01-09T04:00:00,2024-01-09T05:00:00,DK2,436.68709,110.266253,111.565036,15.517957,2.1996,74.714,0.015917,13.612095,0.0,0.065559,0.008809,0.003047,0.0,0.74621,,566.65975,273.366,,,229.4,1834.827323,40.266022,12.001,77.308717,65.5371
2024-01-09T03:00:00,2024-01-09T04:00:00,DK1,888.123521,405.651479,70.748261,22.863763,19.121716,54.388483,1.029464,350.827749,3.396268,0.059384,0.002085,0.02656,0.0,7e-06,1537.5922,715.838,-2117.68,679.384,590.882825,-23.2,3199.055765,75.367342,30.1255,118.634776,89.868813
2024-01-09T03:00:00,2024-01-09T04:00:00,DK2,597.614448,109.965892,79.006189,16.37404,2.4961,75.1352,0.020054,15.777806,0.0,0.04482,0.006364,0.002757,0.0,0.33859,,636.8175,229.331,,,22.1,1785.03076,34.039401,2.833,77.171877,63.92303
2024-01-09T02:00:00,2024-01-09T03:00:00,DK1,902.745421,401.344778,71.143904,22.862395,20.602974,36.063818,1.246055,352.390817,3.396855,0.045826,0.001477,0.022909,0.0,8e-06,1284.1798,715.933,-1571.61,579.092,565.03948,-152.7,3231.801517,63.555339,29.36225,123.495446,89.40298
2024-01-09T02:00:00,2024-01-09T03:00:00,DK2,558.387739,118.765421,72.147011,16.827829,2.7751,79.6907,0.016794,16.541781,0.0,0.039586,0.007243,0.002666,0.0,0.09173,,617.33275,202.388,,,150.0,1835.01435,34.370434,5.161,80.903135,65.73937
2024-01-09T01:00:00,2024-01-09T02:00:00,DK1,944.437969,399.866706,71.058001,22.086835,18.7891,16.359551,1.27338,359.087503,3.400585,0.046701,0.002813,0.03161,0.0,5e-06,1139.2295,715.76,-1188.74,617.998,563.757567,-410.6,3273.845826,67.873178,31.26615,125.468803,89.65247
2024-01-09T01:00:00,2024-01-09T02:00:00,DK2,545.310461,118.734158,71.850566,15.590409,3.2943,102.0134,0.014225,22.451977,0.0,0.040981,0.006263,0.002647,0.0,0.07157,,665.40675,-58.83,,,404.6,1890.557707,35.125972,5.477,85.024368,65.94274
2024-01-09T00:00:00,2024-01-09T01:00:00,DK1,981.219315,400.338937,69.532465,22.336823,17.825269,6.969417,1.090731,342.788799,3.400197,0.051394,0.010438,0.027518,0.0,0.0,1406.0368,711.5,-1675.26,681.498,537.134251,-226.7,3279.800354,67.786473,42.0804,124.416458,89.865162
2024-01-09T00:00:00,2024-01-09T01:00:00,DK2,552.260832,118.906633,72.250069,14.406895,2.5936,81.9563,0.020803,26.935838,0.0,0.043389,0.008175,0.002792,0.0,0.28614,,716.00525,97.191,,,223.7,1906.567716,35.026,4.0925,85.338852,63.38979
2024-01-08T23:00:00,2024-01-09T00:00:00,DK1,936.343654,403.086674,68.564723,22.688224,26.270175,9.538529,1.041113,302.316073,3.388441,0.064193,0.007479,0.037368,0.0,0.0,1068.0831,648.678,-1027.24,673.844,409.665871,-305.8,3240.577617,55.906703,53.5873,122.441571,84.527729
2024-01-08T23:00:00,2024-01-09T00:00:00,DK2,543.47712,121.141588,103.394161,14.63127,2.6621,70.5415,0.023932,28.067,0.0,0.047783,0.00726,0.003357,0.0,0.67187,,491.497,241.474,,,301.4,1919.039941,34.878039,16.181,85.257661,57.89221
2024-01-08T22:00:00,2024-01-08T23:00:00,DK1,929.178178,459.157335,74.51097,22.653945,27.243901,34.197907,0.755533,262.583443,3.38788,0.069985,0.004577,0.035087,0.0,1e-06,548.3693,616.113,197.5,274.612,-46.054985,-327.6,3076.718057,49.178721,31.0129,120.817491,53.308117
2024-01-08T22:00:00,2024-01-08T23:00:00,DK2,545.852226,134.379307,113.896773,15.881067,1.9364,92.2034,0.02841,38.039317,0.0,0.054149,0.008578,0.002836,0.0,0.93679,,45.529,608.34,,,322.9,1919.988253,39.367549,15.3355,83.900727,60.12037
2024-01-08T21:00:00,2024-01-08T22:00:00,DK1,1043.702584,479.440161,76.727972,22.66085,18.687593,38.878202,0.483609,200.461666,3.369554,0.079542,0.005632,0.029071,0.0,0.0,772.6679,628.256,-130.85,674.506,-178.323731,-450.8,3199.982605,53.514273,73.861,124.075479,39.221058
2024-01-08T21:00:00,2024-01-08T22:00:00,DK2,542.074809,134.164809,109.623789,16.577049,2.8209,94.2193,0.023646,27.320613,0.0,0.055708,0.00883,0.002976,0.0,1.08825,,203.87425,451.663,,,443.9,2027.417929,34.719104,17.3905,90.879148,59.74267
2024-01-08T20:00:00,2024-01-08T21:00:00,DK1,1077.864872,505.052693,85.715814,22.607023,14.830796,73.643961,0.273121,144.174048,3.286618,0.090575,0.005526,0.040078,0.0,0.0,804.6678,480.646,408.07,682.75,-559.50259,-432.2,3312.016335,52.110113,32.7798,130.495797,39.508301
2024-01-08T20:00:00,2024-01-08T21:00:00,DK2,540.106512,133.921662,104.512731,16.193974,2.3477,85.5829,0.022635,32.698735,0.0,0.068039,0.010326,0.004715,0.0,0.98267,,-99.4635,911.71,,,425.9,2154.599099,41.794157,11.082,96.082903,57.85949
2024-01-08T19:00:00,2024-01-08T20:00:00,DK1,1155.57839,547.747072,91.867764,23.011236,15.575906,103.412694,0.186138,144.002119,3.384982,0.125683,0.007305,0.03567,0.0,0.0,516.4651,278.263,730.38,682.65,-603.076154,-398.8,3290.816905,48.144998,62.98405,133.908165,24.969654
2024-01-08T19:00:00,2024-01-08T20:00:00,DK2,588.008583,144.752498,168.057918,13.942717,2.9013,107.8379,0.033419,51.41111,0.0,0.079451,0.012851,0.003366,0.0,1.16588,,4.40825,780.702016,,,392.7,2256.017259,39.358194,11.083984,100.19688,58.29201
2024-01-08T18:00:00,2024-01-08T19:00:00,DK1,1141.538913,543.552391,92.829275,23.259827,20.630605,118.729458,0.142539,157.786481,3.406861,0.14376,0.009899,0.047807,0.0,1.3e-05,416.4667,-52.807,1092.11,682.555,-270.223806,-534.4,3435.778723,57.595155,56.91735,139.606458,23.035509
2024-01-08T18:00:00,2024-01-08T19:00:00,DK2,588.735407,147.147935,198.80698,13.531182,2.6224,149.0347,0.059408,66.514884,0.0,0.127001,0.021216,0.004413,0.0,1.43827,,-107.34875,803.195992,,,525.6,2389.491038,41.639413,10.997008,107.3751,57.86205
2024-01-08T17:00:00,2024-01-08T18:00:00,DK1,1131.020931,525.340591,92.322511,23.77981,30.253363,173.641859,0.142568,183.818071,3.422922,0.188425,0.012191,0.129692,0.0,1.3e-05,160.7645,-419.088,1306.14,682.433,308.724687,-574.7,3628.347134,66.0183,57.9769,150.257679,11.126619
2024-01-08T17:00:00,2024-01-08T18:00:00,DK2,527.294776,146.164347,187.333385,12.760457,1.8826,200.4073,0.089255,79.639132,0.0,0.186998,0.022552,0.006213,0.0,1.21486,,-10.66075,814.151,,,564.8,2525.292125,43.225157,11.242,114.858046,56.30609
2024-01-08T16:00:00,2024-01-08T17:00:00,DK1,1130.206796,522.754157,91.25492,23.926986,40.940329,171.845475,0.16873,190.462531,3.40912,0.261254,0.016725,0.141915,0.0,1.4e-05,183.7665,-712.429,1617.21,682.528,391.668821,-578.0,3760.133273,79.612983,48.561,153.610844,12.632172
2024-01-08T16:00:00,2024-01-08T17:00:00,DK2,540.526989,146.026579,193.681845,12.806237,1.4383,174.0803,0.082329,75.252873,0.0,0.229082,0.040963,0.005778,0.0,1.48751,,-118.2015,972.795,,,568.2,2568.452285,43.719479,11.212,119.354661,57.20159
2024-01-08T15:00:00,2024-01-08T16:00:00,DK1,1098.514201,489.754508,91.615372,23.744076,46.563965,177.048407,0.201422,170.365516,3.46707,0.154996,0.010526,1.297581,0.39431,9e-06,128.9665,-731.43,1857.66,682.617,131.171523,-575.0,3597.116982,79.148261,38.9483,140.222601,42.7128
2024-01-08T15:00:00,2024-01-08T16:00:00,DK2,515.235611,146.079484,192.352366,12.081114,1.1513,167.8283,0.082346,70.773586,0.0,0.128436,0.014805,0.041406,0.0,1.55494,,-232.452,985.523992,,,565.5,2425.895686,42.609461,11.175008,108.570837,60.58452
2024-01-08T14:00:00,2024-01-08T15:00:00,DK1,1079.256666,486.566458,86.419353,25.536194,32.401974,173.069377,0.354295,151.293711,3.472925,3.575064,0.218624,57.066827,19.460051,7e-06,156.8663,-731.408,2467.37,682.581,-615.848724,-566.3,3511.952102,79.642185,58.6241,131.100199,43.555763
2024-01-08T14:00:00,2024-01-08T15:00:00,DK2,470.141564,146.49512,191.627656,13.117011,0.9911,192.6515,0.114282,73.748263,0.0,0.818563,0.070237,5.280554,3.681751,1.5818,,-326.799,986.045,,,556.7,2316.265401,42.207416,11.044,99.151413,60.38616
2024-01-08T13:00:00,2024-01-08T14:00:00,DK1,1047.849609,469.082087,86.416741,31.398086,27.304151,154.058929,0.60555,152.308431,3.450349,19.717665,1.329737,199.263097,50.790924,9e-06,178.1643,-731.421,1821.57,682.7,166.545442,-564.2,3796.934107,79.749209,62.59625,129.55592,127.572881
2024-01-08T13:00:00,2024-01-08T14:00:00,DK2,475.606832,142.067632,195.003092,15.819562,0.6693,283.7203,0.170124,90.947511,0.0,5.347266,0.442382,24.189466,10.102427,1.66304,,-457.98675,985.791,,,554.6,2328.153184,61.704687,11.276,98.347166,62.46431
2024-01-08T12:00:00,2024-01-08T13:00:00,DK1,1003.314029,460.226914,85.450023,36.234482,29.178461,149.79138,0.688647,164.818663,3.43486,35.700881,2.577115,331.957361,67.374939,1e-05,-303.0501,-731.543,2367.3,682.616,100.503838,-565.0,3921.574502,91.210688,68.2172,132.765469,148.167517
2024-01-08T12:00:00,2024-01-08T13:00:00,DK2,476.278429,138.221675,194.279533,17.102554,1.5958,389.5319,0.228959,110.955956,0.0,10.100112,0.829637,41.046069,13.614745,1.6325,,-584.304,986.006,,,555.6,2352.71987,48.415768,11.098,98.758904,59.18985
2024-01-08T11:00:00,2024-01-08T12:00:00,DK1,997.307692,482.097846,82.213561,38.127995,40.431219,187.918117,0.644827,191.851822,3.451872,40.325784,2.797688,355.254174,76.29306,2e-06,-595.6487,-731.519,2460.75,682.638,62.116436,-568.0,3809.052395,95.946475,68.3973,132.008405,60.265285
2024-01-08T11:00:00,2024-01-08T12:00:00,DK2,477.031827,140.681139,201.00568,18.473607,2.2603,397.9118,0.247029,117.566708,0.0,10.308085,0.869806,44.753533,13.10699,1.56129,,-582.805,976.05,,,558.4,2377.422794,48.197452,11.098,99.715464,57.0019
2024-01-08T10:00:00,2024-01-08T11:00:00,DK1,1047.018985,549.059809,92.283974,35.611397,40.959035,192.814755,0.430192,245.806653,3.458534,31.622488,1.98442,257.561385,59.294758,0.0,-558.6492,-731.503,2343.67,681.597,-1.052907,-565.6,3726.368277,90.519092,49.9953,136.161317,35.613608
2024-01-08T10:00:00,2024-01-08T11:00:00,DK2,554.632509,184.516394,223.108278,17.995596,1.8096,450.1603,0.267851,126.436417,0.0,7.63605,0.657088,38.869941,12.139838,1.36052,,-686.992,936.120992,,,556.0,2424.719374,48.785932,11.113008,103.092799,59.72473
2024-01-08T09:00:00,2024-01-08T10:00:00,DK1,1120.415339,558.947641,93.068199,31.669453,57.720349,246.891951,0.387562,292.281737,3.452146,15.603964,0.916536,156.722497,33.413189,0.0,-513.4506,-731.338,2295.93,646.379,-2.026358,-572.5,3734.484606,93.555267,49.9649,141.527497,23.603429
2024-01-08T09:00:00,2024-01-08T10:00:00,DK2,551.22856,194.762639,227.46387,16.846328,2.6137,464.0062,0.258616,132.912221,0.0,4.148556,0.309015,24.315951,8.925708,1.18029,,-622.15025,902.972008,,,562.9,2472.693412,47.593422,11.192992,106.774839,58.30388
2024-01-08T08:00:00,2024-01-08T09:00:00,DK1,1146.528641,509.395375,89.56463,27.793694,86.102648,395.008002,0.42916,400.428534,3.434562,2.539074,0.147551,46.530281,6.345699,4e-06,-894.949,-731.124,2521.1,682.638,21.646652,-573.2,3740.359507,105.44777,90.6572,145.199213,25.133295
2024-01-08T08:00:00,2024-01-08T09:00:00,DK2,734.67667,202.058457,225.943409,17.094471,3.5266,619.0489,0.383135,215.72849,0.0,0.904283,0.071811,6.83897,3.094736,1.29942,,-996.31475,873.231992,,,563.7,2471.286594,114.95126,11.131008,112.147574,52.14624
2024-01-08T07:00:00,2024-01-08T08:00:00,DK1,1025.746808,498.452653,89.624023,27.920399,117.769667,504.616839,0.651885,537.204787,3.441274,0.101833,0.003395,1.033016,0.056912,7e-06,-877.9491,-730.857,2273.25,682.697,223.982919,-574.0,3803.747317,102.318433,59.55615,146.919214,30.005184
2024-01-08T07:00:00,2024-01-08T08:00:00,DK2,661.257764,208.087803,127.316771,17.955505,6.3346,677.4642,0.43327,236.294839,0.0,0.090195,0.011683,0.198283,0.0,1.41353,,-921.8715,847.981992,,,564.4,2427.368935,74.34454,11.299008,111.045988,47.65935
2024-01-08T06:00:00,2024-01-08T07:00:00,DK1,983.491524,500.54538,89.652092,28.776921,118.074142,453.417082,0.712543,652.62449,3.452779,0.097123,0.013263,0.176426,0.0,8e-06,-563.8487,-718.426,1692.11,682.718,315.086745,-575.5,3663.173818,87.034962,89.4874,140.914899,35.440124
2024-01-08T06:00:00,2024-01-08T07:00:00,DK2,490.829891,153.197457,85.053348,16.608826,9.021,703.32,0.441249,219.327214,0.0,0.093169,0.011361,0.002936,0.0,1.2293,,-740.34175,828.341992,,,565.8,2332.935993,56.293195,11.177008,105.898304,57.83821
2024-01-08T05:00:00,2024-01-08T06:00:00,DK1,890.590738,443.214395,82.289875,28.84715,92.377982,426.919271,0.753144,689.76408,3.909638,0.096218,0.00618,0.148533,0.0,9e-06,-52.2342,-556.086,1277.09,669.266,-1.395543,-548.5,3447.05747,68.5781,76.3492,128.046173,128.055025
2024-01-08T05:00:00,2024-01-08T06:00:00,DK2,485.635895,121.732353,57.20693,17.698564,9.9408,738.3133,0.483096,231.07964,0.0,0.106623,0.015667,0.003947,0.0,1.07972,,-817.53475,705.681016,,,539.9,2091.342801,58.784349,11.113984,96.041858,58.97655
2024-01-08T04:00:00,2024-01-08T05:00:00,DK1,857.38756,363.942105,73.396541,18.73136,115.112331,445.773015,0.818257,658.247272,3.90413,0.066095,0.003959,0.119381,0.0,7e-06,-612.5474,-667.286,2006.59,397.953,-377.974441,-95.1,3189.137172,66.965353,69.55435,116.519635,164.001615
2024-01-08T04:00:00,2024-01-08T05:00:00,DK2,479.341111,120.037628,54.672914,17.704453,7.7252,772.7148,0.574156,278.570974,0.0,0.064982,0.008041,0.002849,0.0,0.81716,,-717.65175,762.807016,,,93.6,1870.989534,51.454414,10.949984,88.773841,59.34241
2024-01-08T03:00:00,2024-01-08T04:00:00,DK1,832.367232,360.691344,70.746406,16.707648,114.109319,466.35241,0.805305,689.699618,3.909792,0.055607,0.003134,0.1101,0.0,6e-06,-616.9473,-727.101,1877.56,675.065,-718.151093,55.6,3101.583528,65.373593,55.7102,116.356949,214.56097
2024-01-08T03:00:00,2024-01-08T04:00:00,DK2,484.998349,118.899646,53.689411,17.251401,8.041,781.7483,0.591011,261.921395,0.0,0.050051,0.007966,0.002707,0.0,0.52033,,-313.90875,438.479,,,-57.0,1795.291817,40.873737,16.318,86.993734,58.25032
2024-01-08T02:00:00,2024-01-08T03:00:00,DK1,833.790147,358.627872,69.272652,15.841285,107.85906,522.594708,0.948984,690.716686,3.914179,0.046641,0.002097,0.10159,0.0,6e-06,-445.3414,-730.275,1512.22,677.17,-720.606735,218.7,3115.582772,67.120492,53.5186,115.647023,188.712093
2024-01-08T02:00:00,2024-01-08T03:00:00,DK2,489.027784,119.642523,52.324072,16.03994,11.2602,790.8507,0.642124,272.584379,0.0,0.045673,0.006306,0.002659,0.0,0.15832,,-18.113,300.73,,,-221.5,1813.70168,71.588796,4.548,89.190329,55.24934
2024-01-08T01:00:00,2024-01-08T02:00:00,DK1,857.128522,361.367179,68.553793,15.414075,134.130012,624.555779,0.965155,689.833971,3.912764,0.049673,0.003736,0.08554,0.0,5e-06,-612.6384,-725.972,1208.44,664.906,-721.106559,561.4,3131.029245,73.931869,52.5426,116.880627,189.845526
2024-01-08T01:00:00,2024-01-08T02:00:00,DK2,489.212082,119.21393,50.532607,16.527905,15.4242,796.5527,0.667704,312.714249,0.0,0.043335,0.006217,0.002647,0.0,0.06938,,183.17925,419.06,,,-570.6,1832.606206,40.420437,7.009,91.356809,55.69177
2024-01-08T00:00:00,2024-01-08T01:00:00,DK1,824.102059,369.751673,69.175147,16.72526,153.43826,721.427843,1.25561,840.374413,3.918814,0.053184,0.010383,0.07554,0.0,0.0,-463.733,-689.822,1229.56,253.566,-754.064342,496.4,3072.214844,69.795006,72.9128,116.370139,143.715951
2024-01-08T00:00:00,2024-01-08T01:00:00,DK2,489.171105,119.770402,52.152472,16.810735,18.7335,797.4457,0.661311,326.084962,0.0,0.053398,0.006975,0.00282,0.0,0.27482,,352.172,201.702,,,-504.2,1870.8422,40.630815,6.012,93.803381,56.55234
2024-01-07T23:00:00,2024-01-08T00:00:00,DK1,819.188252,385.189953,73.202669,27.310273,143.797634,623.043501,1.472501,947.617323,3.909324,0.056025,0.006813,0.037107,0.0,1e-06,-204.4321,-317.058,148.54,673.63,-717.212775,486.7,3094.998501,53.266716,93.4767,115.799724,134.48404
2024-01-07T23:00:00,2024-01-08T00:00:00,DK2,490.392678,122.705038,53.540452,16.444597,16.5557,775.175,0.642608,299.746461,0.0,0.047234,0.007366,0.002706,0.0,0.7157,,528.98475,73.031,,,-494.5,1883.49129,43.528731,3.638,92.285669,62.72675
2024-01-07T22:00:00,2024-01-07T23:00:00,DK1,844.046665,439.231663,82.723848,27.513522,117.822353,549.861696,1.489829,964.73692,3.92101,0.057997,0.002889,0.046779,0.0,0.0,-14.7333,-299.578,-13.52,669.802,-530.748389,78.9,2921.577482,45.401842,71.5114,115.204736,52.232624
2024-01-07T22:00:00,2024-01-07T23:00:00,DK2,488.688243,138.838314,76.126142,15.848189,11.0764,757.4493,0.595825,275.679254,0.0,0.041113,0.008186,0.002686,0.0,0.90179,,1.5715,202.208,,,-81.2,1887.834942,48.688489,4.482,90.604993,62.48232
2024-01-07T21:00:00,2024-01-07T22:00:00,DK1,961.066466,452.993705,83.183196,28.120965,135.516559,661.092891,1.253156,871.744905,3.922433,0.06228,0.004309,0.083977,0.0,0.0,-215.1333,-337.512,449.31,682.593,-574.140183,-222.3,2981.862359,49.376453,48.8807,117.038668,48.232599
2024-01-07T21:00:00,2024-01-07T22:00:00,DK2,489.199752,136.986764,88.910838,16.580292,9.6799,722.1017,0.573256,269.19675,0.0,0.042434,0.008392,0.002707,0.0,0.8082,,-48.57275,69.541,,,219.0,1974.059235,38.801763,18.9275,94.158805,59.35078
2024-01-07T20:00:00,2024-01-07T21:00:00,DK1,1099.843698,494.826813,82.793718,27.306104,130.076003,650.675287,1.164941,900.085166,3.924399,0.068799,0.004815,0.10568,0.0,0.0,-22.2344,-479.995,657.02,676.428,-771.471499,-310.9,3139.722524,54.118058,42.022,123.262891,47.842168
2024-01-07T20:00:00,2024-01-07T21:00:00,DK2,507.002554,135.23981,183.470238,17.033106,13.2533,766.9742,0.550388,254.515142,0.0,0.045891,0.009085,0.003941,0.0,0.94017,,-709.2705,605.723,,,306.2,2081.690325,72.650364,16.9535,99.039705,59.16439
2024-01-07T19:00:00,2024-01-07T20:00:00,DK1,1066.464405,501.294673,85.31565,27.949487,124.728262,596.34125,1.136932,898.695565,3.925088,0.096628,0.003991,0.084028,0.0,0.0,-47.4349,-406.239,1235.34,388.995,-776.225161,-469.3,3231.171898,53.621756,53.50485,127.183647,57.389413
2024-01-07T19:00:00,2024-01-07T20:00:00,DK2,467.203774,136.680613,198.465678,16.203001,17.834,810.6323,0.578386,271.570247,0.0,0.060424,0.011306,0.002746,0.0,0.83161,,-965.015,757.344,,,462.0,2174.403085,83.81149,10.848,103.680835,59.09684
2024-01-07T18:00:00,2024-01-07T19:00:00,DK1,1079.706565,550.45586,96.051595,27.557914,117.061097,642.102452,1.141448,834.020545,3.929926,0.125716,0.010155,0.09979,0.0,4e-06,-642.2484,-558.665,1997.71,510.094,-800.070806,-490.0,3369.082861,70.099429,71.66165,132.253001,50.667583
2024-01-07T18:00:00,2024-01-07T19:00:00,DK2,648.887956,143.215466,200.911438,15.193856,17.499,819.282,0.596687,277.424059,0.0,0.095857,0.017345,0.003233,0.0,0.80563,,-755.708,427.873,,,482.4,2278.497527,49.837271,15.964,109.823482,59.19056
2024-01-07T17:00:00,2024-01-07T18:00:00,DK1,1219.86529,569.952333,103.015065,27.571368,106.60213,576.126012,1.109045,759.471978,3.933096,0.156216,0.015104,0.105046,0.0,6e-06,-459.2493,-564.301,2117.31,169.061,-793.595967,-334.6,3502.547422,63.159809,48.0075,142.007351,19.460588
2024-01-07T17:00:00,2024-01-07T18:00:00,DK2,670.050493,174.525636,207.304131,14.413302,15.1727,760.5234,0.566573,267.732891,0.0,0.146324,0.024174,0.004033,0.0,1.29469,,-454.92675,422.678,,,330.0,2409.509597,102.93258,6.524,116.761332,58.67487
2024-01-07T16:00:00,2024-01-07T17:00:00,DK1,1150.990478,529.88432,93.785044,26.156553,75.092872,507.438419,0.901446,641.791625,3.914925,0.187136,0.020221,0.08478,0.0,1.9e-05,-129.0496,-719.487,1524.43,672.31,-465.916586,-427.6,3484.934652,65.558696,61.388,145.923944,20.742301
2024-01-07T16:00:00,2024-01-07T17:00:00,DK2,614.976732,154.074618,202.43035,13.06522,12.3566,700.8592,0.451644,181.908629,0.0,0.186025,0.029278,0.008498,0.0,1.13824,,-123.4535,261.074,,,421.1,2440.205534,43.812781,6.472,117.250171,58.69489
2024-01-07T15:00:00,2024-01-07T16:00:00,DK1,1101.75249,488.997547,88.179196,27.078323,73.664843,474.802532,0.925033,477.287276,3.928787,0.112868,0.009732,0.514453,0.0,6e-06,-339.0494,-723.61,1653.75,681.433,-251.096683,-486.9,3271.780003,68.649357,55.1633,131.958649,51.664021
2024-01-07T15:00:00,2024-01-07T16:00:00,DK2,610.693006,141.969251,191.335423,14.437184,11.5039,692.01,0.413405,162.37947,0.0,0.076846,0.011322,0.015775,0.0,1.18042,,-495.5585,505.617,,,479.3,2315.384502,49.392162,18.496,109.176012,58.7268
2024-01-07T14:00:00,2024-01-07T15:00:00,DK1,1117.280888,483.415091,85.844615,29.507118,61.149483,378.714961,1.11675,409.379616,3.931398,1.097736,0.087828,34.132992,11.354874,6e-06,-183.3493,-680.94,1874.14,621.108,-610.788388,-386.3,3250.883667,63.564476,46.4884,124.745129,70.049693
2024-01-07T14:00:00,2024-01-07T15:00:00,DK2,602.015549,140.743453,116.730797,15.161168,10.7798,688.3767,0.431189,190.808732,0.0,0.15616,0.013605,2.991582,2.56292,1.32446,,35.987,22.854,,,380.8,2211.737115,38.025745,16.5425,103.881079,59.04265
2024-01-07T13:00:00,2024-01-07T14:00:00,DK1,1051.634732,471.22012,83.553195,31.771842,45.726266,307.089922,1.343258,388.083545,3.935817,8.05563,0.685899,146.989237,31.061369,1.1e-05,-18.7504,-710.483,2017.91,681.546,-796.896975,-477.4,3267.076467,70.122899,43.8941,121.37568,75.385205
2024-01-07T13:00:00,2024-01-07T14:00:00,DK2,590.550826,138.314627,99.61463,17.150805,7.9935,649.2844,0.483489,195.234725,0.0,0.828561,0.05092,16.015675,6.339748,0.84856,,-61.32775,75.133,,,470.1,2206.615716,43.156946,5.962,102.987915,58.66305
2024-01-07T12:00:00,2024-01-07T13:00:00,DK1,1039.585504,483.401362,82.884711,34.051297,32.371787,208.918798,1.108189,334.156936,3.935803,18.329124,1.68927,279.074452,55.240868,6e-06,-29.5505,-678.057,1926.36,680.489,-800.104929,-377.3,3296.584677,66.554077,39.31585,122.19666,76.75276
2024-01-07T12:00:00,2024-01-07T13:00:00,DK2,586.6026,139.784258,101.007224,17.027252,6.6722,465.1128,0.485136,177.391817,0.0,1.677786,0.106903,29.023451,9.401682,1.21341,,-50.23325,353.538,,,371.9,2210.711269,39.60829,6.492,102.698869,58.79758
2024-01-07T11:00:00,2024-01-07T12:00:00,DK1,1092.474092,470.831231,83.915305,34.854039,26.479495,168.30252,0.633781,314.739059,3.94095,22.557895,1.961886,298.50161,64.576111,4e-06,-113.2502,-689.11,2167.44,570.653,-769.414427,-449.5,3300.586348,73.156922,38.27975,123.460347,76.362148
2024-01-07T11:00:00,2024-01-07T12:00:00,DK2,593.225359,138.335682,131.747826,17.173429,7.5452,460.2937,0.443722,169.093022,0.0,2.360392,0.178113,38.246371,12.432087,1.22504,,-242.3665,443.834,,,442.9,2216.667443,34.72144,8.0205,103.832071,58.31209
2024-01-07T10:00:00,2024-01-07T11:00:00,DK1,1095.058983,483.089318,84.715994,33.914531,39.532537,264.279029,0.439528,338.561787,3.936049,20.200745,1.615735,292.479167,56.359612,0.0,-144.3497,-638.219,1927.63,415.679,-684.788925,-360.6,3229.53439,69.167342,28.44655,125.957009,65.880636
2024-01-07T10:00:00,2024-01-07T11:00:00,DK2,603.994579,139.273775,164.02309,16.617284,9.4411,418.8177,0.35693,137.075019,0.0,2.75636,0.209469,35.713253,12.419767,1.03901,,-264.95425,591.300024,,,355.5,2223.58311,35.487813,10.818976,105.169745,60.04018
2024-01-07T09:00:00,2024-01-07T10:00:00,DK1,919.940141,475.35437,84.888876,31.926157,47.369117,332.973445,0.378426,433.416801,3.924994,10.66162,0.853584,172.848799,35.26334,0.0,-128.5503,-691.05,1999.3,467.493,-603.372848,-305.4,3288.219521,67.026607,41.9918,129.771732,66.31749
2024-01-07T09:00:00,2024-01-07T10:00:00,DK2,605.770373,138.916462,193.730709,16.301095,11.0419,343.5054,0.273945,113.1017,0.0,1.76049,0.119916,26.217977,9.128953,1.08065,,-314.0025,764.504,,,301.2,2212.65107,53.115011,10.83,106.040239,56.83937
2024-01-07T08:00:00,2024-01-07T09:00:00,DK1,889.600802,442.851144,85.114573,26.574156,63.450103,315.288114,0.325527,464.568352,3.678536,1.933625,0.148146,48.787431,8.371902,0.0,-369.9494,-728.887,2327.88,586.858,-417.534091,-455.6,3293.459921,78.7244,59.8321,129.923114,77.49548
2024-01-07T08:00:00,2024-01-07T09:00:00,DK2,608.259019,140.988018,195.807624,16.073781,11.5514,280.8101,0.299207,114.673669,0.0,0.489138,0.027815,9.454352,3.585804,0.83165,,-494.0045,815.964008,,,448.4,2153.211085,39.460346,10.940992,104.431182,57.66811
2024-01-07T07:00:00,2024-01-07T08:00:00,DK1,885.450028,394.985442,85.247683,15.68424,56.779922,318.107464,0.331803,477.543025,3.529422,0.117527,0.003428,1.043565,0.058226,4e-06,-338.4385,-731.132,2499.98,180.479,-152.958435,-516.3,3180.511844,80.151328,37.24055,125.506701,78.560712
2024-01-07T07:00:00,2024-01-07T08:00:00,DK2,611.990312,135.914646,190.353593,15.636753,6.5241,277.3202,0.266576,109.160721,0.0,0.079365,0.008155,0.313446,0.0,0.93175,,-707.82875,908.640008,,,508.1,2057.410875,46.881051,11.010992,95.005252,57.61126
2024-01-07T06:00:00,2024-01-07T07:00:00,DK1,825.308538,393.334355,81.477741,24.781012,47.256681,314.65091,0.30418,466.638513,3.535387,0.088118,0.006181,0.035572,0.0,5e-06,-282.9328,-731.14,2234.34,639.815,-416.611634,-535.1,3065.787759,75.373436,41.1854,118.302707,101.263503
2024-01-07T06:00:00,2024-01-07T07:00:00,DK2,613.803869,125.358922,145.090662,16.026772,6.6667,299.0333,0.237264,104.076023,0.0,0.090107,0.009199,0.003923,0.0,0.46566,,-866.27925,964.678024,,,526.3,1935.561175,50.308608,10.870976,88.054805,57.58881
2024-01-07T05:00:00,2024-01-07T06:00:00,DK1,851.131993,358.026776,71.211838,19.55543,45.418164,277.405059,0.39038,508.646241,3.534779,0.082011,0.006697,0.03983,0.0,6e-06,-305.933,-731.068,2255.82,624.852,-507.7091,-534.1,2937.311104,75.432518,45.32865,112.731415,109.979563
2024-01-07T05:00:00,2024-01-07T06:00:00,DK2,576.816504,119.735449,69.594142,16.116034,4.66,304.0715,0.245359,117.219849,0.0,0.089812,0.010885,0.002915,0.0,0.4222,,-845.6465,949.810008,,,525.7,1838.848157,49.640601,11.188992,83.870272,51.62765
2024-01-07T04:00:00,2024-01-07T05:00:00,DK1,807.955256,363.260143,68.925956,24.665836,50.037558,254.530719,0.433681,513.135853,3.536489,0.06334,0.005659,0.05053,0.0,4e-06,-161.1328,-731.207,2251.04,590.407,-772.516633,-328.1,2935.091591,65.842281,42.49825,114.262524,129.750073
2024-01-07T04:00:00,2024-01-07T05:00:00,DK2,568.113353,119.264695,64.849703,15.1431,3.4093,402.3205,0.231721,128.854987,0.0,0.060675,0.008242,0.002894,0.0,0.17054,,-732.55825,928.268008,,,323.5,1821.639468,49.268761,10.966992,84.771532,52.21586
2024-01-07T03:00:00,2024-01-07T04:00:00,DK1,803.643175,358.012681,68.224363,25.359512,46.93655,278.261916,0.501633,485.490501,3.539643,0.054591,0.002405,0.078251,0.0,2e-06,-75.2335,-725.803,2186.36,676.094,-668.427771,-532.7,2930.394952,76.295102,41.1268,113.367156,102.41032
2024-01-07T03:00:00,2024-01-07T04:00:00,DK2,590.628721,118.598219,62.428039,15.277759,3.4458,508.059,0.271676,152.413681,0.0,0.041855,0.005856,0.002726,0.0,0.26502,,-1023.977,904.742,,,523.9,1856.103352,58.893588,10.866,86.414499,58.64378
2024-01-07T02:00:00,2024-01-07T03:00:00,DK1,822.143063,357.516368,69.302206,25.471253,54.064463,297.684367,0.500873,480.736582,3.561669,0.053456,0.001342,0.207043,0.0,5e-06,-112.6337,-658.681,2299.99,467.516,-681.43773,-493.6,2932.39626,70.362755,37.1965,116.292545,102.502574
2024-01-07T02:00:00,2024-01-07T03:00:00,DK2,601.89485,119.679372,62.946264,15.489061,4.6829,592.9737,0.308348,167.373036,0.0,0.041278,0.005087,0.002667,0.0,0.39455,,-1031.67525,876.742992,,,486.2,1897.058855,58.715785,11.085008,89.152662,57.88088
2024-01-07T01:00:00,2024-01-07T02:00:00,DK1,853.185124,366.732145,70.049406,25.497821,59.365982,319.126515,0.607013,532.975843,3.542461,0.051042,0.003864,0.25251,0.0,4e-06,-314.534,-700.787,2313.54,485.516,-726.057296,-379.1,2909.967434,71.067215,44.9102,115.885539,102.314688
2024-01-07T01:00:00,2024-01-07T02:00:00,DK2,614.018209,119.572916,63.016646,16.207126,5.0475,611.0,0.325741,192.063836,0.0,0.03725,0.006163,0.002717,0.0,0.53128,,-860.70825,784.0,,,373.7,1918.821134,53.771735,10.842,90.628858,58.18096
2024-01-07T00:00:00,2024-01-07T01:00:00,DK1,818.089155,370.113493,70.669174,25.136192,72.019998,340.608171,0.785588,619.138011,3.657664,0.056112,0.010057,0.234901,0.0,0.0,-478.1342,-590.847,2162.57,511.812,-566.144598,-439.3,2920.474718,70.119835,62.9021,115.978002,84.381197
2024-01-07T00:00:00,2024-01-07T01:00:00,DK2,622.02636,119.527476,75.308005,16.81206,4.1802,628.4795,0.343528,196.549694,0.0,0.04645,0.00619,0.00272,0.0,0.61567,,-798.95175,637.414008,,,432.8,1935.160111,50.43739,10.806992,90.503377,59.22373
2024-01-06T23:00:00,2024-01-07T00:00:00,DK1,798.504492,373.595394,72.128503,26.419204,87.704928,356.11274,1.061952,683.031789,3.295794,0.065149,0.007466,0.217673,0.0,0.0,-878.333,-313.813,2484.18,66.786,-640.064508,-253.3,2867.600576,64.658906,67.05245,116.17029,81.007973
2024-01-06T23:00:00,2024-01-07T00:00:00,DK2,619.076321,122.426372,115.51794,17.41761,5.1369,709.0569,0.331675,186.431249,0.0,0.049705,0.006196,0.002909,0.0,0.62348,,-867.957,799.323,,,249.7,1957.143257,56.629843,11.038,90.189858,56.7819
2024-01-06T22:00:00,2024-01-06T23:00:00,DK1,838.090259,394.045764,79.766562,27.495709,95.721129,405.405856,1.483826,752.991948,3.049672,0.079993,0.006801,0.219424,0.0,1e-06,-1231.7766,-587.406,2247.08,584.849,-248.230521,-503.8,2859.072823,77.420176,84.35955,115.718582,35.556203
2024-01-06T22:00:00,2024-01-06T23:00:00,DK2,536.064545,134.903339,184.723111,17.357031,5.6991,764.5871,0.347451,190.694704,0.0,0.048769,0.007077,0.002756,0.0,0.89561,,-1201.251,840.616984,,,495.6,1970.296577,67.96098,10.960016,89.638574,52.6735
2024-01-06T21:00:00,2024-01-06T22:00:00,DK1,1009.363583,408.144502,82.009469,28.991541,105.880693,438.606419,1.847647,799.435744,3.871329,0.089712,0.004617,0.227325,0.0,0.0,-1459.5115,-621.693,2401.18,647.617,-474.270152,-545.9,2825.894929,84.367858,78.85575,119.078403,48.045804
2024-01-06T21:00:00,2024-01-06T22:00:00,DK2,526.531012,134.824027,193.968777,17.340856,6.7888,764.5887,0.387656,200.666186,0.0,0.045301,0.007714,0.002717,0.0,0.82075,,-1212.918258,860.985,,,536.6,2030.639238,67.827625,10.896,92.332006,53.1688
2024-01-06T20:00:00,2024-01-06T21:00:00,DK1,998.082945,444.940812,80.815215,29.584067,121.690337,519.209128,1.774609,809.897936,3.924535,0.106192,0.005123,0.277505,0.0,0.0,-1050.5061,-691.737,2223.6,355.625,-430.80787,-468.4,2948.082434,77.000564,62.50925,121.844612,48.081671
2024-01-06T20:00:00,2024-01-06T21:00:00,DK2,511.164492,136.359298,191.962988,18.15727,8.0102,732.566,0.459796,220.080201,0.0,0.05262,0.007761,0.003806,0.0,0.79883,,-1014.4865,842.801,,,461.3,2109.237762,79.427861,11.18,97.02263,58.18066
2024-01-06T19:00:00,2024-01-06T20:00:00,DK1,1110.491942,489.457568,86.995706,29.108399,118.978337,549.098014,1.751449,814.638203,3.951378,0.113805,0.006964,0.251122,0.0,0.0,-814.8309,-570.197,2209.45,-88.805,-618.302101,-340.9,2981.257886,67.334376,41.6601,124.792094,31.687956
2024-01-06T19:00:00,2024-01-06T20:00:00,DK2,586.322657,137.991053,158.306825,17.812439,11.5523,728.2779,0.50964,243.134407,0.0,0.06343,0.009417,0.002796,0.0,0.91645,,-872.33575,835.739992,,,336.0,2184.303556,61.543465,10.951008,99.629641,58.14774
2024-01-06T18:00:00,2024-01-06T19:00:00,DK1,1149.782683,521.281729,87.008282,30.7632,138.430543,611.032455,1.780056,826.422252,3.951108,0.139132,0.007976,0.20655,0.0,9e-06,-642.5314,-528.337,2142.32,28.266,-746.161663,-536.4,3087.961912,72.055303,34.663,130.740494,12.482311
2024-01-06T18:00:00,2024-01-06T19:00:00,DK2,593.479361,143.005261,154.328458,16.844309,10.7027,724.3626,0.534205,290.444184,0.0,0.096861,0.014999,0.003705,0.0,0.93556,,-903.60425,736.021008,,,527.2,2294.368961,60.585513,11.062992,107.435241,58.80145
2024-01-06T17:00:00,2024-01-06T18:00:00,DK1,1117.961362,528.119385,91.620953,30.375895,126.962244,599.033873,1.975365,849.79374,3.968307,0.177458,0.012728,0.24425,0.0,1.6e-05,-501.9314,-716.656,2462.97,81.489,-796.857647,-597.8,3281.459529,80.256347,50.7181,142.153415,15.625354
2024-01-06T17:00:00,2024-01-06T18:00:00,DK2,610.38314,148.564553,163.495676,17.181848,10.7126,743.9523,0.534173,287.503421,0.0,0.15614,0.019705,0.005467,0.0,1.21054,,-990.79325,847.326024,,,587.5,2427.752337,66.861299,10.926976,115.482211,58.9602
2024-01-06T16:00:00,2024-01-06T17:00:00,DK1,1087.937067,524.701489,91.208166,30.314548,138.325026,606.135131,2.373522,857.640955,3.976173,0.195533,0.014887,0.324777,0.0,1e-05,-222.2311,-731.066,2023.82,188.568,-665.006505,-601.3,3335.931679,75.995113,36.59405,142.620801,15.749394
2024-01-06T16:00:00,2024-01-06T17:00:00,DK2,610.808057,158.140682,178.502727,17.591298,8.6757,759.5656,0.503517,309.516965,0.0,0.193127,0.028903,0.005876,0.0,1.06852,,-1036.91175,847.649984,,,590.7,2446.039206,69.062788,11.006016,117.489788,58.9726
2024-01-06T15:00:00,2024-01-06T16:00:00,DK1,1067.443116,515.447454,85.426247,30.948278,141.083462,577.175452,2.742541,872.249864,3.912095,0.116611,0.013895,1.650337,0.089042,7e-06,-248.132,-731.201,813.0,644.459,-60.448868,-601.2,3114.775533,69.440502,58.62475,128.846828,16.950427
2024-01-06T15:00:00,2024-01-06T16:00:00,DK2,613.023515,158.816575,139.145243,18.861905,9.4115,746.0007,0.523347,297.202017,0.0,0.08386,0.011924,0.003546,0.0,1.36141,,-1079.93675,846.363016,,,590.8,2341.671808,69.037425,11.067984,109.387047,59.38348
2024-01-06T14:00:00,2024-01-06T15:00:00,DK1,1090.160688,482.292506,83.234597,32.617937,175.922119,609.132773,3.273312,872.455371,3.979273,0.711182,0.067318,30.142909,11.626176,3e-06,-659.8325,-731.223,953.63,585.487,82.029027,-601.2,3024.506691,71.869361,73.331,123.212431,31.973254
2024-01-06T14:00:00,2024-01-06T15:00:00,DK2,587.593421,160.192241,134.749284,18.490908,10.4837,764.626,0.527728,294.163503,0.0,0.079507,0.009117,0.938597,1.928067,1.68549,,-1159.174,838.409992,,,590.7,2245.403555,69.89671,11.245008,103.181675,60.04945
2024-01-06T13:00:00,2024-01-06T14:00:00,DK1,1078.93092,463.880743,84.351087,33.464029,177.289688,596.985161,3.766952,860.009218,3.962189,8.077006,0.652546,140.893216,44.863194,7e-06,-805.7124,-730.911,1435.88,264.475,-33.183232,-601.1,3026.574323,74.452881,52.3701,120.651204,35.364803
2024-01-06T13:00:00,2024-01-06T14:00:00,DK2,572.099512,157.23648,136.204125,19.17324,10.064,772.5788,0.539611,299.814672,0.0,0.64792,0.056941,6.097045,4.438573,1.63769,,-1168.4615,831.379992,,,590.8,2234.307101,69.919526,11.081008,102.003888,60.21146
2024-01-06T12:00:00,2024-01-06T13:00:00,DK1,1056.708307,480.758177,88.595179,35.129276,178.462659,648.579563,3.809747,852.498988,3.958365,17.214683,1.550489,239.820663,60.858128,7e-06,-831.1989,-731.32,1033.46,590.811,-145.906974,-564.9,3018.889358,70.053822,56.1593,120.144151,17.039095
2024-01-06T12:00:00,2024-01-06T13:00:00,DK2,599.741777,157.074153,162.960302,19.657428,9.5336,771.5897,0.592479,310.782992,0.0,1.523057,0.15331,12.858429,6.5908,1.25153,,-1177.11625,808.078976,,,555.5,2240.772283,68.405311,11.025024,102.853397,59.99622
2024-01-06T11:00:00,2024-01-06T12:00:00,DK1,1126.686099,485.539845,89.565848,38.294706,152.463421,697.363455,3.956804,894.129935,3.961209,19.03744,1.758824,251.503671,57.285995,2e-06,-1112.0195,-729.473,1380.14,290.887,-55.098117,-512.1,3083.883637,72.898021,62.54915,121.703235,16.931994
2024-01-06T11:00:00,2024-01-06T12:00:00,DK2,610.04288,156.782568,201.38097,19.736906,6.5791,774.8036,0.621413,328.452985,0.0,1.611415,0.1961,15.403541,7.313941,1.32749,,-1141.81325,762.025008,,,504.1,2248.564667,67.397973,10.992992,104.279175,51.74277
2024-01-06T10:00:00,2024-01-06T11:00:00,DK1,1133.584811,491.285535,86.804581,37.319361,167.346627,682.83152,4.121269,1002.794491,3.991259,13.435818,1.267182,196.446653,43.08913,0.0,-1346.8123,-708.82,1191.78,496.958,-135.208075,-256.2,3106.015862,66.126377,69.9747,125.450593,19.854482
2024-01-06T10:00:00,2024-01-06T11:00:00,DK2,615.660062,159.301909,203.123521,19.121999,5.4025,788.1732,0.64117,339.190642,0.0,0.942977,0.109486,12.694508,5.974943,1.06359,,-883.00075,738.24,,,252.7,2259.339757,62.519765,10.854,105.286605,60.15114
2024-01-06T09:00:00,2024-01-06T10:00:00,DK1,1058.131332,470.755971,84.780034,34.97896,182.141874,732.689752,4.086079,1110.683372,4.002918,5.48994,0.483158,104.153381,19.576828,0.0,-1535.4268,-729.045,1718.07,355.368,-157.316471,-309.7,3153.903327,79.407724,68.88845,128.716548,31.189402
2024-01-06T09:00:00,2024-01-06T10:00:00,DK2,607.576752,156.86497,198.787635,19.847911,5.1059,807.9478,0.68123,367.26361,0.0,0.513307,0.053653,7.866613,4.043728,1.27354,,-1014.4265,771.460024,,,305.2,2240.060173,66.289106,10.980976,105.068364,59.98146
2024-01-06T08:00:00,2024-01-06T09:00:00,DK1,1086.297456,454.412528,85.498741,32.765049,180.929659,773.513016,3.968294,1198.357975,3.966461,0.593338,0.057483,26.538664,1.785438,4e-06,-1263.3876,-730.295,1318.79,532.019,-43.695183,-573.8,3088.315323,82.738474,78.3924,128.306517,40.686958
2024-01-06T08:00:00,2024-01-06T09:00:00,DK2,574.074385,151.25126,162.232261,19.819191,3.6405,820.0424,0.696256,369.241313,0.0,0.228301,0.025478,2.743848,1.830202,1.15529,,-1253.83,748.530992,,,563.9,2165.581677,71.24588,11.167008,101.869556,60.18114
2024-01-06T07:00:00,2024-01-06T08:00:00,DK1,1060.523403,438.785071,85.299222,34.224011,178.285158,753.486838,4.112714,1209.969651,3.9454,0.115252,0.016743,0.824556,0.0,7e-06,-944.3388,-726.726,1473.94,79.819,-98.058278,-577.7,2976.523948,77.519401,58.0457,124.634541,42.217165
2024-01-06T07:00:00,2024-01-06T08:00:00,DK2,608.052042,145.303328,76.506245,19.854905,7.7464,832.6489,0.711919,362.464986,0.0,0.092891,0.009748,0.08149,0.0,1.1547,,-1327.759484,757.288,,,567.8,2051.95607,72.748511,11.15,94.469349,60.41891
2024-01-06T06:00:00,2024-01-06T07:00:00,DK1,960.5975,427.043835,83.631856,34.117628,189.998441,753.115361,4.890632,1228.998179,3.944122,0.100783,0.012059,0.395432,0.0,1.1e-05,-1206.3706,-730.699,2199.07,56.596,-580.543282,-598.0,2826.898957,86.505576,61.26255,117.635649,52.247745
2024-01-06T06:00:00,2024-01-06T07:00:00,DK2,615.381129,144.247222,64.135517,20.091209,13.1911,834.2541,0.739559,333.779853,0.0,0.105233,0.010467,0.003937,0.0,0.81961,,-1447.507766,756.990992,,,587.7,1923.942162,73.273515,11.017008,86.826813,60.57901
2024-01-06T05:00:00,2024-01-06T06:00:00,DK1,802.000753,372.878648,75.270955,33.868903,194.935227,724.265897,5.458464,1356.197315,3.948699,0.089677,0.011693,0.32761,0.0,7e-06,-1518.6127,-729.413,2218.6,485.324,-652.265746,-567.4,2805.486402,87.91212,77.112,113.632947,67.519454
2024-01-06T05:00:00,2024-01-06T06:00:00,DK2,615.175512,133.413347,113.146219,20.265675,15.218,834.418,0.777242,345.299863,0.0,0.114388,0.012369,0.002893,0.0,0.40811,,-1571.505968,756.081984,,,558.2,1821.027634,75.138504,10.942016,82.825449,60.89939
2024-01-06T04:00:00,2024-01-06T05:00:00,DK1,803.173213,352.806356,74.280971,33.25399,198.240251,760.588262,5.40637,1363.499196,3.956289,0.069467,0.010598,0.3595,0.0,7e-06,-1525.0458,-709.872,2118.32,508.454,-797.509468,-421.6,2768.391202,85.240618,72.5318,112.551386,90.381579
2024-01-06T04:00:00,2024-01-06T05:00:00,DK2,620.450085,132.355029,126.279001,18.115271,19.625,828.8059,0.796528,348.48923,0.0,0.07424,0.006721,0.002868,0.0,0.27999,,-1487.550234,754.072,,,415.6,1777.401629,70.632618,11.034,82.430582,61.14858
2024-01-06T03:00:00,2024-01-06T04:00:00,DK1,813.205638,348.256681,72.503514,32.881502,196.280943,777.237321,5.023767,1327.619581,3.956851,0.061527,0.006408,0.38599,0.0,5e-06,-1524.0118,-692.597,2160.92,489.729,-800.47865,-338.2,2872.781278,83.379513,72.5188,114.051903,114.509588
2024-01-06T03:00:00,2024-01-06T04:00:00,DK2,610.698992,131.764417,125.00314,17.224706,20.0384,830.0367,0.84583,375.568272,0.0,0.05437,0.00802,0.002696,0.0,0.33593,,-1397.2055,753.802984,,,333.5,1801.678957,70.677881,10.886016,84.126156,61.19757
2024-01-06T02:00:00,2024-01-06T03:00:00,DK1,835.93698,347.996018,71.043478,33.732602,194.608545,798.653883,4.70432,1359.407279,3.962505,0.052914,0.006849,0.3912,0.0,6e-06,-1551.3903,-583.67,2092.91,455.116,-799.516162,-428.9,2835.046117,85.777164,69.95475,117.65543,95.860932
2024-01-06T02:00:00,2024-01-06T03:00:00,DK2,513.432458,132.418911,123.377467,15.729601,21.775,830.2277,0.845409,393.249163,0.0,0.062954,0.005621,0.002676,0.0,0.22845,,-1312.887008,724.975992,,,422.6,1866.044394,69.65147,11.091008,88.85636,61.28474
2024-01-06T01:00:00,2024-01-06T02:00:00,DK1,849.409864,358.675701,69.875526,31.996324,197.419685,842.291234,4.645574,1364.350284,3.969674,0.054401,0.009686,0.4122,0.0,2e-06,-1305.1443,-535.949,2048.86,126.434,-800.460372,-345.9,2910.950483,77.43001,52.1718,118.077777,135.222943
2024-01-06T01:00:00,2024-01-06T02:00:00,DK2,628.581625,132.568848,148.038025,16.793119,20.6469,831.9387,0.803116,369.573751,0.0,0.060768,0.005837,0.002646,0.0,0.53291,,-1297.67375,732.506,,,340.9,1925.278495,68.835155,10.974,91.535473,61.3463
2024-01-06T00:00:00,2024-01-06T01:00:00,DK1,851.416736,369.495015,72.308583,32.446803,193.527404,861.592851,4.645901,1395.628537,3.9691,0.056432,0.014235,0.381087,0.0,0.0,-1418.8207,-431.727,1893.43,197.475,-800.506054,-408.1,2817.23393,78.803736,58.82765,119.558364,73.621373
2024-01-06T00:00:00,2024-01-06T01:00:00,DK2,621.708733,132.87677,142.375962,17.896054,21.3812,833.5871,0.714115,354.915652,0.0,0.059373,0.005439,0.002723,0.0,0.66802,,-1334.667516,753.556992,,,402.4,1947.480617,76.733636,11.121008,92.389244,61.36468
2024-01-05T23:00:00,2024-01-06T00:00:00,DK1,897.694017,374.722801,71.410459,32.64654,207.657124,885.405751,4.991591,1498.679308,3.971367,0.064854,0.011337,0.378722,0.0,0.0,-1086.7738,-477.181,1508.97,-252.551,-787.049325,-104.3,2778.748746,68.202479,64.8788,121.819379,53.279576
2024-01-05T23:00:00,2024-01-06T00:00:00,DK2,624.507176,135.336039,144.375746,18.505417,18.6531,833.3932,0.659417,352.232823,0.0,0.060092,0.007794,0.00278,0.0,0.78009,,-1017.093,747.161008,,,101.9,1960.481682,85.008533,11.032992,92.800001,58.54567
2024-01-05T22:00:00,2024-01-05T23:00:00,DK1,823.006872,423.364296,73.039477,33.614237,219.868967,838.540881,5.42308,1566.806825,4.263246,0.075524,0.008708,0.338053,0.0,0.0,-704.2408,-343.661,795.72,-220.291,-177.957237,-322.5,3015.420129,62.821721,42.3651,123.324304,83.280515
2024-01-05T22:00:00,2024-01-05T23:00:00,DK2,618.108873,148.053843,155.25228,18.216613,16.2547,830.6038,0.649428,341.521334,0.0,0.048797,0.008105,0.002716,0.0,1.23399,,-1068.1855,552.107,,,317.7,1931.575979,60.318528,10.13,91.189707,31.89872
2024-01-05T21:00:00,2024-01-05T22:00:00,DK1,903.345924,436.779396,73.43845,34.258969,212.605649,851.775158,5.479526,1599.722555,4.27823,0.072314,0.006899,0.410202,0.0,0.0,-536.8407,-506.942,826.55,-86.955,-356.071836,-334.0,3127.913736,62.138093,53.43025,126.703748,120.664919
2024-01-05T21:00:00,2024-01-05T22:00:00,DK2,596.376438,150.310775,185.594906,16.674218,14.3243,826.722,0.641598,339.369141,0.0,0.05613,0.007341,0.002856,0.0,1.23321,,-1139.92025,671.311,,,329.5,1992.203663,78.799056,11.008,95.157461,5.81058
2024-01-05T20:00:00,2024-01-05T21:00:00,DK1,963.252452,441.301006,75.721488,35.008504,209.142943,825.466257,5.843213,1626.253562,4.286105,0.079574,0.007055,0.418013,0.0,0.0,-118.9435,-689.377,1112.97,-675.914,-350.365979,-221.4,3243.749693,61.908721,65.26035,132.154651,108.675619
2024-01-05T20:00:00,2024-01-05T21:00:00,DK2,611.535563,149.980626,196.918256,18.106792,13.6851,824.9463,0.662849,339.169239,0.0,0.057397,0.007563,0.004379,0.0,1.38248,,-1036.89375,756.725,,,218.1,2094.387794,63.71721,10.93,99.841701,4.74663
2024-01-05T19:00:00,2024-01-05T20:00:00,DK1,1022.791536,488.248304,80.129678,35.226283,208.73329,919.170262,6.020974,1640.498584,4.297269,0.104021,0.021244,0.422878,0.0,1e-06,113.6559,-713.932,807.73,-80.163,-769.941648,-433.4,3329.613576,69.23602,35.428,137.39901,107.643254
2024-01-05T19:00:00,2024-01-05T20:00:00,DK2,674.972085,165.177802,210.794172,18.133398,15.6109,822.9748,0.623647,341.08945,0.0,0.072424,0.010656,0.002956,0.0,1.28798,,-1276.195742,784.145008,,,426.6,2185.299536,70.975746,11.112992,102.745187,4.58921
2024-01-05T18:00:00,2024-01-05T19:00:00,DK1,1060.308392,504.874508,80.83759,35.333204,215.456828,924.222366,6.187587,1730.026928,4.296524,0.124215,0.022889,0.448272,0.0,1e-05,354.7554,-730.808,802.64,-304.741,-613.424166,-555.4,3515.161547,75.814645,38.0701,145.464023,112.25091
2024-01-05T18:00:00,2024-01-05T19:00:00,DK2,694.645732,169.979582,210.140638,18.083116,16.3286,818.2756,0.593068,326.420731,0.0,0.093023,0.021847,0.003441,0.0,1.45792,,-1295.392008,808.529024,,,546.2,2315.380314,73.527213,10.954976,109.448566,4.56098
2024-01-05T17:00:00,2024-01-05T18:00:00,DK1,1170.658177,503.84092,82.724365,35.591595,213.309756,894.602751,6.68896,1831.125725,4.283293,0.17012,0.030707,0.371615,0.0,1.3e-05,480.9552,-731.561,893.27,-596.758,-571.604357,-560.0,3657.69984,79.015913,42.0214,157.984062,107.354285
2024-01-05T17:00:00,2024-01-05T18:00:00,DK2,766.033379,171.459135,214.581887,17.323149,12.1374,791.1043,0.54809,314.309575,0.0,0.138726,0.02511,0.003378,0.0,1.78998,,-1210.973508,816.947976,,,550.7,2446.128577,71.954898,11.127024,116.754459,3.85506
2024-01-05T16:00:00,2024-01-05T17:00:00,DK1,1103.243316,495.887498,81.268746,35.767003,217.609739,876.598154,7.520088,1928.94143,4.286635,0.185353,0.034235,0.395239,0.0,1e-05,357.7556,-731.617,1144.25,-675.873,-561.450351,-518.5,3766.302695,78.701635,57.391,164.200149,56.69043
2024-01-05T16:00:00,2024-01-05T17:00:00,DK2,763.937345,171.582686,238.589588,17.434128,7.2701,729.882,0.536042,316.169843,0.0,0.205093,0.061202,0.007554,0.0,2.0862,,-1111.478,831.394,,,510.1,2477.777781,68.152361,11.094,117.184691,3.82106
2024-01-05T15:00:00,2024-01-05T16:00:00,DK1,1062.984125,501.286113,79.173805,35.778728,221.80624,886.388162,8.208975,2008.907632,4.287187,0.121264,0.023116,0.590981,0.0,8e-06,-14.0448,-731.653,597.65,-605.036,-89.334481,-562.3,3404.838055,78.808991,62.4595,153.73363,25.693677
2024-01-05T15:00:00,2024-01-05T16:00:00,DK2,758.470007,171.279858,230.255114,17.234336,5.56,682.2774,0.53386,312.800704,0.0,0.123228,0.013919,0.003367,0.0,1.43171,,-1182.68975,846.005,,,553.1,2396.398753,68.76395,11.044,110.586909,3.8359
2024-01-05T14:00:00,2024-01-05T15:00:00,DK1,934.975805,488.548804,80.126287,36.369211,224.632695,857.773233,8.579958,2040.263368,4.276828,0.203105,0.028692,28.542754,5.265082,8e-06,13.7553,-731.68,456.93,-547.776,-25.564613,-542.6,3332.650517,78.943458,86.7939,147.949247,26.020917
2024-01-05T14:00:00,2024-01-05T15:00:00,DK2,772.315104,169.46168,204.925598,17.064026,5.8504,655.6591,0.520813,291.283666,0.0,0.112827,0.012639,1.905646,2.08402,1.94843,,-1218.95725,868.705008,,,533.7,2306.591707,67.267641,11.026992,104.333549,3.37551
2024-01-05T13:00:00,2024-01-05T14:00:00,DK1,855.634663,467.297972,89.074856,36.236878,216.79114,851.407427,8.80371,2014.968266,4.275932,1.189444,0.11356,86.090716,12.882319,6e-06,-1.3444,-731.675,905.65,-667.215,-212.703033,-543.5,3393.979456,79.088358,50.7272,145.242056,25.674361
2024-01-05T13:00:00,2024-01-05T14:00:00,DK2,754.950793,168.556219,199.726553,17.292018,3.948,588.8168,0.476463,245.819899,0.0,0.412796,0.032523,8.328939,3.08821,2.2701,,-1095.153,894.406008,,,534.6,2327.572321,68.282287,11.068992,103.098424,4.31548
2024-01-05T12:00:00,2024-01-05T13:00:00,DK1,829.600506,447.819555,90.642147,38.626773,216.652031,838.982104,8.906831,1982.889727,4.221877,3.098844,0.245545,124.648794,21.099121,9e-06,188.9563,-731.592,1154.04,-701.697,-494.623562,-543.5,3479.017601,79.620517,50.5808,147.079322,25.783709
2024-01-05T12:00:00,2024-01-05T13:00:00,DK2,762.199745,165.143146,197.806855,18.21601,2.8468,511.1325,0.441451,238.188115,0.0,1.342841,0.103223,16.209362,7.839354,2.32916,,-1006.618,916.395016,,,534.6,2368.175578,59.81347,10.981984,104.230329,16.06854
2024-01-05T11:00:00,2024-01-05T12:00:00,DK1,863.195619,429.04637,89.570057,39.481162,212.928022,822.986749,8.818603,1943.821715,4.260391,4.161181,0.333474,145.336658,22.584394,3e-06,110.0568,-731.674,1328.63,-702.343,-499.791983,-529.1,3562.302215,83.014388,61.6544,149.353452,34.315677
2024-01-05T11:00:00,2024-01-05T12:00:00,DK2,755.816976,160.989778,211.409595,18.493886,4.1732,480.663,0.355666,215.418216,0.0,1.899437,0.158264,23.096306,9.777647,1.91199,,-962.0065,954.849,,,520.8,2397.806461,61.92553,10.992,104.10958,19.23736
2024-01-05T10:00:00,2024-01-05T11:00:00,DK1,818.753941,531.692432,99.71231,38.677901,211.496678,795.46274,8.661659,1932.379486,4.172895,3.479324,0.30496,153.907551,19.235136,0.0,555.5573,-731.664,795.37,-701.349,-461.047491,-342.1,3732.703823,78.262022,62.7638,149.583292,104.648172
2024-01-05T10:00:00,2024-01-05T11:00:00,DK2,753.691058,181.934127,248.732044,18.599284,2.6526,467.8405,0.271415,158.369327,0.0,1.74158,0.174464,16.933308,8.316794,1.45308,,-739.22,979.324008,,,337.5,2438.313589,57.663598,10.906992,103.98128,35.2268
2024-01-05T09:00:00,2024-01-05T10:00:00,DK1,793.742503,454.044562,96.851028,37.643402,213.402071,747.76833,8.241231,1824.493935,4.130156,1.298629,0.135177,86.882445,8.56902,5e-06,607.4588,-731.375,757.63,-658.737,-217.803714,-256.8,3777.57558,70.912656,38.4619,151.040475,112.92242
2024-01-05T09:00:00,2024-01-05T10:00:00,DK2,753.862611,162.916201,223.567089,17.781839,3.7017,379.6777,0.283334,160.670154,0.0,0.749738,0.067753,16.44228,5.741823,1.47078,,-502.539,986.471992,,,252.8,2463.665994,67.047705,10.929008,106.279596,44.30486
2024-01-05T08:00:00,2024-01-05T09:00:00,DK1,742.414534,441.579616,98.508051,35.127894,209.318711,745.229513,7.637985,1632.130776,4.129259,0.233151,0.028574,26.15579,1.459189,1e-05,610.2684,-731.492,865.51,-559.328,-77.420009,-370.2,3681.291444,71.21736,47.711,147.247275,101.485972
2024-01-05T08:00:00,2024-01-05T09:00:00,DK2,754.213972,160.970339,229.587976,16.392831,5.6902,318.3654,0.208313,154.349837,0.0,0.159489,0.015884,3.756078,2.216628,1.45848,,-573.82,986.510984,,,365.0,2425.076411,50.813016,11.018016,105.927146,31.60824
2024-01-05T07:00:00,2024-01-05T08:00:00,DK1,706.292587,424.466949,94.89603,29.844469,207.48218,757.980782,7.224333,1525.126618,4.130981,0.124831,0.01012,0.810075,0.0,1.3e-05,868.8702,-731.498,399.46,-402.53,194.915794,-431.0,3656.607962,74.754639,48.1621,143.884746,77.080489
2024-01-05T07:00:00,2024-01-05T08:00:00,DK2,751.188354,156.289975,224.648968,16.407607,5.7279,270.2952,0.140908,135.812286,0.0,0.085472,0.009703,0.073803,0.0,1.52517,,-614.34925,980.149992,,,424.6,2352.606088,68.633361,11.099008,103.097922,5.01696
2024-01-05T06:00:00,2024-01-05T07:00:00,DK1,747.345613,396.430122,91.659043,29.283226,209.516698,738.221337,7.081403,1362.662291,4.13546,0.118352,0.009821,0.239669,0.0,1.1e-05,558.1787,-731.444,418.64,94.975,10.786804,-431.4,3506.43955,70.761664,45.5435,137.115007,101.286216
2024-01-05T06:00:00,2024-01-05T07:00:00,DK2,756.095911,136.265821,199.910657,15.552269,4.2424,223.7143,0.149538,156.270412,0.0,0.093978,0.009196,0.002916,0.0,1.28026,,-632.85975,967.667992,,,424.7,2253.0959,54.9819,10.919008,99.447297,8.05135
2024-01-05T05:00:00,2024-01-05T06:00:00,DK1,732.473689,318.994841,81.509896,24.276177,204.395165,729.218454,6.579442,1244.456258,4.140986,0.103816,0.010473,0.184742,0.0,1e-05,169.6886,-731.354,-171.95,671.311,441.470882,-501.3,3224.210431,77.121888,56.8501,124.992436,132.205213
2024-01-05T05:00:00,2024-01-05T06:00:00,DK2,736.737611,121.516019,207.221381,15.771172,3.9986,174.1019,0.111267,138.054699,0.0,0.107856,0.013971,0.003046,0.0,1.28928,,-801.4195,960.067008,,,493.5,2051.07431,56.040151,10.880992,90.054834,40.72354
2024-01-05T04:00:00,2024-01-05T05:00:00,DK1,708.587018,284.704064,80.194878,23.117115,196.711432,684.855182,6.208362,1190.590701,4.146247,0.082872,0.006692,0.125756,0.0,7e-06,5.8068,-731.305,148.83,683.064,159.691,-316.5,3128.917126,67.366552,48.82215,112.333844,146.296311
2024-01-05T04:00:00,2024-01-05T05:00:00,DK2,635.299184,119.247609,133.497614,16.119106,4.4663,143.0749,0.115197,120.574952,0.0,0.06975,0.006842,0.002786,0.0,0.74327,,-569.0145,948.418008,,,312.0,1864.621018,90.16072,11.014992,82.105712,60.29387
2024-01-05T03:00:00,2024-01-05T04:00:00,DK1,698.359097,280.223826,79.62826,23.244885,183.161385,671.884105,5.985254,1114.584638,4.14819,0.066941,0.005888,0.147645,0.0,1.2e-05,-219.2094,-728.548,709.08,683.008,-75.359171,-369.8,3060.611555,68.001308,55.42585,111.50221,164.883614
2024-01-05T03:00:00,2024-01-05T04:00:00,DK2,589.458967,124.477033,106.488568,16.790242,5.1489,132.9432,0.131999,96.967822,0.0,0.042097,0.005527,0.003889,0.0,0.28726,,-576.67175,942.522,,,364.4,1802.995754,52.819566,11.0,79.145165,61.24217
2024-01-05T02:00:00,2024-01-05T03:00:00,DK1,714.790633,275.077068,78.809452,20.163096,145.175255,609.665576,5.193269,948.949306,4.150833,0.057345,0.001637,0.201615,0.0,1.2e-05,-496.2475,-686.153,1250.71,683.14,-82.151409,-397.9,3073.633188,72.625893,58.1791,110.881355,146.755169
2024-01-05T02:00:00,2024-01-05T03:00:00,DK2,595.144345,131.741992,93.89217,16.311159,4.5744,100.7209,0.111813,86.163571,0.0,0.041406,0.005207,0.002696,0.0,0.13486,,-446.2085,854.084008,,,391.9,1828.620027,40.70457,10.930992,81.708348,61.323
2024-01-05T01:00:00,2024-01-05T02:00:00,DK1,701.732947,281.622055,77.745401,20.318811,149.032771,713.415504,4.296795,740.746969,4.154594,0.058317,0.006805,0.105743,0.0,7e-06,-603.0475,-600.038,1548.07,680.689,-167.971637,-505.5,3045.438582,80.913051,61.293,109.043347,127.418544
2024-01-05T01:00:00,2024-01-05T02:00:00,DK2,599.668069,131.728169,85.400524,16.091634,3.1912,58.6689,0.086881,66.090178,0.0,0.035296,0.005391,0.002706,0.0,0.14778,,-396.6655,816.090992,,,497.4,1877.94222,40.389608,10.819008,84.449079,61.2946
2024-01-05T00:00:00,2024-01-05T01:00:00,DK1,688.1923,306.348102,78.74754,21.317888,160.866912,667.038547,3.87099,715.653945,4.154693,0.04885,0.017163,0.051086,0.0,0.0,-197.7451,-491.245,951.28,572.763,-146.66836,-485.0,2849.692556,67.151731,77.6522,109.002584,67.529633
2024-01-05T00:00:00,2024-01-05T01:00:00,DK2,601.906839,131.729526,99.098351,16.370095,2.9482,37.7241,0.084787,47.433777,0.0,0.03768,0.004963,0.002942,0.0,0.38285,,-299.093,776.898976,,,477.7,1893.230086,49.98693,10.895024,85.016251,61.19267
2024-01-04T23:00:00,2024-01-05T00:00:00,DK1,708.15865,341.851676,78.53726,24.695177,134.318724,544.468297,3.654641,683.716865,4.156408,0.051085,0.008458,0.057952,0.0,1e-06,236.667,7.869,-115.86,456.177,-0.443132,-305.4,2802.685062,52.654906,80.17525,108.921033,49.133289
2024-01-04T23:00:00,2024-01-05T00:00:00,DK2,586.883449,133.884084,171.776329,19.157072,2.6031,53.0668,0.057216,35.203815,0.0,0.039117,0.005217,0.002951,0.0,1.20626,,209.16325,369.373,,,301.4,1883.82166,52.198108,18.409,82.883887,60.75491
2024-01-04T22:00:00,2024-01-04T23:00:00,DK1,818.158089,401.035505,78.913676,24.977767,118.518242,564.857447,3.474258,671.743216,4.161876,0.04993,0.00549,0.048705,0.0,0.0,644.5907,463.027,-1694.41,678.205,-46.117382,73.5,2804.739519,60.057033,56.2244,108.05681,29.083749
2024-01-04T22:00:00,2024-01-04T23:00:00,DK2,577.100872,146.518791,217.159684,19.214525,2.7673,58.6385,0.054677,41.420677,0.0,0.052876,0.007895,0.002816,0.0,1.11466,,651.749,230.745,,,-75.1,1871.447273,37.609752,4.978,81.004723,46.35506
2024-01-04T21:00:00,2024-01-04T22:00:00,DK1,959.881805,441.184729,81.474021,29.920423,91.990848,530.658593,2.755193,677.80113,4.156968,0.061954,0.005464,0.05755,0.0,0.0,560.3894,318.218,-1340.13,674.95,46.693666,-166.0,2914.069744,54.175522,59.261,112.853955,30.60477
2024-01-04T21:00:00,2024-01-04T22:00:00,DK2,580.120436,146.973391,218.91672,19.437565,3.6744,80.7914,0.077333,42.657515,0.0,0.062315,0.007408,0.002826,0.0,1.37427,,272.00875,438.832,,,163.1,1968.036329,40.044283,9.757,85.348933,46.32914
2024-01-04T20:00:00,2024-01-04T21:00:00,DK1,1103.941926,447.514342,78.913047,28.307331,92.08716,514.031452,2.482863,600.767764,4.152017,0.064496,0.007057,0.070335,0.0,0.0,781.5674,-178.413,-869.31,681.517,115.570592,-347.8,3055.471782,47.766012,64.95205,118.283944,24.41852
2024-01-04T20:00:00,2024-01-04T21:00:00,DK2,579.353314,146.092825,217.108787,19.469966,3.2087,99.4773,0.097706,41.880249,0.0,0.069218,0.009052,0.003906,0.0,1.57655,,-33.3835,659.291976,,,342.8,2077.056049,43.896173,11.069024,90.55996,46.36819
2024-01-04T19:00:00,2024-01-04T20:00:00,DK1,1196.391107,502.41176,81.707153,27.875395,78.166138,532.596624,2.292001,576.647531,4.151418,0.083168,0.007679,0.077213,0.0,2e-06,528.8651,-320.967,-383.84,614.165,133.945497,-384.1,3190.475786,49.229343,43.3119,123.543367,23.159945
2024-01-04T19:00:00,2024-01-04T20:00:00,DK2,579.723089,147.552833,223.524478,16.911995,3.089,116.665,0.102504,35.844893,0.0,0.085344,0.011564,0.002927,0.0,1.59993,,139.1535,525.958,,,378.4,2168.625057,43.357125,9.108,94.254668,46.45336
2024-01-04T18:00:00,2024-01-04T19:00:00,DK1,1225.131908,497.307538,85.683351,28.241014,65.518877,531.197597,2.470977,617.030614,4.152817,0.122007,0.008926,0.067383,0.0,1.2e-05,245.3651,-382.768,-420.63,681.165,707.312411,-583.1,3304.277532,54.892905,46.6856,131.497849,17.816133
2024-01-04T18:00:00,2024-01-04T19:00:00,DK2,581.3906,147.295753,223.734734,15.99491,7.2748,182.6978,0.14597,46.912061,0.0,0.103575,0.015034,0.003699,0.0,1.61237,,-165.19175,679.748008,,,573.0,2294.737564,44.254495,11.228992,99.7558,46.30818
2024-01-04T17:00:00,2024-01-04T18:00:00,DK1,1226.28092,532.693106,89.804664,28.084284,73.517822,543.802196,2.67922,641.44906,4.145383,0.175353,0.012278,0.083175,0.0,1.9e-05,97.7655,-604.037,711.76,671.597,34.310147,-545.9,3508.223127,56.485907,50.72585,140.392614,17.199125
2024-01-04T17:00:00,2024-01-04T18:00:00,DK2,581.838909,150.103282,230.611587,15.234073,9.1302,283.7771,0.178439,57.410766,0.0,0.157056,0.020691,0.003909,0.0,1.59074,,-228.03625,799.798984,,,536.8,2438.619486,46.060557,11.198016,107.609951,45.98724
2024-01-04T16:00:00,2024-01-04T17:00:00,DK1,1191.237643,555.983363,88.444407,29.370528,85.205255,523.036168,2.855638,648.760786,4.139721,0.190664,0.013629,0.087552,0.0,1.2e-05,-66.5343,-692.596,1530.22,187.06,84.07866,-539.0,3632.553726,61.426058,39.6134,147.006103,17.558921
2024-01-04T16:00:00,2024-01-04T17:00:00,DK2,581.340907,159.842501,211.099786,16.243105,12.8063,385.1588,0.243857,71.249957,0.0,0.19244,0.025171,0.005866,0.0,1.93133,,-245.10875,764.301992,,,530.2,2489.533262,47.961874,11.089008,108.828749,46.1779
2024-01-04T15:00:00,2024-01-04T16:00:00,DK1,1156.689094,498.69312,89.656541,28.916383,81.284147,479.764854,3.307011,669.614396,4.139969,0.093992,0.00689,1.114291,0.390346,7e-06,189.9653,-684.652,762.24,544.316,193.487745,-565.1,3453.928086,57.840488,42.0047,134.238256,20.202026
2024-01-04T15:00:00,2024-01-04T16:00:00,DK2,581.16789,154.503714,181.993518,16.116071,10.9051,448.35,0.30022,98.103328,0.0,0.077119,0.013036,0.003527,0.0,1.62107,,-441.144,765.001992,,,555.8,2372.812585,57.164998,10.937008,99.703893,46.54515
2024-01-04T14:00:00,2024-01-04T15:00:00,DK1,1177.041423,464.733671,77.992561,29.226164,82.486132,453.201805,4.175518,788.899064,4.140893,0.300308,0.030368,31.589227,7.731196,7e-06,146.1656,-708.82,743.29,444.648,-265.979438,-123.1,3357.752499,42.452345,41.7472,127.514834,21.38882
2024-01-04T14:00:00,2024-01-04T15:00:00,DK2,581.843772,155.740523,185.136919,16.655849,12.1977,558.2608,0.397037,146.66568,0.0,0.073229,0.009769,0.941139,0.362372,2.02818,,-122.83475,611.558008,,,121.5,2270.536227,42.749768,11.252992,92.103323,46.6254
2024-01-04T13:00:00,2024-01-04T14:00:00,DK1,1166.621815,406.854828,74.397941,30.739362,81.684672,445.327396,5.097942,934.313945,4.14388,1.946572,0.158919,91.141544,20.012274,7e-06,-3.6348,-509.528,989.02,-86.417,-281.4031,101.2,3471.678197,39.573249,26.029,128.826724,28.240555
2024-01-04T13:00:00,2024-01-04T14:00:00,DK2,582.821861,158.360974,183.092625,19.057773,24.8777,644.2852,0.48303,186.95126,0.0,0.552472,0.064412,4.207544,2.988356,1.89693,,-67.39825,642.282008,,,-103.5,2281.023895,46.357313,11.010992,91.60541,46.62215
2024-01-04T12:00:00,2024-01-04T13:00:00,DK1,1208.419164,376.33465,74.708372,32.629371,92.481682,502.81223,6.224555,1164.189452,4.15326,3.724495,0.302591,114.419331,28.93915,8e-06,-17.5352,-527.683,1902.01,-634.614,-313.369674,-417.6,3600.546437,54.372922,31.7922,132.892214,58.389834
2024-01-04T12:00:00,2024-01-04T13:00:00,DK2,578.727237,157.84501,185.706927,20.791209,20.2493,726.6307,0.593139,240.788609,0.0,1.334298,0.133261,6.94431,5.523073,1.44447,,-788.15425,750.860008,,,411.0,2320.417301,77.839926,11.152992,94.428575,46.5734
2024-01-04T11:00:00,2024-01-04T12:00:00,DK1,1109.820647,369.022049,75.150387,34.188675,101.209716,607.762985,7.007197,1420.266659,4.159906,3.158495,0.279873,126.845952,21.332579,1.3e-05,-3.7372,-562.414,1100.15,-22.75,-371.627143,-418.5,3601.326789,53.521433,17.2857,137.272291,50.954217
2024-01-04T11:00:00,2024-01-04T12:00:00,DK2,565.560026,153.199552,188.062719,21.445958,17.982,775.2083,0.695602,295.324023,0.0,1.004717,0.110587,6.914096,4.804326,1.42299,,-823.06675,728.791008,,,412.5,2349.959154,58.07699,11.124992,96.804052,46.22406
2024-01-04T10:00:00,2024-01-04T11:00:00,DK1,1092.54775,420.766648,78.955584,34.993268,121.602235,769.636873,7.596816,1569.986195,4.157836,1.603212,0.156335,103.93182,14.37326,0.0,-29.6378,-720.247,1019.12,-443.896,-234.047752,-225.0,3586.599281,52.024364,41.52805,140.565987,47.698414
2024-01-04T10:00:00,2024-01-04T11:00:00,DK2,577.061094,149.476542,183.901605,18.765403,21.653,820.1061,0.807898,340.544678,0.0,0.268254,0.045573,4.747848,4.330039,1.24778,,-722.48325,723.541008,,,222.1,2346.113572,58.243916,11.244992,98.265467,45.57497
2024-01-04T09:00:00,2024-01-04T10:00:00,DK1,1047.213375,416.805821,79.81089,34.357188,157.791398,910.266398,7.826029,1690.138088,4.120894,0.674646,0.085861,71.570682,6.717688,7e-06,-188.8363,-721.267,881.86,-623.623,-190.580105,-7.9,3577.032559,52.736112,47.68335,142.49902,53.242684
2024-01-04T09:00:00,2024-01-04T10:00:00,DK2,572.148117,140.329957,183.027556,17.29626,23.643,824.728,0.859226,392.255259,0.0,0.115252,0.018618,3.302834,2.669584,1.08005,,-446.22375,626.189,,,7.2,2348.638963,52.144538,11.114,99.425493,45.38353
2024-01-04T08:00:00,2024-01-04T09:00:00,DK1,1010.355595,393.940085,79.215537,31.989436,189.407853,1016.992385,8.369579,1842.700636,4.113578,0.168721,0.027456,19.841714,2.342747,7e-06,-243.1358,-729.458,928.31,-580.887,-7.066748,-423.5,3543.727781,64.231627,49.2331,142.188238,50.960661
2024-01-04T08:00:00,2024-01-04T09:00:00,DK2,527.031414,141.304846,184.144895,17.410616,26.9563,844.832,0.93238,429.108391,0.0,0.085598,0.009408,0.648301,0.0,1.30451,,-947.944,672.433992,,,417.0,2315.258651,75.88003,10.363008,98.990754,44.77424
2024-01-04T07:00:00,2024-01-04T08:00:00,DK1,934.865808,403.23548,77.870593,31.492189,210.750851,1014.95734,8.971266,2064.740941,4.129553,0.136177,0.012432,0.516161,0.0,7e-06,-477.9321,-701.558,682.02,-699.989,75.111407,-119.5,3509.831105,58.879296,57.7911,146.226739,86.634604
2024-01-04T07:00:00,2024-01-04T08:00:00,DK2,528.775924,143.282899,191.021271,12.246535,28.5036,844.7488,1.010643,447.13054,0.0,0.086189,0.008232,0.041364,0.0,1.7461,,-201.8995,139.274,,,117.7,2253.676597,51.040628,18.87,97.587619,44.18258
2024-01-04T06:00:00,2024-01-04T07:00:00,DK1,875.524969,347.595748,74.860073,31.283857,225.194358,1057.914262,9.513804,2280.76074,4.149086,0.13522,0.019772,0.332002,0.0,7e-06,-351.9165,-628.546,603.06,-687.669,-523.932883,98.6,3416.879515,67.062477,58.7087,148.753927,34.101743
2024-01-04T06:00:00,2024-01-04T07:00:00,DK2,536.225638,107.486753,198.471527,12.30209,32.3952,847.9885,1.076217,476.950651,0.0,0.109621,0.010386,0.003005,0.0,1.55946,,-280.20425,309.25,,,-100.3,2143.324798,53.214992,17.4425,94.340568,47.34415
2024-01-04T05:00:00,2024-01-04T06:00:00,DK1,742.650606,280.12103,71.435871,26.521154,230.071872,1045.80057,10.060209,2451.368632,4.148034,0.110189,0.022468,0.396465,0.0,8e-06,-766.3143,-724.906,508.05,-8.411,-591.631742,-33.2,3246.294066,68.591808,63.6584,137.990632,100.787631
2024-01-04T05:00:00,2024-01-04T06:00:00,DK2,509.292713,59.550739,178.574313,12.483158,31.6721,837.2829,1.152494,487.904746,0.0,0.126719,0.012499,0.003237,0.0,0.86383,,-917.613,710.215008,,,31.6,1943.121456,76.45762,10.694992,86.973673,58.08269
2024-01-04T04:00:00,2024-01-04T05:00:00,DK1,615.427311,138.422402,64.265367,25.002177,227.004028,1046.466564,10.779445,2621.995034,4.153421,0.098102,0.018807,0.419673,0.0,8e-06,-1223.6535,-731.678,1384.46,339.23,-600.589102,-508.1,3413.721737,84.752995,77.64785,138.646655,396.818643
2024-01-04T04:00:00,2024-01-04T05:00:00,DK2,498.758575,56.852471,129.290414,12.462902,30.3802,643.5284,1.176455,486.86804,0.0,0.077903,0.008414,0.003546,0.0,0.6871,,-1289.558742,728.362984,,,499.5,1798.398662,62.0507,10.920016,79.975716,106.81881
2024-01-04T03:00:00,2024-01-04T04:00:00,DK1,384.031523,84.959406,65.32643,22.83103,225.201879,1036.777668,11.405824,2792.130947,4.158674,0.090418,0.019799,0.481575,0.0,7e-06,-1665.5274,-731.562,1787.12,676.316,-598.398223,-554.1,3541.263557,100.804731,99.46455,141.650695,469.465509
2024-01-04T03:00:00,2024-01-04T04:00:00,DK2,497.650757,55.931259,121.16489,12.923483,30.42,584.7823,1.051917,415.336212,0.0,0.062863,0.006182,0.002737,0.0,0.40938,,-1278.462258,736.468984,,,545.0,1722.748706,61.789805,10.826016,75.116397,97.03576
2024-01-04T02:00:00,2024-01-04T03:00:00,DK1,352.817312,68.076232,64.316395,22.867529,230.323586,994.592367,11.741181,2888.559564,4.166139,0.097632,0.025105,0.514453,0.0,8e-06,-1697.896,-731.494,1763.39,683.054,-503.875282,-554.7,3596.576221,102.416549,93.539,148.211756,490.306398
2024-01-04T02:00:00,2024-01-04T03:00:00,DK2,497.182589,56.519861,88.787961,12.145138,31.4148,595.4539,0.953295,325.41013,0.0,0.058105,0.006004,0.002666,0.0,0.20521,,-1165.2135,750.058984,,,545.7,1738.685143,60.706341,11.012016,74.27534,90.57646
2024-01-04T01:00:00,2024-01-04T02:00:00,DK1,429.872247,72.181996,64.131156,23.215285,230.614189,975.448581,11.966801,2989.119297,4.169788,0.101155,0.026364,0.535999,0.0,4e-06,-1697.9087,-731.431,1639.9,668.633,-571.063498,-548.2,3561.312664,101.601724,92.7867,150.66886,466.599798
2024-01-04T01:00:00,2024-01-04T02:00:00,DK2,497.858389,57.014379,87.899622,12.541472,31.8185,606.5236,0.927931,291.814145,0.0,0.065713,0.006605,0.002676,0.0,0.32683,,-1121.7875,775.583016,,,539.3,1779.895378,61.761049,10.905984,76.270951,88.12537
2024-01-04T00:00:00,2024-01-04T01:00:00,DK1,585.602776,85.735566,64.780824,22.941393,229.70046,1020.388928,12.044453,3021.082848,4.173436,0.10663,0.038628,0.508016,0.0,0.0,-1697.6914,-731.372,1215.27,671.31,-668.989603,-441.0,3394.630955,97.229293,92.4284,150.376989,299.767674
2024-01-04T00:00:00,2024-01-04T01:00:00,DK2,497.808499,57.357613,86.122847,12.39811,31.8607,599.9162,0.883936,255.149758,0.0,0.082869,0.005604,0.003205,0.0,0.36182,,-1000.0455,836.87,,,434.6,1813.375661,62.774198,10.978,77.85472,76.5312
2024-01-03T23:00:00,2024-01-04T00:00:00,DK1,639.849631,87.249182,66.106565,22.946394,227.738884,1036.107452,12.103919,3018.935271,4.177492,0.109854,0.031605,0.467644,0.0,0.0,-1697.5166,-728.954,1316.09,129.065,-651.898787,-193.9,3288.709506,87.043811,78.3266,150.235368,293.728904
2024-01-03T23:00:00,2024-01-04T00:00:00,DK2,497.620652,57.324828,84.062845,12.494226,31.8667,616.1593,0.903583,254.956924,0.0,0.0683,0.007319,0.002706,0.0,1.08829,,-756.95375,794.483016,,,191.4,1785.484939,61.393005,11.807984,75.159235,74.86851
2024-01-03T22:00:00,2024-01-03T23:00:00,DK1,712.589517,119.302039,72.21811,23.077599,230.103871,1035.598594,12.076497,3016.929826,4.184011,0.110627,0.025684,0.419987,0.0,0.0,-1670.0014,-700.449,1545.29,-362.348,-651.722398,-164.7,3222.705564,92.876157,86.42,155.771942,210.379903
2024-01-03T22:00:00,2024-01-03T23:00:00,DK2,498.211072,56.788918,64.475875,12.725453,31.7072,613.2539,0.874911,268.221162,0.0,0.058503,0.007228,0.002726,0.0,1.0436,,-429.71125,482.451,,,162.4,1762.510298,62.049258,15.5915,73.980586,46.9645
2024-01-03T21:00:00,2024-01-03T22:00:00,DK1,699.205315,132.056722,70.813752,23.1649,230.379304,1036.920492,11.918834,2959.172451,4.185508,0.117215,0.025914,0.382191,0.0,0.0,-1268.266,-726.575,1045.04,-376.662,-797.540123,192.5,3236.839475,87.419577,79.31565,158.984581,142.840899
2024-01-03T21:00:00,2024-01-03T22:00:00,DK2,500.815496,56.552371,64.307896,13.805743,32.3252,621.8251,0.911279,295.492183,0.0,0.063872,0.010241,0.002806,0.0,1.04944,,169.5025,284.99,,,-195.2,1846.454127,49.467114,5.6005,78.435597,38.85917
2024-01-03T20:00:00,2024-01-03T21:00:00,DK1,653.948387,166.584774,72.447263,23.718102,229.11836,1035.666346,11.790428,2964.226002,4.211022,0.121759,0.028303,0.34856,0.0,0.0,-813.1225,-673.86,998.91,-573.876,-800.730344,-159.0,3140.530462,88.988222,83.00015,163.761513,94.879241
2024-01-03T20:00:00,2024-01-03T21:00:00,DK2,514.57609,55.726983,104.925653,13.702133,33.1848,632.6285,0.985387,336.911762,0.0,0.079906,0.009392,0.00484,0.0,1.59577,,-176.634,284.701,,,155.9,1958.298216,54.61807,4.227,84.627424,35.60255
2024-01-03T19:00:00,2024-01-03T20:00:00,DK1,649.525623,309.379276,78.1873,35.679521,224.878598,1036.616511,11.878656,3032.034046,4.411157,0.136244,0.03059,0.44168,0.0,6e-06,-371.5513,-405.296,528.66,-699.836,-800.847166,-412.0,3222.328742,99.565953,64.1825,162.331268,42.400285
2024-01-03T19:00:00,2024-01-03T20:00:00,DK2,556.972995,83.983787,167.516881,13.987344,31.7119,647.2299,1.010713,358.215132,0.0,0.093569,0.011337,0.002948,0.0,1.18948,,-586.764,351.175,,,405.7,2032.036986,52.647058,16.593,87.987431,15.93131
2024-01-03T18:00:00,2024-01-03T19:00:00,DK1,689.443717,340.93238,79.738916,38.515473,225.931393,1037.466977,11.785825,3070.43617,4.393281,0.160399,0.033569,0.398058,0.0,1.3e-05,-134.3472,-242.638,325.8,-702.418,-800.724548,-558.1,3386.808423,110.321888,41.3795,165.410473,41.750191
2024-01-03T18:00:00,2024-01-03T19:00:00,DK2,557.84544,84.522743,185.599799,15.251485,30.8187,706.9104,1.039386,395.809715,0.0,0.133621,0.018481,0.003959,0.0,1.51538,,-267.821,-107.011,,,548.9,2153.537109,54.571345,16.5055,94.177815,13.59443
2024-01-03T17:00:00,2024-01-03T18:00:00,DK1,688.422337,343.621529,80.825313,38.84302,230.407586,1045.478957,11.67608,3075.028824,4.393392,0.209652,0.036717,0.322573,0.0,5e-06,-124.3474,-199.424,91.96,-702.364,-800.79138,-187.7,3596.599205,97.101929,42.0713,176.264558,44.894418
2024-01-03T17:00:00,2024-01-03T18:00:00,DK2,524.614793,88.462215,185.570061,17.033251,31.605,748.889,1.061283,391.936983,0.0,0.184909,0.01845,0.00578,0.0,1.69519,,36.18675,92.623,,,185.1,2304.986665,53.037388,17.1235,101.522287,13.28218
2024-01-03T16:00:00,2024-01-03T17:00:00,DK1,697.458974,341.631154,80.683822,38.619312,228.35915,1061.339706,11.640245,3086.956607,4.402564,0.230635,0.04757,0.327517,0.0,7e-06,-69.5297,-469.402,597.53,-702.574,-800.913706,-306.0,3800.807857,98.525188,65.8309,182.046179,56.851627
2024-01-03T16:00:00,2024-01-03T17:00:00,DK2,522.525393,86.252437,178.563567,18.613344,31.8235,793.8447,1.073761,382.812279,0.0,0.207595,0.025585,0.004822,0.0,1.78431,,-474.03675,535.208,,,301.4,2380.102543,65.631067,17.931,104.790457,12.63381
2024-01-03T15:00:00,2024-01-03T16:00:00,DK1,656.265582,295.492706,76.503617,31.019298,227.361077,1054.513554,11.827246,3093.221052,4.408835,0.16209,0.045847,0.377468,0.0,7e-06,-467.3927,-703.862,1474.7,-702.278,-799.736639,-579.7,3672.92904,107.258902,75.5754,171.949176,110.093927
2024-01-03T15:00:00,2024-01-03T16:00:00,DK2,514.092767,61.332629,177.43913,17.782087,32.2505,792.399,1.121547,377.919674,0.0,0.112543,0.010219,0.003311,0.0,1.85974,,-1109.42,871.145008,,,569.6,2307.648155,89.395854,11.140992,97.803794,11.81246
2024-01-03T14:00:00,2024-01-03T15:00:00,DK1,599.256441,205.456663,73.723585,23.841384,229.741055,1036.528552,12.074075,3127.969645,4.404527,0.172228,0.040785,10.972622,2.27186,7e-06,-776.9063,-564.373,1655.35,-696.494,-800.555181,-565.6,3577.874948,103.774454,69.78875,167.877835,114.803903
2024-01-03T14:00:00,2024-01-03T15:00:00,DK2,500.233293,61.053458,178.068985,17.673932,33.2499,821.3554,1.083,345.356573,0.0,0.099971,0.012859,1.19479,0.106572,1.74884,,-1040.61475,744.123992,,,556.3,2221.046815,66.953342,11.211008,91.945016,13.16905
2024-01-03T13:00:00,2024-01-03T14:00:00,DK1,524.459975,133.386587,74.216603,25.262287,229.929261,1039.305563,12.397352,3184.207669,4.382288,0.396417,0.066366,36.009636,6.075844,8e-06,-1220.7921,-662.329,2105.77,-434.724,-800.561917,-406.3,3851.158839,103.01693,80.11305,169.113915,198.161529
2024-01-03T13:00:00,2024-01-03T14:00:00,DK2,499.582194,64.192379,181.700359,17.819573,34.3726,826.1415,1.100898,332.405932,0.0,0.141811,0.01585,4.898847,1.624414,1.31171,,-1011.0775,878.990992,,,400.2,2233.421559,69.275656,11.095008,90.603846,19.66705
2024-01-03T12:00:00,2024-01-03T13:00:00,DK1,521.87009,128.554005,71.746506,27.193854,223.502888,1040.337511,12.690228,3219.886713,4.35375,0.796516,0.114686,60.624133,13.371784,4e-06,-1607.5946,-720.63,2493.61,-172.489,-800.262255,-575.6,3942.076813,117.098975,77.6036,171.142027,197.692307
2024-01-03T12:00:00,2024-01-03T13:00:00,DK2,499.214795,63.505923,182.106702,17.898941,35.0166,762.1605,1.205564,362.577636,0.0,0.283794,0.127821,11.81531,4.073825,1.24386,,-1079.73125,851.382,,,565.7,2278.582021,68.939487,11.11,91.975691,50.4609
2024-01-03T11:00:00,2024-01-03T12:00:00,DK1,517.732668,122.013726,71.206933,27.570508,207.937978,1049.067235,12.931413,3261.443022,4.281134,1.156858,0.145756,89.08907,13.203167,6e-06,-1558.8691,-659.49,2496.63,-407.428,-800.292061,-485.3,3963.030313,113.52785,70.6331,172.577025,227.679659
2024-01-03T11:00:00,2024-01-03T12:00:00,DK2,532.211336,62.102998,129.543288,17.379109,34.8796,766.1968,1.260086,383.485757,0.0,0.340438,0.122587,15.86176,4.851756,1.02768,,-964.21825,837.673008,,,477.6,2300.317953,75.055491,11.278992,92.223108,62.78349
2024-01-03T10:00:00,2024-01-03T11:00:00,DK1,564.035421,116.84113,73.55293,26.124327,204.32919,1047.558087,13.171427,3260.8871,4.267534,1.028778,0.132245,78.208464,12.588314,2e-06,-1552.3678,-705.477,2514.21,-330.052,-800.288962,-581.6,3947.149187,115.608233,94.0539,175.402943,222.40393
2024-01-03T10:00:00,2024-01-03T11:00:00,DK2,513.448895,61.030498,120.905784,18.031315,34.8864,743.0435,1.301526,420.031532,0.0,0.343008,0.028849,13.131475,4.967677,1.52478,,-999.78,799.544024,,,571.5,2303.939262,67.292296,11.276976,92.97542,65.7022
2024-01-03T09:00:00,2024-01-03T10:00:00,DK1,563.155627,126.062393,75.875062,25.213632,201.94412,1046.566357,13.326827,3282.981375,4.278336,0.541468,0.095155,50.976176,6.655086,7e-06,-1360.4175,-416.37,2388.94,-694.791,-800.347556,-503.9,4010.785565,105.840511,75.7315,174.933648,194.509719
2024-01-03T09:00:00,2024-01-03T10:00:00,DK2,510.700883,59.899004,96.673327,18.173299,35.1047,732.6176,1.327614,426.729072,0.0,0.21763,0.018178,8.562048,3.232324,1.52443,,-863.1305,762.624,,,496.0,2290.273609,63.813653,11.094,92.105312,65.41812
2024-01-03T08:00:00,2024-01-03T09:00:00,DK1,529.841051,107.91959,75.401382,24.789694,196.362183,1034.29338,13.544942,3296.735252,4.292644,0.223939,0.056762,12.643469,0.646209,1.1e-05,-1577.0894,-311.011,2316.04,-694.053,-800.153369,-408.5,3821.983739,102.976098,75.14035,174.16937,143.958372
2024-01-03T08:00:00,2024-01-03T09:00:00,DK2,512.213222,60.587517,101.678274,18.296646,34.5623,764.6998,1.327667,470.259646,0.0,0.122085,0.014314,3.324313,0.628717,1.63865,,-892.19525,742.899016,,,402.4,2222.456917,64.083707,11.275984,92.416908,36.88516
2024-01-03T07:00:00,2024-01-03T08:00:00,DK1,529.412838,103.42672,77.611521,23.793744,195.626305,1015.974835,13.831822,3334.229389,4.22484,0.176131,0.042481,0.663915,0.0,1e-05,-1693.1781,-305.158,2127.91,-329.138,-795.103368,-523.8,3780.547083,106.93942,69.7221,174.679062,169.540372
2024-01-03T07:00:00,2024-01-03T08:00:00,DK2,545.658772,57.890433,141.127006,18.375517,33.7813,762.9699,1.416868,470.52354,0.0,0.106694,0.012936,0.029282,0.0,2.06538,,-1064.621,727.832992,,,515.5,2212.66962,72.087475,11.159008,89.998257,80.31421
2024-01-03T06:00:00,2024-01-03T07:00:00,DK1,271.880646,76.235144,79.811781,24.113528,195.398323,1002.204664,14.055653,3335.799385,4.251055,0.17711,0.042052,0.912211,0.056569,7e-06,-1699.2199,-332.207,1755.13,3.303,-554.991279,-324.9,3852.052949,97.62667,81.9944,170.315189,311.922063
2024-01-03T06:00:00,2024-01-03T07:00:00,DK2,541.390067,54.024219,97.990095,19.175503,34.8555,683.48,1.528243,522.127335,0.0,0.133591,0.014853,0.002966,0.0,2.13644,,-926.296,738.108992,,,320.3,2088.971804,60.827907,11.097008,87.913908,79.81597
2024-01-03T05:00:00,2024-01-03T06:00:00,DK1,197.368528,42.370384,74.07201,24.523328,193.921971,980.203569,13.967332,3161.355975,3.996381,0.1684,0.044393,0.592306,0.0,9e-06,-1701.451808,-705.262,1997.76,503.365,-469.651426,-514.9,3802.444352,114.310103,101.936808,158.588792,484.732721
2024-01-03T05:00:00,2024-01-03T06:00:00,DK2,520.480498,34.952552,80.998762,19.185012,34.6758,712.6607,1.591503,549.032151,0.0,0.139072,0.016299,0.003036,0.0,1.80555,,-1314.040516,742.516,,,506.3,1890.316419,84.342482,11.174,82.134565,79.91758
2024-01-03T04:00:00,2024-01-03T05:00:00,DK1,169.462801,39.980035,61.595725,15.910042,190.931849,922.315122,13.930935,2935.113712,3.991689,0.143883,0.044421,0.554511,0.0,7e-06,-1701.057204,-731.275,2168.02,479.666,-144.593945,-596.6,3828.134583,111.25499,86.683204,149.477947,727.78979
2024-01-03T04:00:00,2024-01-03T05:00:00,DK2,486.337853,33.215495,82.855981,19.530274,33.1763,789.1202,1.670268,556.457266,0.0,0.097697,0.006254,0.003774,0.0,1.2406,,-1579.823242,742.894016,,,586.2,1752.982736,79.618151,11.043984,78.034707,102.62526
2024-01-03T03:00:00,2024-01-03T04:00:00,DK1,169.646109,40.745729,60.529439,15.63737,186.297806,917.735315,14.008032,3005.360374,3.99382,0.132726,0.041378,0.536052,0.0,7e-06,-1700.9665,-731.15,2427.5,242.754,-301.146462,-601.2,3750.455195,115.676053,80.7095,150.656978,700.732407
2024-01-03T03:00:00,2024-01-03T04:00:00,DK2,465.723974,32.449836,83.819521,19.066645,33.923,836.0685,1.689749,581.927953,0.0,0.071841,0.005954,0.002746,0.0,0.46957,,-1687.242,747.355008,,,590.7,1706.032297,88.124799,11.232992,77.829988,105.60111
2024-01-03T02:00:00,2024-01-03T03:00:00,DK1,179.670375,51.928609,61.010334,24.243877,194.792432,882.314231,14.089406,3252.400735,3.996475,0.135781,0.041252,0.565193,0.0,8e-06,-1700.7751,-697.887,2441.68,53.323,-552.329086,-593.9,3615.300522,116.432768,98.1061,161.07433,544.92437
2024-01-03T02:00:00,2024-01-03T03:00:00,DK2,465.191933,35.566513,82.361834,18.064828,36.8813,842.7463,1.665366,588.76432,0.0,0.076716,0.011904,0.002676,0.0,0.19811,,-1678.250242,749.513008,,,583.7,1726.494566,89.075983,11.188992,81.191997,92.89868
2024-01-03T01:00:00,2024-01-03T02:00:00,DK1,187.974632,65.252765,62.800583,24.47506,196.433569,967.944732,14.106361,3369.30802,3.99541,0.128001,0.036991,0.553991,0.0,6e-06,-1701.0719,-271.503,2454.09,-408.164,-795.344857,-473.8,3697.216364,112.075185,102.5349,167.586086,543.673508
2024-01-03T01:00:00,2024-01-03T02:00:00,DK2,467.060875,36.673204,83.458548,15.796814,37.2731,842.6298,1.669523,597.639726,0.0,0.076765,0.012952,0.002774,0.0,0.16012,,-1523.70375,746.61,,,466.4,1771.760451,83.94358,11.044,84.472089,90.89982
2024-01-03T00:00:00,2024-01-03T01:00:00,DK1,201.808562,48.228504,62.337155,24.195816,191.47612,1026.159239,14.175485,3322.18388,3.995183,0.135064,0.038829,0.580037,0.0,0.0,-1700.9114,-675.979,2502.9,78.929,-800.16039,-543.8,3756.292084,120.054092,95.7604,169.761246,540.617061
2024-01-03T00:00:00,2024-01-03T01:00:00,DK2,468.718823,37.18887,82.457955,14.677341,37.4384,842.6464,1.675633,602.892096,0.0,0.069912,0.013174,0.003312,0.0,0.44013,,-1545.068976,746.576,,,534.9,1824.62907,84.366946,11.176,86.581596,96.87397
2024-01-02T23:00:00,2024-01-03T00:00:00,DK1,215.007803,47.666805,63.315769,24.185049,209.486402,1004.146563,14.127591,3400.749711,4.004368,0.141338,0.029793,0.585152,0.0,0.0,-1701.497208,-619.198,2504.68,-270.5,-800.085895,-498.3,3598.545241,112.713147,80.714208,170.619151,483.63869
2024-01-02T23:00:00,2024-01-03T00:00:00,DK2,505.077782,43.742385,82.207466,15.474603,37.4315,843.7283,1.691264,610.605859,0.0,0.061236,0.012455,0.003627,0.0,1.17481,,-1572.855766,740.709984,,,490.4,1799.465505,84.257437,11.134016,83.91117,91.31601
2024-01-02T22:00:00,2024-01-02T23:00:00,DK1,256.52414,61.150889,69.181095,23.705324,210.244351,1011.678879,14.035775,3433.485101,4.009151,0.141826,0.024506,0.586834,0.0,0.0,-1701.5691,-318.409,2255.24,-629.258,-746.542446,-502.8,3441.429325,112.556268,109.9921,161.218262,399.265206
2024-01-02T22:00:00,2024-01-02T23:00:00,DK2,455.857587,59.226954,136.57513,16.502163,37.6817,844.0308,1.671087,613.644724,0.0,0.06713,0.010676,0.004749,0.0,1.15344,,-1646.540742,734.390008,,,494.8,1749.075406,85.561218,11.068992,81.569745,54.74192
2024-01-02T21:00:00,2024-01-02T22:00:00,DK1,346.973941,72.381815,80.531152,23.079735,225.617651,1040.48478,14.073875,3433.132457,4.005756,0.140808,0.026715,0.596914,0.0,0.0,-1701.613104,-724.795,1851.22,-700.91,-0.302515,-492.2,3472.44498,107.634441,97.401604,164.155201,390.44954
2024-01-02T21:00:00,2024-01-02T22:00:00,DK2,504.225821,58.757695,169.245524,16.942054,38.1755,842.5594,1.659668,611.003685,0.0,0.08102,0.012695,0.0029,0.0,1.14853,,-1629.582492,721.070992,,,484.2,1819.502992,82.990392,11.023008,84.599789,56.9475
2024-01-02T20:00:00,2024-01-02T21:00:00,DK1,386.473858,80.20551,81.308396,25.209786,231.950929,1037.581319,14.037506,3402.093459,3.994143,0.139788,0.031618,0.610178,0.0,0.0,-1701.2302,-730.748,2161.03,-702.158,-0.054184,-524.6,3765.876106,108.914925,96.7832,168.418693,510.136549
2024-01-02T20:00:00,2024-01-02T21:00:00,DK2,581.045393,58.355047,190.900356,16.874412,38.2145,842.864,1.633909,602.279548,0.0,0.094054,0.010464,0.003048,0.0,1.98037,,-1656.626508,721.4,,,516.0,1915.028593,81.59763,11.274,88.107036,52.533
2024-01-02T19:00:00,2024-01-02T20:00:00,DK1,609.025103,142.283514,85.790937,24.776053,233.665143,1040.517225,14.016055,3475.569069,3.989561,0.146355,0.048991,0.567795,0.0,3e-06,-1700.9927,-725.036,1293.35,-700.937,0.0,-450.9,3345.880104,101.294921,96.5737,170.732964,213.616555
2024-01-02T19:00:00,2024-01-02T20:00:00,DK2,588.366131,61.223461,161.820797,16.761364,38.2713,842.7942,1.602518,595.821419,0.0,0.11713,0.011625,0.00305,0.0,2.03547,,-1418.139774,646.248984,,,444.0,1980.937675,75.005084,10.842016,90.636628,37.48612
2024-01-02T18:00:00,2024-01-02T19:00:00,DK1,581.091108,153.982981,90.738359,25.08461,239.74262,1042.187211,13.914191,3485.888124,4.010564,0.167321,0.051793,0.558597,0.0,3e-06,-1677.7058,-724.52,1821.18,-627.966,0.0,-589.6,3838.805682,110.172322,93.8877,180.79935,390.088129
2024-01-02T18:00:00,2024-01-02T19:00:00,DK2,598.308167,61.637802,170.06628,16.588598,38.2729,848.735,1.567438,591.336297,0.0,0.148824,0.019955,0.004215,0.0,1.70499,,-1131.4035,305.34,,,579.3,2081.626966,81.017178,22.7085,95.264782,23.64272
2024-01-02T17:00:00,2024-01-02T18:00:00,DK1,653.993826,298.776364,89.677488,24.804417,240.707002,1049.595016,13.696383,3467.095288,4.055813,0.220159,0.042156,0.548616,0.0,7e-06,-1288.9902,-664.297,474.13,-299.199,-0.680672,-578.0,3486.175663,107.347405,151.78415,185.279546,46.156275
2024-01-02T17:00:00,2024-01-02T18:00:00,DK2,598.604517,61.589162,175.872019,16.563293,38.2676,848.4701,1.565617,585.758477,0.0,0.211535,0.022285,0.004418,0.0,2.50486,,-440.07325,-249.048,,,568.2,2208.512633,77.011407,23.032,102.338483,12.53253
2024-01-02T16:00:00,2024-01-02T17:00:00,DK1,650.169576,327.562339,88.741385,31.491666,239.586491,1055.70719,13.470072,3436.652251,4.05691,0.242149,0.041154,0.570668,0.0,1.2e-05,-646.1606,-169.799,277.25,-526.161,-607.310043,-557.5,3618.61122,105.680951,59.1981,188.959006,30.643868
2024-01-02T16:00:00,2024-01-02T17:00:00,DK2,598.179324,63.554124,190.191463,18.042749,38.3,845.7434,1.501853,559.269898,0.0,0.245745,0.031865,0.004537,0.0,2.54646,,-49.18575,-557.476992,,,548.2,2259.148676,51.981629,14.2845,102.618221,6.02047
2024-01-02T15:00:00,2024-01-02T16:00:00,DK1,674.067672,332.681525,91.357785,39.418106,240.721962,1057.029278,13.319616,3379.441027,4.082762,0.161844,0.031871,0.634238,0.0,3e-06,-646.5555,-393.002,536.4,-698.51,-662.708424,-501.5,3467.071765,102.389752,62.1255,176.272457,28.694452
2024-01-02T15:00:00,2024-01-02T16:00:00,DK2,599.012351,88.975738,224.605675,18.650398,38.2938,829.4922,1.434069,537.01643,0.0,0.129934,0.013555,0.003087,0.0,2.51329,,-12.428,-657.894992,,,493.7,2163.517535,47.963937,14.434992,95.018491,5.97376
2024-01-02T14:00:00,2024-01-02T15:00:00,DK1,671.990295,306.950075,90.373522,30.798397,239.515659,1044.679636,13.212101,3254.02096,4.045638,0.164799,0.029813,4.406105,0.641516,0.0,-615.8579,-331.174,319.78,-678.832,-605.275877,-388.9,3360.568739,95.434823,52.717,166.397097,30.579399
2024-01-02T14:00:00,2024-01-02T15:00:00,DK2,583.797848,88.17526,223.72847,18.29008,38.2476,821.6292,1.431164,529.035847,0.0,0.109158,0.013318,1.842392,1.700929,2.12302,,-34.6135,-571.467984,,,383.2,2087.242802,48.613648,13.251984,89.956049,5.95652
2024-01-02T13:00:00,2024-01-02T14:00:00,DK1,659.566717,290.054859,90.482563,39.55261,238.569697,1033.150788,13.008697,3157.091642,4.016059,0.27102,0.051078,22.824024,3.969601,1e-06,-337.552,-268.265,277.47,-456.71,-766.857934,-580.1,3420.594422,102.06784,38.98775,162.318016,28.683379
2024-01-02T13:00:00,2024-01-02T14:00:00,DK2,581.750565,91.777132,228.258822,20.595082,38.0997,815.7168,1.413953,503.735737,0.0,0.244544,0.025923,13.345906,4.075096,2.1603,,-369.6765,-419.782,,,570.1,2081.84106,51.893216,8.792,87.538872,5.94666
2024-01-02T12:00:00,2024-01-02T13:00:00,DK1,670.051342,281.244395,92.42077,41.772745,237.996641,1015.178118,12.748527,3045.726727,3.975055,0.674631,0.090414,38.386662,13.028554,3e-06,-329.3423,-482.805,541.7,-518.388,-771.155244,-583.0,3310.30404,94.671957,49.6095,159.363692,28.728374
2024-01-02T12:00:00,2024-01-02T13:00:00,DK2,590.892124,63.790562,230.264419,20.472184,37.7625,698.8004,1.312325,446.006666,0.0,1.113586,0.091121,31.703757,10.450849,2.0766,,-147.3705,-476.652,,,573.1,2083.814593,44.80179,23.577,85.067407,5.92449
2024-01-02T11:00:00,2024-01-02T12:00:00,DK1,630.304849,283.726339,102.254509,42.151124,236.723029,1011.591291,12.4859,2963.095693,3.957897,1.042286,0.132891,59.171041,11.206464,2e-06,-109.4467,-466.403,279.58,-674.839,-799.273148,-337.4,3250.061467,91.421503,65.539,155.663556,29.256137
2024-01-02T11:00:00,2024-01-02T12:00:00,DK2,595.035285,63.872824,227.726831,20.590157,37.2413,569.101,1.190921,405.027469,0.0,2.557221,0.203941,43.874846,14.075289,2.44025,,-235.29075,1.725,,,332.8,2082.171583,42.356548,22.2145,82.128702,5.96684
2024-01-02T10:00:00,2024-01-02T11:00:00,DK1,619.207081,273.17897,100.358927,38.548662,237.108459,1015.871622,12.373893,2879.941305,3.939695,1.018595,0.126836,54.423616,8.974287,0.0,-35.4447,-703.497,364.6,-495.039,-780.529873,-311.6,3283.561375,87.279674,58.92645,152.903383,38.391736
2024-01-02T10:00:00,2024-01-02T11:00:00,DK2,593.339174,69.813709,231.765288,20.929127,37.3984,462.3048,1.06499,347.040963,0.0,0.952248,0.079249,35.803112,11.050606,2.12162,,-541.2875,489.797,,,307.4,2069.572785,48.886963,18.12,80.017742,5.96337
2024-01-02T09:00:00,2024-01-02T10:00:00,DK1,619.076912,264.349927,89.644548,34.339032,234.290141,1016.900763,11.880114,2774.576486,3.939447,0.469065,0.073028,34.367295,6.321453,3e-06,-355.0494,-673.665,752.0,-669.859,-762.020252,-79.4,3302.234562,78.237196,66.91885,149.367004,42.564646
2024-01-02T09:00:00,2024-01-02T10:00:00,DK2,590.372605,68.802027,228.958453,19.680002,37.6019,314.6383,0.901221,281.335824,0.0,0.570618,0.040567,26.923473,7.257091,2.08022,,-240.05125,634.726992,,,77.9,2051.738043,65.229496,11.173008,78.248636,7.02008
2024-01-02T08:00:00,2024-01-02T09:00:00,DK1,631.748342,228.965805,85.642159,21.577093,228.643899,1017.85908,11.113181,2470.845859,3.940713,0.176752,0.027004,9.521696,0.486273,2e-06,-767.2455,-637.384,1630.61,-677.611,-789.56,-192.7,3276.657358,78.636437,88.97165,138.212202,89.755674
2024-01-02T08:00:00,2024-01-02T09:00:00,DK2,586.091937,68.433724,234.770474,18.714353,37.8686,192.5407,0.807442,254.17071,0.0,0.191681,0.018056,10.315049,1.477291,2.3588,,-455.7235,880.333992,,,189.8,2022.169309,42.414168,11.191008,74.988633,31.37444
2024-01-02T07:00:00,2024-01-02T08:00:00,DK1,564.65116,236.249861,83.875533,20.491202,226.146217,1024.19749,10.215228,2197.647143,4.139724,0.130362,0.01009,0.263554,0.0,3e-06,-1210.9285,-645.23,1551.45,-274.125,-302.562322,-263.5,3223.121745,79.300242,73.6836,131.162839,115.300737
2024-01-02T07:00:00,2024-01-02T08:00:00,DK2,583.263003,68.051414,231.344888,17.734904,36.8002,180.016967,0.700902,236.333707,0.0,0.109,0.011417,0.252627,0.0,2.42673,,-608.469,920.085,,,259.6,1928.261759,43.197546,10.954,71.168576,6.96446
2024-01-02T06:00:00,2024-01-02T07:00:00,DK1,538.883153,164.218798,81.362197,19.038511,213.829608,1020.20551,9.398035,1962.54295,4.392049,0.123652,0.008772,0.155132,0.0,4e-06,-1651.3491,-726.141,1343.74,397.243,98.073254,-320.5,3155.224525,85.130384,89.1331,121.187588,176.980479
2024-01-02T06:00:00,2024-01-02T07:00:00,DK2,531.453788,65.407158,226.016497,17.860616,35.4123,142.984968,0.596513,186.330963,0.0,0.120128,0.01284,0.003032,0.0,2.14817,,-702.5465,960.204016,,,316.0,1782.004489,43.912796,11.207984,65.980755,6.71897
2024-01-02T05:00:00,2024-01-02T06:00:00,DK1,358.278199,97.392707,79.596659,17.335058,194.419387,991.858121,8.65466,1801.512468,4.40652,0.106427,0.009227,0.120041,0.0,3e-06,-1700.0869,-731.959,1511.84,677.641,292.411361,-527.7,3075.835938,95.749313,93.7939,112.425172,322.828689
2024-01-02T05:00:00,2024-01-02T06:00:00,DK2,513.996697,58.225142,206.887344,16.470542,34.3482,76.868467,0.472977,138.334606,0.0,0.108283,0.012994,0.00322,0.0,2.27786,,-931.49075,957.341,,,519.0,1592.856582,52.17497,11.22,58.835727,24.89049
2024-01-02T04:00:00,2024-01-02T05:00:00,DK1,259.775382,54.711148,63.52106,15.852213,135.112507,825.556549,7.568233,1638.09346,4.414977,0.076489,0.006998,0.088683,0.0,3e-06,-1700.6183,-731.866,1391.23,683.154,770.917149,-441.0,2976.594551,86.072367,94.4653,103.666039,437.915749
2024-01-02T04:00:00,2024-01-02T05:00:00,DK2,436.005866,50.793642,232.57199,15.463348,32.5214,151.633568,0.344412,114.624942,0.0,0.060357,0.007048,0.003275,0.0,1.26393,,-1009.4545,971.612008,,,434.2,1431.651286,61.478478,11.362992,54.654983,44.09816
2024-01-02T03:00:00,2024-01-02T04:00:00,DK1,214.254395,51.095518,60.195805,14.311414,95.273896,705.095417,6.676184,1462.036953,4.420905,0.057209,0.004405,0.06186,0.0,2e-06,-1700.6768,-731.728,1846.88,683.392,781.310923,-561.3,2931.362086,95.087571,94.4778,100.197978,480.684143
2024-01-02T03:00:00,2024-01-02T04:00:00,DK2,314.806598,48.965227,228.72417,14.531991,30.4076,169.588768,0.248268,82.163508,0.0,0.040853,0.006598,0.003621,0.0,0.48113,,-1066.71025,980.682968,,,551.7,1355.64105,50.115039,11.088032,51.818388,41.0006
2024-01-02T02:00:00,2024-01-02T03:00:00,DK1,216.557858,59.821057,60.378684,13.350224,89.931213,591.464752,6.598745,1413.736449,4.443542,0.052687,0.004194,0.09819,0.0,2e-06,-1700.7341,-731.943,2071.11,683.368,782.456281,-597.0,2963.694778,94.77875,95.0291,101.173391,466.571764
2024-01-02T02:00:00,2024-01-02T03:00:00,DK2,296.009428,50.103094,232.523648,14.243303,31.7911,231.949468,0.239522,117.929583,0.0,0.037109,0.005903,0.002686,0.0,0.22196,,-1156.62625,976.359992,,,586.6,1381.390546,54.047706,11.143008,53.668749,44.54394
2024-01-02T01:00:00,2024-01-02T02:00:00,DK1,159.700474,91.279577,63.735484,12.488381,67.899366,606.699257,6.674719,1427.780149,4.442612,0.05706,0.006059,0.12777,0.0,1e-06,-1700.6666,-731.863,1950.68,683.413,774.957157,-588.5,2828.911466,95.810914,94.6446,98.683958,382.274738
2024-01-02T01:00:00,2024-01-02T02:00:00,DK2,293.907174,50.09573,234.503714,14.606212,29.0791,180.121268,0.241518,121.043765,0.0,0.038472,0.007932,0.002985,0.0,0.18258,,-1067.3875,984.870016,,,578.4,1419.712966,51.253725,11.159984,55.687233,44.39913
2024-01-02T00:00:00,2024-01-02T01:00:00,DK1,105.305421,99.177311,64.367921,13.820362,81.015166,632.718811,6.832005,1455.238595,4.455925,0.062729,0.012427,0.121797,0.0,0.0,-1700.5737,-731.845,2093.61,683.367,468.234879,-544.2,2731.721649,92.797262,94.7117,100.249825,321.54839
2024-01-02T00:00:00,2024-01-02T01:00:00,DK2,300.11282,51.432444,234.467368,16.517843,27.6819,225.228468,0.239707,146.408471,0.0,0.036628,0.00756,0.003729,0.0,0.38956,,-1075.875,986.869,,,535.1,1448.620498,52.309199,11.136,57.338208,44.0554
2024-01-01T23:00:00,2024-01-02T00:00:00,DK1,147.8063,96.320183,66.369276,13.480767,101.295155,741.690954,7.00538,1460.339796,4.480879,0.074708,0.009012,0.126547,0.0,0.0,-1700.7634,-731.85,1849.64,683.553,696.717466,-600.0,2836.296023,95.846382,94.5624,100.706264,370.888928
2024-01-01T23:00:00,2024-01-02T00:00:00,DK2,319.484441,52.751804,235.148913,18.41338,29.2212,300.070968,0.259505,149.923177,0.0,0.041092,0.006714,0.004287,0.0,1.18318,,-1214.27725,986.747,,,589.7,1468.678411,56.603696,11.288,57.106927,45.53176
2024-01-01T22:00:00,2024-01-01T23:00:00,DK1,269.305406,101.564842,78.089774,13.071457,100.015868,820.610805,6.74477,1463.403023,4.480808,0.072412,0.004418,0.17976,0.0,0.0,-1700.2402,-731.597,1358.46,671.735,763.040647,-576.2,2642.74179,88.911679,93.6132,98.677254,253.680375
2024-01-01T22:00:00,2024-01-01T23:00:00,DK2,404.286589,55.706939,234.772496,18.293084,29.1659,306.653168,0.221404,134.175768,0.0,0.041494,0.008084,0.00275,0.0,1.40819,,-1238.340258,986.841,,,566.7,1499.936608,65.1006,11.188,56.624151,72.08887
2024-01-01T21:00:00,2024-01-01T22:00:00,DK1,325.05121,101.727688,79.074541,12.697474,86.252925,829.626246,6.677426,1460.876341,4.462146,0.073953,0.003888,0.230572,0.0,0.0,-1700.7267,-728.796,2392.87,138.145,51.146949,-257.3,2802.093659,83.724086,79.7327,102.199378,274.118584
2024-01-01T21:00:00,2024-01-01T22:00:00,DK2,485.166986,53.867933,233.980458,19.050208,28.1921,219.284668,0.212052,142.699363,0.0,0.043188,0.012076,0.002904,0.0,1.44877,,-872.3895,982.851984,,,253.9,1548.32319,50.323147,11.252016,59.534903,66.79504
2024-01-01T20:00:00,2024-01-01T21:00:00,DK1,330.920024,102.343792,79.919218,11.789727,102.221619,761.803858,6.747337,1428.438378,4.492156,0.07676,0.00606,0.159461,0.0,2e-06,-1700.5002,-712.785,2432.2,561.297,-217.627966,-383.2,2808.302226,91.795531,89.0952,104.153641,274.316679
2024-01-01T20:00:00,2024-01-01T21:00:00,DK2,491.523286,50.698712,234.792304,19.36078,26.1135,263.738068,0.212483,155.277038,0.0,0.056973,0.010411,0.002907,0.0,1.47164,,-953.998,970.294016,,,377.5,1637.054118,51.479028,11.141984,63.946698,65.4824
2024-01-01T19:00:00,2024-01-01T20:00:00,DK1,383.679397,133.243427,80.895958,12.257913,87.959708,672.056206,6.598452,1396.973514,4.49797,0.09315,0.021182,0.164176,0.0,2e-06,-1669.0582,-675.284,2434.71,585.195,-788.547853,-103.3,2562.156002,76.88013,95.44545,106.803764,121.626333
2024-01-01T19:00:00,2024-01-01T20:00:00,DK2,497.5402,44.192269,234.843491,19.019865,21.4317,283.316167,0.225223,155.294833,0.0,0.093371,0.012491,0.003125,0.0,1.66341,,-686.35625,982.229008,,,101.7,1655.208903,50.493387,11.016992,65.610896,27.35969
2024-01-01T18:00:00,2024-01-01T19:00:00,DK1,615.737608,137.650614,80.736499,11.784861,74.296975,601.492514,6.296772,1415.999307,4.504684,0.122392,0.020572,0.189099,0.0,1e-06,-1259.7362,-595.755,2567.92,-68.921,-800.985617,-152.4,2638.954081,72.68157,49.5122,111.264096,97.653795
2024-01-01T18:00:00,2024-01-01T19:00:00,DK2,467.82529,49.765916,233.778562,19.024706,24.2066,278.056066,0.176825,131.723961,0.0,0.128528,0.015509,0.004112,0.0,1.73701,,-603.8865,975.148008,,,150.2,1727.904593,59.149306,11.256992,68.72869,27.94472
2024-01-01T17:00:00,2024-01-01T18:00:00,DK1,624.524051,128.312017,85.793571,10.719241,73.08264,535.898983,6.129882,1422.430412,4.514143,0.17683,0.018642,0.176074,0.0,4e-06,-1265.2396,-615.884,2401.49,78.844,-800.92563,58.7,2748.76126,67.592265,74.37245,116.882649,82.174249
2024-01-01T17:00:00,2024-01-01T18:00:00,DK2,468.259826,49.675028,228.80339,18.829919,25.7903,164.004368,0.15408,106.478583,0.0,0.17608,0.022749,0.004064,0.0,1.89645,,-141.61825,957.525024,,,-60.1,1819.901611,74.929564,11.056976,72.557484,28.10253
2024-01-01T16:00:00,2024-01-01T17:00:00,DK1,631.766208,133.318584,86.181322,13.258609,59.282115,518.603393,5.962014,1379.167172,4.513601,0.187655,0.017075,0.207422,0.0,6e-06,-1027.3434,-207.16,2519.06,-545.449,-800.839484,68.3,2839.033292,67.820741,76.0796,120.369486,86.576207
2024-01-01T16:00:00,2024-01-01T17:00:00,DK2,503.9894,47.603204,229.423749,18.574898,18.8898,160.179768,0.150819,125.253857,0.0,0.199855,0.036018,0.004758,0.0,1.75999,,-145.2495,969.445984,,,-69.9,1860.3626,46.321897,11.118016,75.153305,24.55844
2024-01-01T15:00:00,2024-01-01T16:00:00,DK1,553.497766,130.947923,82.886616,13.952324,64.407923,506.897183,5.704532,1341.552884,4.517478,0.111535,0.01541,0.222605,0.0,1e-06,-1358.9413,-502.952,2423.66,124.469,-800.968661,126.7,2716.681219,68.518068,79.3237,112.408151,93.160389
2024-01-01T15:00:00,2024-01-01T16:00:00,DK2,545.170481,47.721585,228.903921,17.513928,16.5585,244.414868,0.123733,108.370746,0.0,0.089588,0.013886,0.003028,0.0,2.24726,,-256.558,977.953016,,,-128.7,1803.82654,52.031928,11.201984,71.766916,24.32031
2024-01-01T14:00:00,2024-01-01T15:00:00,DK1,402.791542,126.915441,81.682523,14.880055,60.015349,456.480795,5.557427,1255.141019,4.522221,0.105528,0.009891,4.796976,0.789831,0.0,-1661.4911,-592.284,2402.76,672.119,-800.653708,313.2,2747.33879,77.219891,87.19295,106.693097,169.700819
2024-01-01T14:00:00,2024-01-01T15:00:00,DK2,483.721269,47.885989,228.110269,18.883712,15.5594,189.074268,0.108377,94.249058,0.0,0.072834,0.011216,1.769893,1.917644,2.02796,,-22.96075,975.703016,,,-317.3,1718.834155,44.460499,11.013984,66.671304,23.70923
2024-01-01T13:00:00,2024-01-01T14:00:00,DK1,323.854967,103.753268,81.194199,15.140881,63.390612,467.140734,5.339535,1183.634785,4.493674,0.262389,0.029338,20.059304,8.652077,2.7e-05,-1700.3426,-626.917,2484.08,683.23,-800.603348,532.0,2848.392842,87.911429,89.9476,103.183189,190.545595
2024-01-01T13:00:00,2024-01-01T14:00:00,DK2,427.148946,47.015989,225.132111,19.457922,13.2152,133.745168,0.161632,108.106482,0.0,0.268501,0.030296,12.9699,6.789116,2.34344,,257.64375,982.413008,,,-540.5,1695.941461,38.37035,11.270992,65.74442,23.92958
2024-01-01T12:00:00,2024-01-01T13:00:00,DK1,319.615772,98.052568,80.200595,16.933322,87.983436,501.544835,5.27418,1144.608163,4.431506,0.73496,0.095699,44.386942,10.801653,2e-06,-1696.3551,-679.339,2516.14,683.308,-800.534679,512.5,2850.382854,90.45009,93.0101,103.040743,202.464591
2024-01-01T12:00:00,2024-01-01T13:00:00,DK2,424.936051,47.495432,224.49475,21.117294,13.0791,320.341768,0.213419,141.440947,0.0,0.788485,0.089396,28.797942,10.826487,1.74246,,-7.3295,986.827008,,,-520.8,1694.061039,66.732468,11.160992,66.821171,24.11146
2024-01-01T11:00:00,2024-01-01T12:00:00,DK1,301.477438,99.965318,80.360309,17.137977,109.566507,622.171824,5.073446,1106.000337,4.405723,1.099866,0.134779,45.618082,11.343903,0.0,-1635.2518,-565.219,2532.03,683.181,-800.59501,199.8,2818.300698,80.874897,82.2168,102.754341,195.444357
2024-01-01T11:00:00,2024-01-01T12:00:00,DK2,374.458929,46.112143,226.993631,21.491492,11.3033,362.558968,0.186731,151.096783,0.0,1.10101,0.110499,35.320048,11.621885,2.28309,,-351.16625,986.929,,,-202.8,1677.601259,50.701063,11.054,65.388631,21.04985
2024-01-01T10:00:00,2024-01-01T11:00:00,DK1,277.166642,99.764056,78.325498,18.171072,131.919352,748.994172,5.001734,1136.445861,4.366762,0.976815,0.122438,32.936947,6.57884,1e-06,-1697.3749,-545.68,2535.8,683.23,-794.279356,120.2,2842.665934,81.997769,87.4399,101.332347,213.76035
2024-01-01T10:00:00,2024-01-01T11:00:00,DK2,372.984382,48.902785,230.581983,20.075847,10.9985,391.122867,0.170606,167.208666,0.0,1.185704,0.167344,31.185625,10.761548,1.75331,,-483.8065,985.099992,,,-122.4,1665.992659,52.743588,11.117008,63.854704,48.87476
2024-01-01T09:00:00,2024-01-01T10:00:00,DK1,263.283207,88.701862,76.620567,16.202431,132.256724,842.083387,5.038373,1152.538401,4.350659,0.391699,0.054691,20.498893,5.082677,2e-06,-1702.1719,-525.824,2418.81,683.349,-493.004522,-152.7,2835.562151,85.52988,89.9889,97.989792,248.340174
2024-01-01T09:00:00,2024-01-01T10:00:00,DK2,370.005197,49.555931,231.688756,16.572025,6.9888,383.703269,0.166558,173.855327,0.0,0.612937,0.064958,23.243489,7.762328,1.47374,,-794.151,986.949992,,,149.8,1608.292307,60.146525,11.137008,61.810707,50.18394
2024-01-01T08:00:00,2024-01-01T09:00:00,DK1,194.24469,54.189121,73.628463,9.143452,172.901263,874.085163,4.977749,1141.774093,4.348017,0.124646,0.018086,7.518433,0.383058,3e-06,-1701.9559,-707.759,2518.88,683.473,152.936292,-552.8,2930.110629,115.223863,97.1509,96.460351,489.136893
2024-01-01T08:00:00,2024-01-01T09:00:00,DK2,318.611179,48.204343,233.435765,14.471205,10.7309,367.456168,0.141479,166.057769,0.0,0.178597,0.017621,8.800595,2.130599,1.19308,,-1185.424766,986.763984,,,543.5,1516.268518,63.915575,11.256016,57.54546,50.10002
2024-01-01T07:00:00,2024-01-01T08:00:00,DK1,191.860326,51.137802,71.224239,8.232643,124.333762,540.096785,4.475163,1105.371851,4.350671,0.101008,0.006178,0.161558,0.0,3e-06,-1681.6483,-570.671,2253.55,678.209,567.814327,-469.3,2879.306016,107.984438,92.6708,90.499769,492.692043
2024-01-01T07:00:00,2024-01-01T08:00:00,DK2,303.210838,46.596564,232.127475,14.156294,10.1679,398.465968,0.17942,167.690753,0.0,0.08384,0.008488,0.166643,0.0,1.26284,,-1178.66225,986.881,,,462.0,1444.335773,60.456277,11.158,54.431513,52.98482
2024-01-01T06:00:00,2024-01-01T07:00:00,DK1,195.830447,57.417623,70.653883,8.467289,165.307558,593.537037,4.129905,1080.904295,4.346284,0.100755,0.009307,0.13539,0.0,2e-06,-1528.97,-439.708,2303.15,455.407,463.134508,-509.4,2924.453283,103.100137,67.0017,89.136979,502.548023
2024-01-01T06:00:00,2024-01-01T07:00:00,DK2,292.388351,45.99294,225.433011,13.924714,9.1392,448.636269,0.198716,187.45128,0.0,0.087922,0.009376,0.00373,0.0,1.21784,,-1305.370258,986.727992,,,501.2,1407.041083,61.513632,11.311008,55.175639,57.59915
2024-01-01T05:00:00,2024-01-01T06:00:00,DK1,187.07098,54.495557,70.298551,7.980511,178.025483,545.686284,3.69209,1013.799144,4.360985,0.083696,0.009957,0.14035,0.0,1e-06,-1287.3922,-472.912,2035.32,616.859,507.846674,-521.5,2943.865063,103.947825,63.5552,88.356423,532.131471
2024-01-01T05:00:00,2024-01-01T06:00:00,DK2,289.046428,45.453134,201.056173,14.875603,10.4967,473.485668,0.22922,206.835295,0.0,0.100097,0.01317,0.00295,0.0,0.56072,,-1367.958492,986.921984,,,513.1,1374.21865,63.516068,11.210016,55.346267,56.46623
2024-01-01T04:00:00,2024-01-01T05:00:00,DK1,184.075461,49.061961,62.966389,8.19107,180.063979,605.544954,3.462188,933.50809,4.372125,0.062304,0.007505,0.183062,0.0,2e-06,-1273.2814,-335.479,1935.31,673.34,435.17061,-508.5,2958.0593,100.465063,60.5704,88.444219,550.851145
2024-01-01T04:00:00,2024-01-01T05:00:00,DK2,275.169093,46.165693,202.798458,14.669864,10.388,603.601767,0.277199,215.370035,0.0,0.052371,0.008861,0.002897,0.0,0.44425,,-1477.390508,986.982,,,500.3,1378.83998,69.455032,11.134,56.061389,56.04225
2024-01-01T03:00:00,2024-01-01T04:00:00,DK1,183.982426,52.36644,62.393425,8.269605,165.446618,620.312896,3.656002,938.923677,4.376897,0.057894,0.004915,0.123662,0.0,2e-06,-1387.5465,-308.11,2441.79,287.384,366.116038,-498.8,2940.747997,103.940501,85.6721,89.840706,555.884998
2024-01-01T03:00:00,2024-01-01T04:00:00,DK2,275.347865,44.680464,202.559328,14.601559,14.7248,617.276566,0.302115,214.68523,0.0,0.042497,0.00647,0.004246,0.0,0.38223,,-1472.7385,986.767,,,490.7,1389.34187,70.226677,11.29,56.25996,53.33166
2024-01-01T02:00:00,2024-01-01T03:00:00,DK1,185.040506,48.156644,62.624765,15.688786,181.423108,975.579656,4.147947,1040.012819,4.348457,0.063852,0.005733,0.154151,0.0,1e-06,-1700.9441,-457.779,2518.08,643.678,-29.798953,-538.0,2952.482372,109.501109,104.9371,92.859321,557.324153
2024-01-01T02:00:00,2024-01-01T03:00:00,DK2,275.398603,46.746541,201.408134,14.913982,15.6522,517.489167,0.269561,199.123372,0.0,0.043236,0.00637,0.002918,0.0,0.64867,,-1365.566234,986.662992,,,529.2,1421.999512,64.123213,11.403008,57.865027,57.02199
2024-01-01T01:00:00,2024-01-01T02:00:00,DK1,197.397973,76.079952,72.70375,16.664432,169.654225,978.556408,4.152061,1081.751834,4.284147,0.069184,0.00761,0.143087,0.0,2e-06,-1700.7372,-212.474,2429.78,588.684,-400.233176,-540.5,2765.984289,103.47834,97.5152,89.224643,364.204398
2024-01-01T01:00:00,2024-01-01T02:00:00,DK2,293.800519,41.743095,198.599972,13.632495,12.2958,510.685968,0.242571,185.156071,0.0,0.03839,0.00764,0.002775,0.0,0.98829,,-1311.097968,986.575,,,531.6,1464.270618,64.467446,11.192,59.075538,59.50687
2024-01-01T00:00:00,2024-01-01T01:00:00,DK1,207.753478,72.366501,65.817957,16.297205,160.264305,1016.547643,4.763256,1171.72578,4.297089,0.065358,0.015406,0.109633,0.0,0.0,-1701.0243,-495.866,2532.59,677.961,-592.662432,-540.4,2600.621879,101.183576,93.2663,92.413525,276.194462
2024-01-01T00:00:00,2024-01-01T01:00:00,DK2,294.905852,40.678208,200.459208,13.151875,19.0601,389.895969,0.202649,178.323384,0.0,0.042966,0.011621,0.003125,0.0,0.69642,,-1166.47125,986.252008,,,532.6,1489.812135,59.079085,11.256992,59.830525,58.39838
2023-12-31T23:00:00,2024-01-01T00:00:00,DK1,193.518285,83.022394,65.906155,14.110319,178.286505,1021.25843,5.680743,1297.477655,4.302767,0.071634,0.010456,0.122615,0.0,1e-06,-1700.6408,-485.098,2581.48,522.748,-504.80747,-539.5,2737.949689,104.323937,79.6248,94.948715,359.780859
2023-12-31T23:00:00,2024-01-01T00:00:00,DK2,299.43347,40.874795,199.417036,15.612938,22.6388,468.954368,0.264673,195.677149,0.0,0.053327,0.00732,0.003633,0.0,0.97607,,-1226.629258,966.118984,,,530.7,1514.103305,71.59092,11.202016,60.617714,54.97809
