HourUTC,PriceArea,mismatch,renewable_share,renewable,consumption,SpotPriceDKK,wind_speed,temperature,sunshine
2024-01-31 22:00:00+00:00,DK1,1861.3094270000001,0.8803415291967572,4417.887884,3157.070074,296.149994,11.46346153846154,5.045757575757576,0.0
2024-01-31 22:00:00+00:00,DK2,271.1280569999999,0.8171808850774722,1612.5590539999998,1702.191539,11.93,11.46346153846154,5.045757575757576,0.0
2024-01-31 21:00:00+00:00,DK1,1887.1102820000006,0.896879064431288,4754.276562,3413.801235,249.929993,12.050943396226415,5.054491017964072,0.0
2024-01-31 21:00:00+00:00,DK2,249.4889659999999,0.7963857825144062,1621.8149430000003,1786.980015,27.799999,12.050943396226415,5.054491017964072,0.0
2024-01-31 20:00:00+00:00,DK1,1750.4675089999996,0.9007668696854609,4810.912231,3590.439659,254.179993,12.047169811320757,4.930654761904762,0.0
2024-01-31 20:00:00+00:00,DK2,215.16330400000015,0.7658166406235903,1611.4571120000003,1889.070303,121.800003,12.047169811320757,4.930654761904762,0.0
2024-01-31 19:00:00+00:00,DK1,1708.5714790000006,0.8999623395222907,4809.673725000001,3635.73407,274.309998,11.90566037735849,4.932142857142857,0.0
2024-01-31 19:00:00+00:00,DK2,224.609557,0.7222357680768782,1597.0501220000003,1986.649138,149.300003,11.90566037735849,4.932142857142857,0.0
2024-01-31 18:00:00+00:00,DK1,1787.6761269999997,0.8921238477487332,4801.901851,3594.874584,307.399994,11.430188679245283,4.908630952380952,0.0
2024-01-31 18:00:00+00:00,DK2,205.8110340000003,0.6960675533520446,1582.2320980000002,2067.29032,152.809998,11.430188679245283,4.908630952380952,0.0
2024-01-31 17:00:00+00:00,DK1,1736.0817260000003,0.8949460466822432,4827.785161,3658.416835,350.26001,10.884905660377358,4.777976190476191,0.0
2024-01-31 17:00:00+00:00,DK2,140.35817600000019,0.6720122149383452,1559.851708,2180.807531,198.279999,10.884905660377358,4.777976190476191,0.0
2024-01-31 16:00:00+00:00,DK1,1670.7874839999995,0.890792973888396,4815.893399999999,3735.511781,367.929993,10.345283018867924,4.647321428571429,4.888888888888889
2024-01-31 16:00:00+00:00,DK2,82.1008480000005,0.6649593587505842,1535.2865279999999,2226.741802,367.929993,10.345283018867924,4.647321428571429,4.888888888888889
2024-01-31 15:00:00+00:00,DK1,1573.8341759999998,0.8997438572947614,4794.723156,3755.152643,297.559998,10.18301886792453,4.630952380952381,9.833333333333334
2024-01-31 15:00:00+00:00,DK2,193.75235199999997,0.66730641181527,1546.7457630000001,2124.142,193.880005,10.18301886792453,4.630952380952381,9.833333333333334
2024-01-31 14:00:00+00:00,DK1,1466.325839,0.8951840065007378,4759.796016,3850.788834,297.940002,9.820754716981131,4.761607142857143,9.314814814814817
2024-01-31 14:00:00+00:00,DK2,231.21488300000055,0.6639341613664126,1522.105333,2061.339743,149.75,9.820754716981131,4.761607142857143,9.314814814814817
2024-01-31 13:00:00+00:00,DK1,1578.3367689999995,0.8938090699364118,4793.069347999999,3784.183605,298.529999,9.256603773584906,5.011011904761905,12.74074074074074
2024-01-31 13:00:00+00:00,DK2,204.07145599999967,0.667556092768979,1539.9057860000003,2102.709656,149.679993,9.256603773584906,5.011011904761905,12.74074074074074
2024-01-31 12:00:00+00:00,DK1,1689.9918260000004,0.8874468812194346,4808.209496,3728.033295,346.01001,8.720754716981132,5.171428571428571,13.27777777777778
2024-01-31 12:00:00+00:00,DK2,147.3101499999998,0.6651092608098146,1506.1872270000001,2117.260975,152.360001,8.720754716981132,5.171428571428571,13.27777777777778
2024-01-31 11:00:00+00:00,DK1,1555.258085,0.8759445976019443,4597.565371,3693.436163,400.5,8.011320754716982,5.160714285714286,21.425925925925927
2024-01-31 11:00:00+00:00,DK2,133.0761849999999,0.6736469902904518,1489.2665199999997,2077.675947,152.660004,8.011320754716982,5.160714285714286,21.425925925925927
2024-01-31 10:00:00+00:00,DK1,1037.500184,0.860672940508728,4023.5630960000008,3637.403495,400.350006,7.083018867924528,5.025892857142857,28.88888888888889
2024-01-31 10:00:00+00:00,DK2,135.10723800000005,0.6679124657018085,1465.8384609999998,2059.549302,168.979996,7.083018867924528,5.025892857142857,28.88888888888889
2024-01-31 09:00:00+00:00,DK1,571.0449970000004,0.8460667346445399,3521.812143,3591.525163,414.890015,6.3830188679245285,4.669940476190476,25.61111111111111
2024-01-31 09:00:00+00:00,DK2,119.61936399999968,0.6585285223795626,1441.1365530000003,2068.799974,312.170013,6.3830188679245285,4.669940476190476,25.61111111111111
2024-01-31 08:00:00+00:00,DK1,192.2599099999993,0.8002627963889831,2911.639672,3446.094497,421.899994,5.9603773584905655,4.16875,12.592592592592592
2024-01-31 08:00:00+00:00,DK2,46.07959299999993,0.6276480649759201,1326.721977,2067.719606,381.350006,5.9603773584905655,4.16875,12.592592592592592
2024-01-31 07:00:00+00:00,DK1,325.42047399999956,0.7750977670092855,2939.7134109999997,3467.279668,431.589996,5.881132075471698,3.8285714285714287,0.0
2024-01-31 07:00:00+00:00,DK2,-76.74886900000024,0.6067073154946332,1184.681558,2029.389834,431.589996,5.881132075471698,3.8285714285714287,0.0
2024-01-31 06:00:00+00:00,DK1,147.57009199999993,0.7688178122621994,2705.9170649999996,3372.011559,424.209991,6.173584905660377,3.798511904761905,0.0
2024-01-31 06:00:00+00:00,DK2,-20.496934999999894,0.6395105731754387,1239.0827390000002,1958.045415,418.540009,6.173584905660377,3.798511904761905,0.0
2024-01-31 05:00:00+00:00,DK1,348.3702000000003,0.7775723854855177,2582.630757000001,2973.032161,410.040009,6.479245283018868,3.893452380952381,0.0
2024-01-31 05:00:00+00:00,DK2,158.67701900000043,0.6747585203193739,1283.0142410000003,1742.765056,190.369995,6.479245283018868,3.893452380952381,0.0
2024-01-31 04:00:00+00:00,DK1,664.8345009999998,0.8122275300624567,2755.872924,2728.146926,378.73999,6.796226415094339,4.13125,0.0
2024-01-31 04:00:00+00:00,DK2,371.3595689999995,0.6863992398165296,1322.7289449999996,1555.695224,144.529999,6.796226415094339,4.13125,0.0
2024-01-31 03:00:00+00:00,DK1,1020.7407450000001,0.8491172280986065,3134.139169,2670.315172,383.059998,6.916981132075472,4.285671641791045,0.0
2024-01-31 03:00:00+00:00,DK2,374.4980989999999,0.7363666225550778,1368.2682539999998,1483.636439,141.330002,6.916981132075472,4.285671641791045,0.0
2024-01-31 02:00:00+00:00,DK1,1158.1289810000003,0.8536903558837472,3370.27059,2789.755128,380.600006,6.724528301886792,4.537724550898203,0.0
2024-01-31 02:00:00+00:00,DK2,325.80284100000017,0.766985597032835,1405.7786379999998,1507.059006,138.490005,6.724528301886792,4.537724550898203,0.0
2024-01-31 01:00:00+00:00,DK1,900.287871,0.8327902450269841,3038.4960059999994,2748.285133,382.089996,6.971698113207547,4.776347305389222,0.0
2024-01-31 01:00:00+00:00,DK2,284.018779,0.7662889731709054,1404.428449,1548.747316,137.899994,6.971698113207547,4.776347305389222,0.0
2024-01-31 00:00:00+00:00,DK1,1015.1536760000004,0.8378526475304673,3183.9336630000003,2784.958041,382.98999,6.730188679245283,5.047604790419162,0.0
2024-01-31 00:00:00+00:00,DK2,212.51205900000014,0.7625432248188804,1382.709458,1600.774602,137.600006,6.730188679245283,5.047604790419162,0.0
2024-01-30 23:00:00+00:00,DK1,1211.4421590000002,0.8580700637811552,3430.9297970000002,2786.984009,384.700012,6.462264150943396,5.304477611940299,0.0
2024-01-30 23:00:00+00:00,DK2,172.49193199999968,0.7421686861098282,1332.6059449999998,1623.064752,137.080002,6.462264150943396,5.304477611940299,0.0
2024-01-30 22:00:00+00:00,DK1,890.8548600000004,0.8228909991319896,2968.00935,2715.952546,396.929993,6.20188679245283,5.545945945945946,0.0
2024-01-30 22:00:00+00:00,DK2,363.605763,0.6914183258335022,1304.836093,1523.58184,180.169998,6.20188679245283,5.545945945945946,0.0
2024-01-30 21:00:00+00:00,DK1,591.4286349999998,0.8383823392943217,2841.616565,2797.975497,399.23999,5.856603773584905,5.878869047619047,0.0
2024-01-30 21:00:00+00:00,DK2,319.15172600000005,0.6481795909241077,1271.964193,1643.212117,168.160004,5.856603773584905,5.878869047619047,0.0
2024-01-30 20:00:00+00:00,DK1,383.3424310000005,0.7950889377237259,2541.066161,2812.60967,401.929993,5.892452830188679,6.102089552238806,0.0
2024-01-30 20:00:00+00:00,DK2,216.39867700000013,0.6088612670451024,1190.413659,1738.748946,401.929993,5.892452830188679,6.102089552238806,0.0
2024-01-30 19:00:00+00:00,DK1,369.6717020000001,0.7685208130629438,2521.8603179999996,2911.7753,422.799988,5.916981132075472,6.254491017964072,0.0
2024-01-30 19:00:00+00:00,DK2,141.0127309999998,0.6186031573468491,1226.97713,1842.451329,422.799988,5.916981132075472,6.254491017964072,0.0
2024-01-30 18:00:00+00:00,DK1,512.3540280000002,0.7475961452115624,2626.583953,3001.01876,435.690002,5.8226415094339625,6.196428571428571,0.0
2024-01-30 18:00:00+00:00,DK2,-18.513901000000033,0.6171507861257829,1201.4606140000003,1965.300069,435.690002,5.8226415094339625,6.196428571428571,0.0
2024-01-30 17:00:00+00:00,DK1,503.4763230000008,0.7823747750629018,2899.606094,3202.683674,457.829987,5.634615384615385,6.19940119760479,0.0
2024-01-30 17:00:00+00:00,DK2,-154.36077299999988,0.6067896645598969,1191.210016,2117.495753,457.829987,5.634615384615385,6.19940119760479,0.0
2024-01-30 16:00:00+00:00,DK1,466.94900700000017,0.777355431262405,2951.4751170000004,3329.86645,535.950012,5.435849056603774,6.106865671641791,1.7115384615384617
2024-01-30 16:00:00+00:00,DK2,-313.3549740000001,0.5889190867005853,1094.209914,2171.352004,535.950012,5.435849056603774,6.106865671641791,1.7115384615384617
2024-01-30 15:00:00+00:00,DK1,569.9746189999992,0.7731172295170885,2904.4597219999996,3186.842085,475.049988,5.258490566037736,6.034730538922156,0.2222222222222222
2024-01-30 15:00:00+00:00,DK2,-339.22809400000006,0.5465971144678331,926.2943069999999,2033.88451,475.049988,5.258490566037736,6.034730538922156,0.2222222222222222
2024-01-30 14:00:00+00:00,DK1,570.180656999999,0.7792870942754024,2873.765255,3117.504249,466.929993,4.984905660377359,6.011309523809524,0.6111111111111112
2024-01-30 14:00:00+00:00,DK2,-481.20813,0.4891876362773721,726.6169840000001,1966.562481,466.929993,4.984905660377359,6.011309523809524,0.6111111111111112
2024-01-30 13:00:00+00:00,DK1,427.3364110000007,0.7744364895595183,2844.2831410000003,3245.376819,477.209991,4.796226415094339,5.997611940298508,0.0
2024-01-30 13:00:00+00:00,DK2,-588.9470289999997,0.43078403360927603,597.1159819999999,1975.061498,523.349976,4.796226415094339,5.997611940298508,0.0
2024-01-30 12:00:00+00:00,DK1,303.77070399999957,0.7554686092389641,2679.036554,3242.421052,474.75,5.052830188679246,5.932440476190476,0.0555555555555555
2024-01-30 12:00:00+00:00,DK2,-681.5140259999998,0.4148953799939831,549.152412,2005.106523,496.369995,5.052830188679246,5.932440476190476,0.0555555555555555
2024-01-30 11:00:00+00:00,DK1,-40.230745999999726,0.7248086117319515,2358.361066,3294.001504,475.649994,4.932075471698113,5.78,0.037037037037037
2024-01-30 11:00:00+00:00,DK2,-644.2885699999999,0.4012946720931799,555.140023,2027.661093,495.470001,4.932075471698113,5.78,0.037037037037037
2024-01-30 10:00:00+00:00,DK1,-71.99662800000033,0.7243008888121671,2357.0687209999996,3326.26396,487.200012,4.494339622641509,5.616666666666667,0.0
2024-01-30 10:00:00+00:00,DK2,-794.5637800000002,0.3557592922553922,451.846687,2064.654813,510.01001,4.494339622641509,5.616666666666667,0.0
2024-01-30 09:00:00+00:00,DK1,-153.74872199999982,0.6840892027326025,2125.1131630000004,3260.234184,575.080017,4.079245283018868,5.357142857142857,1.0740740740740742
2024-01-30 09:00:00+00:00,DK2,-895.4910159999997,0.2851437035401903,332.77406900000005,2062.53088,575.080017,4.079245283018868,5.357142857142857,1.0740740740740742
2024-01-30 08:00:00+00:00,DK1,-237.81206900000006,0.6449899664709102,1899.9130900000002,3183.459581,631.140015,3.7185185185185183,5.081524926686217,2.814814814814815
2024-01-30 08:00:00+00:00,DK2,-901.8329150000002,0.2387369052624257,267.9821,2024.332596,633.080017,3.7185185185185183,5.081524926686217,2.814814814814815
2024-01-30 07:00:00+00:00,DK1,-210.44024799999988,0.6470580824463825,1928.7843739999998,3191.29224,622.48999,3.4574074074074077,4.892690058479532,0.0
2024-01-30 07:00:00+00:00,DK2,-926.992655,0.18898908668568995,199.205437,1981.05054,715.070007,3.4574074074074077,4.892690058479532,0.0
2024-01-30 06:00:00+00:00,DK1,-415.29663299999993,0.6349817483338724,1704.996843,3100.408209,561.219971,2.9703703703703703,4.848245614035087,0.0
2024-01-30 06:00:00+00:00,DK2,-844.1923269999998,0.19166766818950196,201.616457,1896.09878,675.340027,2.9703703703703703,4.848245614035087,0.0
2024-01-30 05:00:00+00:00,DK1,-596.4877539999998,0.5760710536076724,1260.227305,2784.112522,511.869995,2.685185185185185,4.7821637426900585,0.0
2024-01-30 05:00:00+00:00,DK2,-690.1833699999999,0.1417225178654671,139.15803699999998,1672.088286,570.609985,2.685185185185185,4.7821637426900585,0.0
2024-01-30 04:00:00+00:00,DK1,-848.411509,0.48990623158841806,797.989945,2477.274123,517.090027,2.357407407407407,4.696783625730994,0.0
2024-01-30 04:00:00+00:00,DK2,-530.8268740000001,0.13542195427813197,126.99328899999999,1468.586853,517.090027,2.357407407407407,4.696783625730994,0.0
2024-01-30 03:00:00+00:00,DK1,-1073.7914530000003,0.3706188177133801,508.11401799999993,2444.779632,500.769989,2.061111111111111,4.612865497076023,0.0
2024-01-30 03:00:00+00:00,DK2,-625.3444350000002,0.1202979623737702,93.66887700000002,1403.98503,500.769989,2.061111111111111,4.612865497076023,0.0
2024-01-30 02:00:00+00:00,DK1,-1076.9464159999998,0.29053908437670867,379.990045,2384.825684,502.709991,1.948148148148148,4.544281524926686,0.0
2024-01-30 02:00:00+00:00,DK2,-664.2885380000001,0.1499994943103772,115.20862,1432.348594,502.709991,1.948148148148148,4.544281524926686,0.0
2024-01-30 01:00:00+00:00,DK1,-1206.5484680000002,0.18079610936090765,213.028522,2384.828923,517.090027,1.9814814814814812,4.49093567251462,0.0
2024-01-30 01:00:00+00:00,DK2,-703.6863830000002,0.16260342213226622,123.48812600000001,1463.129969,517.090027,1.9814814814814812,4.49093567251462,0.0
2024-01-30 00:00:00+00:00,DK1,-1286.5010990000003,0.14714491427130832,163.47771400000002,2397.499157,512.77002,1.935185185185185,4.4678362573099415,0.0
2024-01-30 00:00:00+00:00,DK2,-751.282582,0.1688419801721355,126.831883,1502.469478,512.77002,1.935185185185185,4.4678362573099415,0.0
2024-01-29 23:00:00+00:00,DK1,-1362.4941190000002,0.1962803216576458,215.862679,2462.261417,536.25,2.0055555555555555,4.446198830409356,0.0
2024-01-29 23:00:00+00:00,DK2,-794.4324790000001,0.16704588508467286,117.70891599999999,1499.082677,536.25,2.0055555555555555,4.446198830409356,0.0
2024-01-29 22:00:00+00:00,DK1,-1178.845785,0.18971555784050487,247.55952199999996,2483.744154,598.539978,1.9722222222222223,4.405555555555556,0.0
2024-01-29 22:00:00+00:00,DK2,-763.6995129999998,0.2291866762073524,175.94217999999998,1531.380178,598.539978,1.9722222222222223,4.405555555555556,0.0
2024-01-29 21:00:00+00:00,DK1,-1283.71249,0.14148190214394515,185.982422,2598.244025,621.869995,1.9611111111111112,4.379239766081872,0.0
2024-01-29 21:00:00+00:00,DK2,-858.922166,0.26573941275285595,200.904453,1614.942701,621.869995,1.9611111111111112,4.379239766081872,0.0
2024-01-29 20:00:00+00:00,DK1,-1111.1380869999998,0.09749901355177523,151.357743,2663.540901,646.98999,2.142592592592593,4.409941520467837,0.0
2024-01-29 20:00:00+00:00,DK2,-823.856156,0.3544301365159756,321.94363799999996,1732.197758,646.98999,2.142592592592593,4.409941520467837,0.0
2024-01-29 19:00:00+00:00,DK1,-1301.644891,0.09167058791014246,139.121721,2819.271473,685.679993,2.344444444444445,4.430116959064328,0.0
2024-01-29 19:00:00+00:00,DK2,-792.502653,0.40682510202527195,426.008945,1839.657666,685.679993,2.344444444444445,4.430116959064328,0.0
2024-01-29 18:00:00+00:00,DK1,-1512.562025,0.08906818342964685,131.30261,2986.742871,801.530029,2.4555555555555557,4.489181286549708,0.0
2024-01-29 18:00:00+00:00,DK2,-674.451208,0.32744672463670615,421.773613,1962.519102,801.530029,2.4555555555555557,4.489181286549708,0.0
2024-01-29 17:00:00+00:00,DK1,-1613.3659650000004,0.06751332897612146,105.039144,3169.194208,874.440002,2.355555555555556,4.540882352941177,0.0
2024-01-29 17:00:00+00:00,DK2,-705.8780559999996,0.31322605695391825,436.760282,2100.27125,874.440002,2.355555555555556,4.540882352941177,0.0
2024-01-29 16:00:00+00:00,DK1,-1717.4590940000003,0.05460029690332747,86.848771,3308.087276,949.880005,2.283333333333333,4.661111111111111,5.211538461538462
2024-01-29 16:00:00+00:00,DK2,-787.6127439999998,0.2903480959840872,395.24243600000005,2148.88372,949.880005,2.283333333333333,4.661111111111111,5.211538461538462
2024-01-29 15:00:00+00:00,DK1,-1649.9475779999998,0.05104935195733759,73.45572100000001,3088.863415,808.309998,2.524074074074074,5.042690058479532,24.48148148148148
2024-01-29 15:00:00+00:00,DK2,-623.859798,0.3060893904871565,414.168636,1976.956798,808.309998,2.524074074074074,5.042690058479532,24.48148148148148
2024-01-29 14:00:00+00:00,DK1,-1560.8899040000006,0.09773642551242223,144.539882,3039.764144,727.580017,2.975925925925926,5.53391812865497,20.074074074074076
2024-01-29 14:00:00+00:00,DK2,-612.0217389999998,0.31113988065171777,408.477562,1924.863928,727.580017,2.975925925925926,5.53391812865497,20.074074074074076
2024-01-29 13:00:00+00:00,DK1,-1768.6092480000004,0.26882006762922533,372.49348399999997,3154.270249,615.390015,3.311111111111112,5.809941520467836,26.203703703703702
2024-01-29 13:00:00+00:00,DK2,-635.775866,0.34167067706424153,450.777411,1955.1089,615.390015,3.311111111111112,5.809941520467836,26.203703703703702
2024-01-29 12:00:00+00:00,DK1,-1778.715763,0.40042652847646976,592.808372,3259.158066,559.030029,3.468518518518519,5.823099415204679,22.38888888888889
2024-01-29 12:00:00+00:00,DK2,-490.72398499999986,0.39325651384562327,588.4144349999999,1986.985113,559.030029,3.468518518518519,5.823099415204679,22.38888888888889
2024-01-29 11:00:00+00:00,DK1,-1910.8863529999996,0.4278506836334967,583.420111,3274.493175,523.619995,3.5074074074074075,5.597076023391813,23.74074074074074
2024-01-29 11:00:00+00:00,DK2,-415.12148,0.4599889997318775,738.66913,2020.962338,523.619995,3.5074074074074075,5.597076023391813,23.74074074074074
2024-01-29 10:00:00+00:00,DK1,-1972.046647,0.4434025725782899,619.655171,3369.546818,531.299988,3.6277777777777778,5.250584795321638,28.46296296296296
2024-01-29 10:00:00+00:00,DK2,-277.8720030000002,0.508900194072702,914.1927609999999,2074.280752,531.299988,3.6277777777777778,5.250584795321638,28.46296296296296
2024-01-29 09:00:00+00:00,DK1,-1764.386976,0.4631970820098236,743.132026,3368.740835,588.179993,3.8777777777777778,4.652631578947369,28.33333333333333
2024-01-29 09:00:00+00:00,DK2,-159.17087100000026,0.5281920207013797,1016.265573,2083.216546,588.179993,3.8777777777777778,4.652631578947369,28.33333333333333
2024-01-29 08:00:00+00:00,DK1,-1387.6710149999997,0.5030834713284185,1001.776337,3378.943625,658.919983,4.245283018867925,4.031454005934718,14.055555555555555
2024-01-29 08:00:00+00:00,DK2,-145.46942200000012,0.537958962147348,1050.8189469999998,2098.813489,658.919983,4.245283018867925,4.031454005934718,14.055555555555555
2024-01-29 07:00:00+00:00,DK1,-718.0618480000007,0.5575786396644106,1452.751767,3323.527093,620.460022,4.59433962264151,3.627380952380952,0.0
2024-01-29 07:00:00+00:00,DK2,-26.213304999999536,0.5675558157244983,1161.1826200000003,2072.148855,620.460022,4.59433962264151,3.627380952380952,0.0
2024-01-29 06:00:00+00:00,DK1,-685.3722170000001,0.7074650262507854,1919.690955,3398.850458,462.339996,4.805555555555555,3.677712609970674,0.0
2024-01-29 06:00:00+00:00,DK2,40.356336000000056,0.6075021095124588,1235.7497630000003,1993.792589,462.339996,4.805555555555555,3.677712609970674,0.0
2024-01-29 05:00:00+00:00,DK1,-95.8822869999999,0.7903609611346645,2401.779727,3134.721305,400.470001,5.162962962962963,3.793529411764706,0.0
2024-01-29 05:00:00+00:00,DK2,239.6047370000001,0.6213135337411999,1260.3179980000002,1788.868698,180.330002,5.162962962962963,3.793529411764706,0.0
2024-01-29 04:00:00+00:00,DK1,493.164346,0.8439231268501355,2741.799401,2755.709057,413.140015,5.322222222222222,3.959587020648968,0.0
2024-01-29 04:00:00+00:00,DK2,248.59427700000037,0.689461664340007,1252.146272,1567.527397,111.900002,5.322222222222222,3.959587020648968,0.0
2024-01-29 03:00:00+00:00,DK1,703.5952150000003,0.8616609724303963,3001.6733660000004,2779.994575,384.51001,5.272222222222222,4.08475073313783,0.0
2024-01-29 03:00:00+00:00,DK2,211.28484700000013,0.7444935023246384,1260.31196,1481.559961,111.82,5.272222222222222,4.08475073313783,0.0
2024-01-29 02:00:00+00:00,DK1,933.2880349999996,0.8644285642146718,3224.7821219999996,2797.248247,357.600006,5.366666666666667,4.141055718475073,0.0
2024-01-29 02:00:00+00:00,DK2,81.35223200000019,0.7431619581948378,1176.838265,1502.203347,111.82,5.366666666666667,4.141055718475073,0.0
2024-01-29 01:00:00+00:00,DK1,1162.520787,0.872070486992286,3467.317697,2813.439584,358.720001,5.666666666666667,4.142105263157895,0.0
2024-01-29 01:00:00+00:00,DK2,44.14795300000014,0.7389602156633375,1190.9263940000003,1567.476555,74.470001,5.666666666666667,4.142105263157895,0.0
2024-01-29 00:00:00+00:00,DK1,1210.3204950000004,0.8645777136995987,3584.111082,2935.184328,352.309998,5.61875,4.091768292682927,0.0
2024-01-29 00:00:00+00:00,DK2,-21.148153000000093,0.7362079229502778,1183.097218,1628.163211,74.470001,5.61875,4.091768292682927,0.0
2024-01-28 23:00:00+00:00,DK1,1238.1976679999993,0.8733442153675456,3663.943812,2957.105567,363.339996,6.087037037037037,4.08764705882353,0.0
2024-01-28 23:00:00+00:00,DK2,-29.642890999999963,0.736153694924108,1183.635372,1637.507363,111.82,6.087037037037037,4.08764705882353,0.0
2024-01-28 22:00:00+00:00,DK1,1483.8978349999993,0.8631890964403481,3684.38032,2784.437267,392.790009,6.333333333333333,4.035294117647059,0.0
2024-01-28 22:00:00+00:00,DK2,90.3809510000001,0.7106664599422952,1216.413035,1621.270159,51.59,6.333333333333333,4.035294117647059,0.0
2024-01-28 21:00:00+00:00,DK1,1451.696171,0.8539065960508126,3680.3526140000004,2858.321612,400.390015,6.472222222222222,4.081818181818182,0.0
2024-01-28 21:00:00+00:00,DK2,161.44604200000026,0.6675146533551468,1237.3656750000002,1692.244613,74.550003,6.472222222222222,4.081818181818182,0.0
2024-01-28 20:00:00+00:00,DK1,1467.4908529999998,0.8528436046624083,3648.66941,2810.748897,400.98999,6.487037037037037,4.110526315789474,0.0
2024-01-28 20:00:00+00:00,DK2,112.77624499999979,0.6566030148560282,1245.5047269999998,1784.11533,122.029999,6.487037037037037,4.110526315789474,0.0
2024-01-28 19:00:00+00:00,DK1,1486.3347159999998,0.8472563039860349,3617.0125760000005,2782.754294,405.089996,6.266666666666667,4.062463343108504,0.0
2024-01-28 19:00:00+00:00,DK2,207.26405299999988,0.6506620164184618,1331.2209289999998,1838.684374,217.75,6.266666666666667,4.062463343108504,0.0
2024-01-28 18:00:00+00:00,DK1,1436.255802000001,0.8284231815328642,3605.830807,2916.387735,422.01001,5.859259259259259,3.991788856304985,0.0
2024-01-28 18:00:00+00:00,DK2,178.5460619999999,0.6407600659713213,1335.160665,1905.167852,422.01001,5.859259259259259,3.991788856304985,0.0
2024-01-28 17:00:00+00:00,DK1,1291.4279259999994,0.8155874681547767,3539.9106739999997,3048.892165,427.380005,5.483333333333333,3.981578947368421,0.0
2024-01-28 17:00:00+00:00,DK2,62.6823200000008,0.6159144415702085,1274.7924279999997,2007.073383,427.380005,5.483333333333333,3.981578947368421,0.0
2024-01-28 16:00:00+00:00,DK1,1064.9782269999992,0.8081154756202793,3344.824886,3074.065,431.329987,5.264814814814815,4.103519061583578,11.23076923076923
2024-01-28 16:00:00+00:00,DK2,-115.22902399999998,0.5832182945295248,1140.8946290000001,2071.43417,431.329987,5.264814814814815,4.103519061583578,11.23076923076923
2024-01-28 15:00:00+00:00,DK1,1055.0852260000001,0.8062043190308263,3215.1968939999997,2932.981841,431.850006,5.485185185185185,4.605278592375367,45.66666666666666
2024-01-28 15:00:00+00:00,DK2,-240.0812350000001,0.5022039714119596,833.449632,1899.665148,431.850006,5.485185185185185,4.605278592375367,45.66666666666666
2024-01-28 14:00:00+00:00,DK1,933.9514650000001,0.8413975775149117,3318.309014,3009.854772,420.519989,5.712962962962963,5.176608187134503,50.5925925925926
2024-01-28 14:00:00+00:00,DK2,-320.4811820000002,0.4610722782262833,690.955989,1819.066158,420.519989,5.712962962962963,5.176608187134503,50.5925925925926
2024-01-28 13:00:00+00:00,DK1,821.8471829999999,0.8696164960496984,3538.4128929999997,3247.087697,377.579987,5.783333333333333,5.354093567251462,45.18518518518518
2024-01-28 13:00:00+00:00,DK2,-356.025987,0.47761055415737047,690.8556369999999,1802.509175,377.579987,5.783333333333333,5.354093567251462,45.18518518518518
2024-01-28 12:00:00+00:00,DK1,281.9435559999997,0.8831867079544291,3507.6712269999994,3689.664254,298.859985,5.688888888888889,5.151612903225806,42.24074074074074
2024-01-28 12:00:00+00:00,DK2,-326.6224379999999,0.5215175883127756,782.0407529999999,1826.170623,298.859985,5.688888888888889,5.151612903225806,42.24074074074074
2024-01-28 11:00:00+00:00,DK1,431.26713000000063,0.8712541364195954,3379.8069290000003,3447.976351,309.970001,5.507407407407407,4.719061583577712,40.851851851851855
2024-01-28 11:00:00+00:00,DK2,-376.43677800000023,0.598184807956666,903.899302,1887.507086,309.970001,5.507407407407407,4.719061583577712,40.851851851851855
2024-01-28 10:00:00+00:00,DK1,345.5173120000004,0.8650520258477044,3271.151452,3435.93323,341.049988,5.064814814814815,4.154093567251462,39.48148148148148
2024-01-28 10:00:00+00:00,DK2,-467.085204,0.598347508102599,849.986838,1887.642366,341.049988,5.064814814814815,4.154093567251462,39.48148148148148
2024-01-28 09:00:00+00:00,DK1,419.56349100000034,0.8523914432133006,3143.8371490000004,3268.691681,381.380005,4.774074074074075,3.5211143695014666,30.11111111111111
2024-01-28 09:00:00+00:00,DK2,-522.7956919999997,0.5140831688663964,684.169181,1853.648796,381.380005,4.774074074074075,3.5211143695014666,30.11111111111111
2024-01-28 08:00:00+00:00,DK1,351.1193229999999,0.8155793995228151,2716.2735209999996,2979.363917,410.609985,4.54074074074074,3.082991202346041,12.77777777777778
2024-01-28 08:00:00+00:00,DK2,-485.42874699999993,0.39361226381338876,505.52420500000005,1769.749007,410.609985,4.54074074074074,3.082991202346041,12.77777777777778
2024-01-28 07:00:00+00:00,DK1,440.3665609999998,0.7669283158049436,2473.665742,2785.053196,441.320007,4.607407407407408,3.0339181286549706,0.0
2024-01-28 07:00:00+00:00,DK2,-468.39479299999994,0.33543956254507934,392.59628699999996,1638.788303,441.320007,4.607407407407408,3.0339181286549706,0.0
2024-01-28 06:00:00+00:00,DK1,553.5839540000002,0.7521356756311094,2380.02319,2610.769589,439.679993,4.698148148148148,3.243401759530792,0.0
2024-01-28 06:00:00+00:00,DK2,-503.3307050000002,0.31365752948149134,320.351632,1524.67278,439.679993,4.698148148148148,3.243401759530792,0.0
2024-01-28 05:00:00+00:00,DK1,637.2188739999997,0.7700897892833222,2468.030026,2567.641209,430.290009,4.648148148148148,3.4640350877192985,0.0
2024-01-28 05:00:00+00:00,DK2,-449.55073100000004,0.34250755668269217,335.74651300000005,1429.810893,430.290009,4.648148148148148,3.4640350877192985,0.0
2024-01-28 04:00:00+00:00,DK1,542.6251669999997,0.7776250101274562,2394.5617159999997,2536.701867,429.609985,4.774074074074075,3.635483870967742,0.0
2024-01-28 04:00:00+00:00,DK2,-306.78229899999997,0.3685302845883385,407.757799,1413.225422,429.609985,4.774074074074075,3.635483870967742,0.0
2024-01-28 03:00:00+00:00,DK1,472.8039510000003,0.7842976611607865,2392.4913230000006,2577.684966,431.399994,4.851851851851852,3.7207602339181287,0.0
2024-01-28 03:00:00+00:00,DK2,-284.56004200000007,0.3662812948437,414.650287,1416.614266,431.399994,4.851851851851852,3.7207602339181287,0.0
2024-01-28 02:00:00+00:00,DK1,510.2459149999995,0.7597672562489013,2335.2724989999997,2563.422343,430.290009,5.018518518518518,3.792647058823529,0.0
2024-01-28 02:00:00+00:00,DK2,-390.54612,0.4582293543502986,492.811438,1466.01506,430.290009,5.018518518518518,3.792647058823529,0.0
2024-01-28 01:00:00+00:00,DK1,567.904931,0.751792798379901,2337.2784530000004,2541.034737,434.309998,5.3277777777777775,3.956140350877193,0.0
2024-01-28 01:00:00+00:00,DK2,-179.340287,0.5187597500328078,693.110242,1515.431304,434.309998,5.3277777777777775,3.956140350877193,0.0
2024-01-28 00:00:00+00:00,DK1,777.7026209999999,0.783416205062792,2599.2312930000003,2540.113983,438.339996,5.366666666666667,4.119941348973607,0.0
2024-01-28 00:00:00+00:00,DK2,20.59799599999974,0.5294048387419442,830.149526,1547.482734,438.339996,5.366666666666667,4.119941348973607,0.0
2024-01-27 23:00:00+00:00,DK1,933.5455150000003,0.7717325112520442,2708.059408,2575.519308,497.75,5.277777777777778,4.28625730994152,0.0
2024-01-27 23:00:00+00:00,DK2,176.1538350000003,0.5370819306747378,928.080651,1551.85189,497.75,5.277777777777778,4.28625730994152,0.0
2024-01-27 22:00:00+00:00,DK1,859.4722469999997,0.7985097102038673,2801.811173,2649.328131,429.5,5.277777777777778,4.43049853372434,0.0
2024-01-27 22:00:00+00:00,DK2,126.82236899999953,0.5123530779929544,862.3438890000001,1556.282361,429.5,5.277777777777778,4.43049853372434,0.0
2024-01-27 21:00:00+00:00,DK1,921.3627770000007,0.7993683637655095,2874.7039160000004,2674.856496,430.390015,5.292592592592593,4.657309941520468,0.0
2024-01-27 21:00:00+00:00,DK2,2.6207460000000538,0.49579799575758027,811.6800850000001,1634.497782,430.390015,5.292592592592593,4.657309941520468,0.0
2024-01-27 20:00:00+00:00,DK1,1013.0416990000003,0.8044685629118862,2952.1258950000006,2656.618038,431.290009,5.287037037037037,4.864999999999999,0.0
2024-01-27 20:00:00+00:00,DK2,-6.786751999999979,0.49687970890203537,832.1028709999999,1681.443326,431.290009,5.287037037037037,4.864999999999999,0.0
2024-01-27 19:00:00+00:00,DK1,898.7017599999999,0.8016776597664502,2953.530268,2785.48506,433.970001,5.281481481481482,5.039411764705883,0.0
2024-01-27 19:00:00+00:00,DK2,-124.74924599999986,0.5044169481276796,815.492189,1741.451841,433.970001,5.281481481481482,5.039411764705883,0.0
2024-01-27 18:00:00+00:00,DK1,714.9963010000001,0.7896335215790142,2851.5028890000003,2896.176238,443.070007,5.442592592592592,5.154838709677419,0.0
2024-01-27 18:00:00+00:00,DK2,-153.643775,0.5276603143702564,906.226956,1871.087614,443.070007,5.442592592592592,5.154838709677419,0.0
2024-01-27 17:00:00+00:00,DK1,581.401233,0.7572199502861059,2705.499307,2991.535938,457.079987,5.477777777777778,5.311470588235294,0.0
2024-01-27 17:00:00+00:00,DK2,-122.35420199999999,0.5466319085071327,1023.563839,1994.846135,457.079987,5.477777777777778,5.311470588235294,0.0
2024-01-27 16:00:00+00:00,DK1,579.9678590000003,0.7491088441741283,2732.049721,3067.098575,460.359985,5.605555555555555,5.541935483870968,8.74
2024-01-27 16:00:00+00:00,DK2,-167.65584599999988,0.5573046482590865,1026.4252750000003,2009.422783,460.359985,5.605555555555555,5.541935483870968,8.74
2024-01-27 15:00:00+00:00,DK1,617.2641000000008,0.752744499659707,2624.7885800000004,2869.694066,439.339996,5.82037037037037,5.742182890855457,13.48148148148148
2024-01-27 15:00:00+00:00,DK2,-82.50704699999983,0.5863154495242584,1063.325969,1896.080218,439.339996,5.82037037037037,5.742182890855457,13.48148148148148
2024-01-27 14:00:00+00:00,DK1,614.8240370000003,0.7698474053712124,2671.458725,2855.290568,432.029999,6.057407407407408,5.927777777777778,11.0
2024-01-27 14:00:00+00:00,DK2,-103.33917200000019,0.5865634920801347,1034.67861,1867.306115,432.029999,6.057407407407408,5.927777777777778,11.0
2024-01-27 13:00:00+00:00,DK1,559.8766450000003,0.7784025507387374,2721.2962250000005,2936.124521,440.910004,6.042592592592593,5.981120943952802,12.796296296296296
2024-01-27 13:00:00+00:00,DK2,-197.53420400000005,0.626927440705423,1060.2290409999998,1888.68532,296.570007,6.042592592592593,5.981120943952802,12.796296296296296
2024-01-27 12:00:00+00:00,DK1,331.6181939999997,0.8023095338257223,2835.5481839999998,3202.614,401.690002,6.037037037037037,5.964117647058823,12.648148148148149
2024-01-27 12:00:00+00:00,DK2,-176.22573199999988,0.6474525096475788,1129.258171,1920.381719,242.220001,6.037037037037037,5.964117647058823,12.648148148148149
2024-01-27 11:00:00+00:00,DK1,377.125728,0.8037100080855704,2874.616692,3199.558229,416.299988,5.718518518518518,5.878947368421052,9.074074074074074
2024-01-27 11:00:00+00:00,DK2,-177.70765599999982,0.6335607246075771,1079.345637,1881.325944,416.299988,5.718518518518518,5.878947368421052,9.074074074074074
2024-01-27 10:00:00+00:00,DK1,449.98066700000027,0.784667821677858,2754.4467750000003,3060.354151,422.040009,5.52962962962963,5.665588235294117,11.796296296296296
2024-01-27 10:00:00+00:00,DK2,-209.543226,0.6141679705505132,1009.001672,1852.418987,422.040009,5.52962962962963,5.665588235294117,11.796296296296296
2024-01-27 09:00:00+00:00,DK1,566.7053749999991,0.7760902110112189,2751.2335799999996,2978.286613,433.899994,5.364814814814815,5.3613569321533925,7.296296296296297
2024-01-27 09:00:00+00:00,DK2,-16.614873000000216,0.619252426676945,1132.3716319999999,1845.225603,341.600006,5.364814814814815,5.3613569321533925,7.296296296296297
2024-01-27 08:00:00+00:00,DK1,679.1887379999998,0.7587622392695547,2697.944951,2876.529788,436.130005,5.383333333333333,5.010557184750733,8.962962962962964
2024-01-27 08:00:00+00:00,DK2,-120.48044900000014,0.6366815849423241,1074.0398229999998,1807.414465,237.820007,5.383333333333333,5.010557184750733,8.962962962962964
2024-01-27 07:00:00+00:00,DK1,617.4525429999999,0.7652713128211083,2623.691128,2810.993139,433.380005,5.692592592592592,4.7745614035087725,0.0
2024-01-27 07:00:00+00:00,DK2,43.24113500000021,0.6597054343636415,1160.4332040000002,1715.776062,215.080002,5.692592592592592,4.7745614035087725,0.0
2024-01-27 06:00:00+00:00,DK1,756.18851,0.7647986259703168,2655.090134,2715.431396,431.359985,5.9907407407407405,4.712058823529412,0.0
2024-01-27 06:00:00+00:00,DK2,127.8490320000003,0.6878767330359473,1201.032423,1618.150455,154.399994,5.9907407407407405,4.712058823529412,0.0
2024-01-27 05:00:00+00:00,DK1,694.3719649999998,0.7847268112503026,2594.332887,2611.66123,426.73999,6.385185185185185,4.695906432748538,0.0
2024-01-27 05:00:00+00:00,DK2,248.90937799999983,0.7207585253790769,1278.7763439999999,1525.299735,144.710007,6.385185185185185,4.695906432748538,0.0
2024-01-27 04:00:00+00:00,DK1,689.7822819999992,0.8138965315938519,2646.949026,2562.411238,423.679993,6.864814814814815,4.692961876832844,0.0
2024-01-27 04:00:00+00:00,DK2,291.09477100000004,0.7640420968255626,1364.298184,1494.537447,140.460007,6.864814814814815,4.692961876832844,0.0
2024-01-27 03:00:00+00:00,DK1,850.7382720000005,0.8232059292064978,2769.8644950000003,2513.990281,415.559998,7.466666666666667,4.706451612903226,0.0
2024-01-27 03:00:00+00:00,DK2,265.0441720000001,0.7891781100707442,1415.6867220000001,1528.830625,137.850006,7.466666666666667,4.706451612903226,0.0
2024-01-27 02:00:00+00:00,DK1,1022.3857149999999,0.8288273853404026,2981.6992400000004,2575.105503,410.410004,8.285185185185185,4.775953079178885,0.0
2024-01-27 02:00:00+00:00,DK2,271.68631400000004,0.7905416069547007,1479.065218,1599.265455,134.339996,8.285185185185185,4.775953079178885,0.0
2024-01-27 01:00:00+00:00,DK1,1309.6280969999993,0.845609766671783,3362.3055589999994,2666.562448,419.059998,8.783333333333333,4.843859649122806,0.0
2024-01-27 01:00:00+00:00,DK2,266.32490399999983,0.7845489339211693,1527.624194,1680.812015,131.440002,8.783333333333333,4.843859649122806,0.0
2024-01-27 00:00:00+00:00,DK1,1455.5544509999995,0.8552878529010856,3664.655636,2829.14996,410.26001,9.525925925925923,4.891812865497076,0.0
2024-01-27 00:00:00+00:00,DK2,278.02181199999995,0.772091960154,1545.880404,1724.175444,136.130005,9.525925925925923,4.891812865497076,0.0
2024-01-26 23:00:00+00:00,DK1,1582.8447379999993,0.8597088711442902,3803.6457010000004,2841.496837,405.869995,10.088888888888889,4.971052631578947,0.0
2024-01-26 23:00:00+00:00,DK2,281.07871699999987,0.7755652152736267,1549.073568,1716.269201,144.039993,10.088888888888889,4.971052631578947,0.0
2024-01-26 22:00:00+00:00,DK1,1866.7320589999995,0.8667754376155925,4031.550927999999,2784.473724,400.429993,10.627777777777778,5.094736842105263,0.0
2024-01-26 22:00:00+00:00,DK2,274.08999800000015,0.7789291868514586,1568.386957,1739.426742,163.869995,10.627777777777778,5.094736842105263,0.0
2024-01-26 21:00:00+00:00,DK1,2038.8049630000005,0.8622899304448634,4347.424583000001,3002.915263,405.5,11.024074074074074,5.169208211143695,0.0
2024-01-26 21:00:00+00:00,DK2,236.93228399999998,0.7794630414653486,1579.5315540000001,1789.503185,181.839996,11.024074074074074,5.169208211143695,0.0
2024-01-26 20:00:00+00:00,DK1,1489.6704340000001,0.8821473596522303,4465.6554670000005,3572.585229,405.200012,11.446296296296296,5.2744868035190615,0.0
2024-01-26 20:00:00+00:00,DK2,163.34970599999997,0.7786366055932104,1586.8340230000001,1874.615131,192.050003,11.446296296296296,5.2744868035190615,0.0
2024-01-26 19:00:00+00:00,DK1,2073.2175510000015,0.8721230751743998,4619.587979000001,3223.727468,404.980011,11.72962962962963,5.373313782991202,0.0
2024-01-26 19:00:00+00:00,DK2,127.43000399999983,0.7581522808587404,1591.1443669999999,1971.283417,205.619995,11.72962962962963,5.373313782991202,0.0
2024-01-26 18:00:00+00:00,DK1,2252.385883,0.8703991222701342,4687.67113,3133.271122,406.540009,11.72962962962963,5.421470588235294,0.0
2024-01-26 18:00:00+00:00,DK2,113.45312099999956,0.7337692525124285,1592.428272,2056.749932,249.830002,11.72962962962963,5.421470588235294,0.0
2024-01-26 17:00:00+00:00,DK1,2023.3060850000006,0.874852950796078,4709.8287820000005,3360.260122,412.140015,11.453703703703704,5.468235294117648,0.0
2024-01-26 17:00:00+00:00,DK2,11.811982000000171,0.7201049621860405,1591.1125970000003,2197.744514,404.01001,11.453703703703704,5.468235294117648,0.0
2024-01-26 16:00:00+00:00,DK1,1935.2875339999996,0.8691155049940205,4747.506028,3527.169413,427.720001,11.24074074074074,5.536549707602339,6.456521739130435
2024-01-26 16:00:00+00:00,DK2,-34.770352,0.7213647800559978,1574.8465579999997,2217.919019,427.720001,11.24074074074074,5.536549707602339,6.456521739130435
2024-01-26 15:00:00+00:00,DK1,1928.7657620000004,0.8991290381390362,4768.334885,3374.516284,393.200012,11.10925925925926,5.745906432748538,16.61111111111111
2024-01-26 15:00:00+00:00,DK2,106.48142499999994,0.7018957051845629,1568.777856,2128.576924,383.809998,11.10925925925926,5.745906432748538,16.61111111111111
2024-01-26 14:00:00+00:00,DK1,1854.4076440000008,0.9105388587038986,4818.871722000001,3437.921921,373.589996,9.955555555555556,6.094186046511628,6.203703703703703
2024-01-26 14:00:00+00:00,DK2,174.6811630000002,0.6904093759381333,1557.9608620000001,2081.894307,364.640015,9.955555555555556,6.094186046511628,6.203703703703703
2024-01-26 13:00:00+00:00,DK1,1801.8472830000005,0.910428822498259,4802.274149999999,3472.891424,367.399994,9.65925925925926,6.074709302325581,1.6296296296296295
2024-01-26 13:00:00+00:00,DK2,95.32032999999956,0.6860892776324812,1508.8046780000002,2103.817198,367.399994,9.65925925925926,6.074709302325581,1.6296296296296295
2024-01-26 12:00:00+00:00,DK1,1482.8544390000002,0.9093243555467948,4668.767932999999,3651.471838,346.450012,8.877777777777778,6.257971014492754,0.9444444444444444
2024-01-26 12:00:00+00:00,DK2,0.5956519999999728,0.6954198983443082,1508.1312819999998,2168.067174,346.450012,8.877777777777778,6.257971014492754,0.9444444444444444
2024-01-26 11:00:00+00:00,DK1,1227.4413679999989,0.8835493918139491,4289.824675999999,3627.776366,389.769989,8.457407407407407,6.282947976878613,0.7592592592592593
2024-01-26 11:00:00+00:00,DK2,-50.55552399999988,0.7023728873899849,1513.3775349999999,2205.219467,389.769989,8.457407407407407,6.282947976878613,0.7592592592592593
2024-01-26 10:00:00+00:00,DK1,1299.7811449999995,0.8370209865424734,4026.1382969999995,3510.299321,437.929993,8.624074074074073,6.0139130434782615,0.0
2024-01-26 10:00:00+00:00,DK2,1.5871289999995497,0.6766862788108007,1477.764965,2182.238687,437.929993,8.624074074074073,6.0139130434782615,0.0
2024-01-26 09:00:00+00:00,DK1,1791.7040159999997,0.8074231229472828,4262.926233,3487.964242,456.420013,8.194444444444445,5.676011560693642,0.4629629629629629
2024-01-26 09:00:00+00:00,DK2,-20.019734000000426,0.6711685502349333,1435.300155,2158.528987,456.420013,8.194444444444445,5.676011560693642,0.4629629629629629
2024-01-26 08:00:00+00:00,DK1,1923.949146,0.8029217116694987,4282.587907,3409.806119,475.660004,7.7592592592592595,5.244281524926686,0.2222222222222222
2024-01-26 08:00:00+00:00,DK2,-12.51578500000005,0.6487680013556596,1363.252646,2113.810305,475.660004,7.7592592592592595,5.244281524926686,0.2222222222222222
2024-01-26 07:00:00+00:00,DK1,1733.1383769999998,0.8174679394732745,4198.271063,3402.562805,484.149994,7.124074074074074,4.856304985337244,0.0
2024-01-26 07:00:00+00:00,DK2,65.273326,0.6104035106719088,1302.276257,2068.19451,484.149994,7.124074074074074,4.856304985337244,0.0
2024-01-26 06:00:00+00:00,DK1,1534.280831999999,0.8424373676760822,4074.8613319999995,3302.709416,469.470001,6.457407407407407,4.505,0.0
2024-01-26 06:00:00+00:00,DK2,36.731039999999894,0.5857451754526409,1177.9434440000002,1974.285855,469.470001,6.457407407407407,4.505,0.0
2024-01-26 05:00:00+00:00,DK1,1338.7288749999998,0.8516321121157175,3743.7726459999994,3057.268637,419.519989,5.951851851851852,4.2216374269005845,0.0
2024-01-26 05:00:00+00:00,DK2,-99.98064399999998,0.5419183411000096,887.795805,1738.227106,432.040009,5.951851851851852,4.2216374269005845,0.0
2024-01-26 04:00:00+00:00,DK1,1090.111421,0.8467137302404024,3326.0448570000003,2838.069661,377.619995,5.438888888888889,3.992941176470588,0.0
2024-01-26 04:00:00+00:00,DK2,-391.2593680000002,0.48128287615306714,554.929704,1544.281284,388.869995,5.438888888888889,3.992941176470588,0.0
2024-01-26 03:00:00+00:00,DK1,864.5268759999999,0.8479610246928708,3124.0537750000003,2819.668133,355.029999,4.803703703703703,3.866081871345029,0.0
2024-01-26 03:00:00+00:00,DK2,-604.368559,0.45888411946483265,399.99888999999996,1476.045902,415.269989,4.803703703703703,3.866081871345029,0.0
2024-01-26 02:00:00+00:00,DK1,536.7270569999996,0.8412076817647944,2755.1339059999996,2738.485433,408.480011,4.218518518518518,3.750882352941177,0.0
2024-01-26 02:00:00+00:00,DK2,-767.2901800000001,0.388631170644976,289.51617699999997,1512.25404,420.109985,4.218518518518518,3.750882352941177,0.0
2024-01-26 01:00:00+00:00,DK1,107.85811299999978,0.8036786438645285,2247.954383,2689.223034,436.070007,3.737037037037037,3.6049853372434018,0.0
2024-01-26 01:00:00+00:00,DK2,-932.8834970000001,0.2839302253863167,171.78793800000003,1537.919251,436.070007,3.737037037037037,3.6049853372434018,0.0
2024-01-26 00:00:00+00:00,DK1,-19.719605000000684,0.704902282716063,1808.587333,2585.447334,461.940002,3.298148148148148,3.502941176470588,0.0
2024-01-26 00:00:00+00:00,DK2,-955.5925070000001,0.20317338722619524,122.86719000000001,1560.333077,462.23999,3.298148148148148,3.502941176470588,0.0
2024-01-25 23:00:00+00:00,DK1,-282.7039530000002,0.6542735531423011,1518.630272,2603.797729,468.200012,3.1796296296296296,3.333333333333333,0.0
2024-01-25 23:00:00+00:00,DK2,-844.0831689999999,0.22112478975427616,166.30158199999997,1596.154351,468.200012,3.1796296296296296,3.333333333333333,0.0
2024-01-25 22:00:00+00:00,DK1,-410.81589799999983,0.5565115705817087,1148.1517369999997,2473.938747,560.440002,3.1518518518518515,3.2232352941176474,0.0
2024-01-25 22:00:00+00:00,DK2,-598.3770819999999,0.19476448423916193,195.29977300000002,1601.125472,560.440002,3.1518518518518515,3.2232352941176474,0.0
2024-01-25 21:00:00+00:00,DK1,-496.3452440000001,0.47537780280794295,974.318226,2545.911337,599.73999,2.994444444444444,3.293841642228739,0.0
2024-01-25 21:00:00+00:00,DK2,-473.96117000000004,0.2501575169089621,303.680462,1687.918143,599.73999,2.994444444444444,3.293841642228739,0.0
2024-01-25 20:00:00+00:00,DK1,-725.1954489999998,0.3904707403485135,772.3497480000001,2703.191924,643.580017,3.02037037037037,3.392941176470588,0.0
2024-01-25 20:00:00+00:00,DK2,-514.3807689999999,0.2922206531914171,372.14886699999994,1787.90084,643.580017,3.02037037037037,3.392941176470588,0.0
2024-01-25 19:00:00+00:00,DK1,-958.261581,0.35577911055165856,673.736556,2851.954988,679.070007,2.8703703703703702,3.421597633136095,0.0
2024-01-25 19:00:00+00:00,DK2,-493.3305250000001,0.3848605666180037,535.8302909999999,1885.601746,679.070007,2.8703703703703702,3.421597633136095,0.0
2024-01-25 18:00:00+00:00,DK1,-1059.16828,0.3443438152110753,674.1946399999999,3017.07956,736.640015,2.824074074074074,3.4038461538461537,0.0
2024-01-25 18:00:00+00:00,DK2,-381.51438299999995,0.42260515007435284,686.8869139999999,2006.877713,736.640015,2.824074074074074,3.4038461538461537,0.0
2024-01-25 17:00:00+00:00,DK1,-1197.703278,0.3035173022458487,601.0972399999999,3178.141413,861.539978,2.8,3.6374631268436577,0.0
2024-01-25 17:00:00+00:00,DK2,-431.2576859999999,0.4610443070720468,781.599452,2126.538248,861.539978,2.8,3.6374631268436577,0.0
2024-01-25 16:00:00+00:00,DK1,-1324.3066400000002,0.2745677830980508,527.451592,3245.3317,920.0,3.048148148148148,4.063049853372434,6.3478260869565215
2024-01-25 16:00:00+00:00,DK2,-321.9771969999995,0.4464660543051445,822.867838,2165.046407,920.0,3.048148148148148,4.063049853372434,6.3478260869565215
2024-01-25 15:00:00+00:00,DK1,-1217.3925679999998,0.27675723210816955,522.904304,3106.78964,755.950012,3.9777777777777774,4.833923303834808,35.31481481481482
2024-01-25 15:00:00+00:00,DK2,-313.79882599999996,0.43121642691985584,726.6224449999999,1998.85162,755.950012,3.9777777777777774,4.833923303834808,35.31481481481482
2024-01-25 14:00:00+00:00,DK1,-1039.098424,0.35653442162713644,718.137558,3053.315045,686.530029,4.655555555555556,5.6905882352941175,39.31481481481482
2024-01-25 14:00:00+00:00,DK2,-348.5238750000001,0.49037576852052145,790.001227,1959.535833,686.530029,4.655555555555556,5.6905882352941175,39.31481481481482
2024-01-25 13:00:00+00:00,DK1,-883.1756009999995,0.48614459489010226,1104.186284,3154.488078,633.659973,5.105555555555555,6.077941176470588,42.833333333333336
2024-01-25 13:00:00+00:00,DK2,-74.81990200000018,0.5259903592333415,1017.5358190000001,2009.334102,633.659973,5.105555555555555,6.077941176470588,42.833333333333336
2024-01-25 12:00:00+00:00,DK1,-616.537922,0.6010818923509501,1554.937568,3203.43596,566.630005,5.503773584905661,6.259882005899705,44.68518518518518
2024-01-25 12:00:00+00:00,DK2,70.55375100000015,0.577782000688872,1210.851764,2025.135908,566.630005,5.503773584905661,6.259882005899705,44.68518518518518
2024-01-25 11:00:00+00:00,DK1,-311.44162300000016,0.6588666363349982,1926.1495609999997,3234.870212,545.450012,5.9,6.19044776119403,41.81481481481482
2024-01-25 11:00:00+00:00,DK2,168.25328900000022,0.6084464277734465,1358.2241900000001,2064.029009,545.450012,5.9,6.19044776119403,41.81481481481482
2024-01-25 10:00:00+00:00,DK1,193.49080300000014,0.7061136726995718,2442.18041,3265.131377,568.340027,6.281132075471698,5.914029850746269,42.87037037037037
2024-01-25 10:00:00+00:00,DK2,203.9858250000002,0.6423045803305397,1486.980314,2111.084563,568.340027,6.281132075471698,5.914029850746269,42.87037037037037
2024-01-25 09:00:00+00:00,DK1,692.0580539999992,0.7244257209685024,2951.6750739999998,3382.445361,606.599976,6.694339622641509,5.573273273273274,30.314814814814813
2024-01-25 09:00:00+00:00,DK2,142.82004700000016,0.652382488916979,1471.24658,2112.370129,606.599976,6.694339622641509,5.573273273273274,30.314814814814813
2024-01-25 08:00:00+00:00,DK1,1038.009736,0.7176877528274354,3122.341352,3312.54709,635.679993,7.542592592592593,5.287905604719764,5.388888888888889
2024-01-25 08:00:00+00:00,DK2,166.16164100000015,0.6468405531226081,1457.1841409999997,2086.610134,635.679993,7.542592592592593,5.287905604719764,5.388888888888889
2024-01-25 07:00:00+00:00,DK1,1520.1895679999998,0.7495692103114511,3632.5262220000004,3325.962291,663.789978,8.656603773584905,5.352818991097923,0.0
2024-01-25 07:00:00+00:00,DK2,151.97205900000063,0.6555609218410436,1445.557501,2053.097604,663.789978,8.656603773584905,5.352818991097923,0.0
2024-01-25 06:00:00+00:00,DK1,1800.5300789999997,0.7995695498219072,4086.096098,3309.839743,492.51001,9.311111111111112,5.574183976261128,0.0
2024-01-25 06:00:00+00:00,DK2,98.60004300000014,0.7071463940302711,1472.358847,1983.513165,492.51001,9.311111111111112,5.574183976261128,0.0
2024-01-25 05:00:00+00:00,DK1,2312.4525009999984,0.8097920800621238,4323.597425999999,3026.692611,432.709991,10.074074074074074,5.755,0.0
2024-01-25 05:00:00+00:00,DK2,302.77400000000034,0.7248699444849146,1489.9840419999998,1752.745136,442.850006,10.074074074074074,5.755,0.0
2024-01-25 04:00:00+00:00,DK1,2354.1758959999997,0.8465935801444439,4441.914168,2892.632339,390.579987,10.75,5.960233918128655,0.0
2024-01-25 04:00:00+00:00,DK2,496.8099480000003,0.7272625781998078,1496.278309,1560.601438,380.359985,10.75,5.960233918128655,0.0
2024-01-25 03:00:00+00:00,DK1,2401.11707,0.857711508281988,4540.098357,2892.152652,344.640015,11.25,6.12764705882353,0.0
2024-01-25 03:00:00+00:00,DK2,499.08827500000007,0.7540016000359243,1508.0277760000001,1500.944319,336.369995,11.25,6.12764705882353,0.0
2024-01-25 02:00:00+00:00,DK1,2351.852653999999,0.8692568834287658,4595.668086999999,2935.040294,334.950012,11.72037037037037,6.286217008797654,0.0
2024-01-25 02:00:00+00:00,DK2,444.2301110000003,0.7684506302534244,1524.6087400000001,1539.773389,326.970001,11.72037037037037,6.286217008797654,0.0
2024-01-25 01:00:00+00:00,DK1,2258.6815650000003,0.8749522745380487,4625.611112,3028.019489,323.170013,12.17777777777778,6.457309941520468,0.0
2024-01-25 01:00:00+00:00,DK2,331.9038910000004,0.7929494876736434,1531.7609200000002,1599.821829,318.839996,12.17777777777778,6.457309941520468,0.0
2024-01-25 00:00:00+00:00,DK1,2315.142095999999,0.8758582946147603,4672.813808999999,3019.983275,335.98999,12.303703703703704,6.578070175438596,0.0
2024-01-25 00:00:00+00:00,DK2,315.8948270000001,0.7867672903282058,1539.5190690000002,1640.870646,327.869995,12.303703703703704,6.578070175438596,0.0
2024-01-24 23:00:00+00:00,DK1,2307.395823,0.8738470826951583,4687.068341,3056.321049,330.630005,12.274074074074074,6.629824561403509,0.0
2024-01-24 23:00:00+00:00,DK2,311.86773199999993,0.777128794184395,1537.7360749999998,1666.872583,326.899994,12.274074074074074,6.629824561403509,0.0
2024-01-24 22:00:00+00:00,DK1,2300.952300999999,0.8808850090077817,4700.030005999999,3034.62494,287.320007,12.43148148148148,6.651461988304094,0.0
2024-01-24 22:00:00+00:00,DK2,414.38502300000005,0.7574344942577065,1535.749545,1613.182452,287.320007,12.43148148148148,6.651461988304094,0.0
2024-01-24 21:00:00+00:00,DK1,2212.5299620000005,0.8765668265566481,4679.276432000001,3125.655662,313.269989,12.56851851851852,6.723684210526316,0.0
2024-01-24 21:00:00+00:00,DK2,351.8856370000001,0.7464853231444707,1537.7807770000002,1708.14251,313.269989,12.56851851851852,6.723684210526316,0.0
2024-01-24 20:00:00+00:00,DK1,1977.6924290000002,0.8867562887511862,4689.422897,3310.59586,298.579987,12.796296296296296,6.795906432748538,0.0
2024-01-24 20:00:00+00:00,DK2,255.0797889999999,0.7334090974067553,1534.7612399999998,1837.560247,298.579987,12.796296296296296,6.795906432748538,0.0
2024-01-24 19:00:00+00:00,DK1,2080.9192959999996,0.8716800169795532,4695.7539289999995,3306.096395,314.540009,12.985454545454546,6.860233918128654,0.0
2024-01-24 19:00:00+00:00,DK2,220.50240899999972,0.7215649858344696,1543.223519,1918.214892,314.540009,12.985454545454546,6.860233918128654,0.0
2024-01-24 18:00:00+00:00,DK1,2001.8859710000002,0.8652472404332807,4676.670077,3403.124133,373.529999,12.871698113207549,6.914409221902018,0.0
2024-01-24 18:00:00+00:00,DK2,129.0349620000004,0.718951445638835,1549.115381,2025.652104,373.529999,12.871698113207549,6.914409221902018,0.0
2024-01-24 17:00:00+00:00,DK1,1861.6403139999989,0.8619299604611745,4669.314226999999,3555.637703,397.609985,13.00925925925926,6.958823529411765,0.0
2024-01-24 17:00:00+00:00,DK2,96.52931099999978,0.68630591333664,1552.4084030000001,2165.447998,397.609985,13.00925925925926,6.958823529411765,0.0
2024-01-24 16:00:00+00:00,DK1,1695.653359,0.8657635002140415,4655.61159,3681.810104,404.25,12.88148148148148,7.0469208211143695,2.1904761904761907
2024-01-24 16:00:00+00:00,DK2,43.91406499999948,0.6840651363504394,1554.3512500000002,2228.312902,404.25,12.88148148148148,7.0469208211143695,2.1904761904761907
2024-01-24 15:00:00+00:00,DK1,1657.9018119999996,0.8829721447357971,4645.517455,3603.32583,378.820007,12.65925925925926,7.086176470588236,3.703703703703704
2024-01-24 15:00:00+00:00,DK2,195.78479600000037,0.6795396406268195,1562.2798209999999,2103.241968,378.820007,12.65925925925926,7.086176470588236,3.703703703703704
2024-01-24 14:00:00+00:00,DK1,1723.4262899999999,0.8822181491618437,4672.723331,3573.135944,372.480011,12.362962962962964,7.20791788856305,4.333333333333333
2024-01-24 14:00:00+00:00,DK2,235.21889900000042,0.6854683697374259,1556.985578,2036.199662,372.480011,12.362962962962964,7.20791788856305,4.333333333333333
2024-01-24 13:00:00+00:00,DK1,1590.1164209999988,0.9006235172418646,4720.358568999999,3651.095338,335.869995,12.1,7.3217008797653955,1.7592592592592593
2024-01-24 13:00:00+00:00,DK2,71.42986900000005,0.7155337964215249,1556.3966130000001,2103.724709,335.869995,12.1,7.3217008797653955,1.7592592592592593
2024-01-24 12:00:00+00:00,DK1,1554.1387699999996,0.9100650967897402,4892.968068,3822.364609,271.73999,12.085185185185184,7.434310850439882,2.037037037037037
2024-01-24 12:00:00+00:00,DK2,-75.29597899999999,0.742662666137538,1561.880584,2178.378112,278.450012,12.085185185185184,7.434310850439882,2.037037037037037
2024-01-24 11:00:00+00:00,DK1,1658.558102,0.9082308225643085,4907.078829,3744.340266,293.209991,11.844444444444443,7.426470588235294,2.9074074074074074
2024-01-24 11:00:00+00:00,DK2,-110.90104399999973,0.7584646409618422,1577.749219,2191.089274,293.359985,11.844444444444443,7.426470588235294,2.9074074074074074
2024-01-24 10:00:00+00:00,DK1,1462.2853799999998,0.8991506721243656,4651.698872,3711.151082,378.670013,11.762962962962964,7.315294117647058,2.111111111111111
2024-01-24 10:00:00+00:00,DK2,-23.367403000000195,0.7409599903114664,1586.50925,2164.521137,378.519989,11.762962962962964,7.315294117647058,2.111111111111111
2024-01-24 09:00:00+00:00,DK1,1408.22876,0.9063867145019826,4580.7350910000005,3645.613069,373.600006,11.74181818181818,7.295375722543352,0.3518518518518518
2024-01-24 09:00:00+00:00,DK2,39.482580999999755,0.7123033890133188,1572.583529,2168.261413,373.600006,11.74181818181818,7.295375722543352,0.3518518518518518
2024-01-24 08:00:00+00:00,DK1,1376.227970999999,0.8981619449975234,4566.558713999999,3708.109814,369.429993,11.61111111111111,7.346376811594203,1.1538461538461535
2024-01-24 08:00:00+00:00,DK2,171.8078790000004,0.6844090088715692,1547.9897539999997,2089.982562,369.429993,11.61111111111111,7.346376811594203,1.1538461538461535
2024-01-24 07:00:00+00:00,DK1,1474.2372719999998,0.8879810049039377,4556.020081999999,3656.525725,373.380005,11.646296296296295,7.485798816568047,0.0
2024-01-24 07:00:00+00:00,DK2,130.44293900000002,0.7027614556308762,1540.169115,2061.152947,373.380005,11.646296296296295,7.485798816568047,0.0
2024-01-24 06:00:00+00:00,DK1,1721.7629319999992,0.9015863452540015,4735.698079999999,3530.86551,313.869995,11.17777777777778,7.706194690265487,0.0
2024-01-24 06:00:00+00:00,DK2,46.166275999999925,0.7490966985755022,1531.1102290000001,1997.775757,288.809998,11.17777777777778,7.706194690265487,0.0
2024-01-24 05:00:00+00:00,DK1,1650.590345,0.9189045399744046,4690.615716,3453.983103,110.07,10.862962962962964,7.770175438596492,0.0
2024-01-24 05:00:00+00:00,DK2,148.62490000000025,0.771719559329028,1509.1553090000002,1806.949882,190.160004,10.862962962962964,7.770175438596492,0.0
2024-01-24 04:00:00+00:00,DK1,711.8445940000001,0.9209988342109127,3889.038908,3510.787144,-1.34,10.714814814814815,7.789705882352941,0.0
2024-01-24 04:00:00+00:00,DK2,228.49910999999997,0.782421255500879,1503.4362780000001,1693.018573,145.789993,10.714814814814815,7.789705882352941,0.0
2024-01-24 03:00:00+00:00,DK1,1026.5267990000002,0.9244208872187581,4086.314259,3393.877711,-0.15,10.68888888888889,7.576539589442815,0.0
2024-01-24 03:00:00+00:00,DK2,241.12958600000002,0.7898320076708512,1513.5472229999998,1675.160471,133.110001,10.68888888888889,7.576539589442815,0.0
2024-01-24 02:00:00+00:00,DK1,890.8514930000006,0.9238864211696234,4041.763855,3483.88956,-0.07,10.588888888888889,7.074269005847953,0.0
2024-01-24 02:00:00+00:00,DK2,179.77773899999988,0.804537305957853,1527.751302,1719.141417,140.339996,10.588888888888889,7.074269005847953,0.0
2024-01-24 01:00:00+00:00,DK1,804.5798800000002,0.9222402109298425,3975.729318,3506.367822,0.0,10.35,6.401479289940828,0.0
2024-01-24 01:00:00+00:00,DK2,179.17832800000042,0.8037209442489618,1542.9918130000003,1740.632054,153.910004,10.35,6.401479289940828,0.0
2024-01-24 00:00:00+00:00,DK1,729.3741350000005,0.9196914607249191,3923.2392689999997,3536.446998,-0.22,10.281481481481482,5.703801169590643,0.0
2024-01-24 00:00:00+00:00,DK2,182.86184799999978,0.8012863731677802,1546.8352550000002,1747.578138,187.699997,10.281481481481482,5.703801169590643,0.0
2024-01-23 23:00:00+00:00,DK1,1569.8419159999999,0.922072474842393,4594.044678,3412.461323,22.74,9.664814814814816,5.053216374269006,0.0
2024-01-23 23:00:00+00:00,DK2,254.526163,0.7705361401673156,1527.473998,1727.826018,213.350006,9.664814814814816,5.053216374269006,0.0
2024-01-23 22:00:00+00:00,DK1,1962.1252840000002,0.9035336387076045,4671.571548,3208.209663,248.050003,8.805555555555555,4.67046783625731,0.0
2024-01-23 22:00:00+00:00,DK2,380.6482090000002,0.7359761842754721,1487.307889,1640.215945,248.050003,8.805555555555555,4.67046783625731,0.0
2024-01-23 21:00:00+00:00,DK1,2033.7382460000008,0.8872240771472043,4569.4727570000005,3116.564676,338.290009,8.016666666666666,4.539181286549708,0.0
2024-01-23 21:00:00+00:00,DK2,283.11169799999993,0.7211697041787921,1430.778639,1700.857721,304.429993,8.016666666666666,4.539181286549708,0.0
2024-01-23 20:00:00+00:00,DK1,1933.4255059999996,0.8519472512111633,4313.87767,3130.124689,400.790009,7.214814814814815,4.564327485380117,0.0
2024-01-23 20:00:00+00:00,DK2,73.8143140000002,0.7128843566527631,1376.3008379999999,1856.794522,391.170013,7.214814814814815,4.564327485380117,0.0
2024-01-23 19:00:00+00:00,DK1,1610.3642599999994,0.8149367402724492,3861.092026,3127.539721,450.910004,6.97037037037037,4.618475073313784,0.0
2024-01-23 19:00:00+00:00,DK2,-36.18085899999983,0.6848354316072466,1315.271688,1956.746921,450.910004,6.97037037037037,4.618475073313784,0.0
2024-01-23 18:00:00+00:00,DK1,1186.0390469999984,0.7794909793467935,3376.442052,3145.559575,472.390015,6.84074074074074,4.749411764705882,0.0
2024-01-23 18:00:00+00:00,DK2,-264.1752640000002,0.7014509014969542,1266.481857,2069.692734,472.390015,6.84074074074074,4.749411764705882,0.0
2024-01-23 17:00:00+00:00,DK1,952.1802160000002,0.7642485144083612,3307.5502199999996,3375.666234,498.040009,6.638888888888889,4.832551319648094,0.0
2024-01-23 17:00:00+00:00,DK2,-283.3142620000001,0.7156091693723969,1360.052169,2183.865886,498.040009,6.638888888888889,4.832551319648094,0.0
2024-01-23 16:00:00+00:00,DK1,567.0763349999997,0.7531632775529495,3086.303251,3530.711413,510.570007,6.7444444444444445,4.905294117647059,0.0
2024-01-23 16:00:00+00:00,DK2,-265.87513999999965,0.6751488404297867,1355.211776,2273.153676,510.570007,6.7444444444444445,4.905294117647059,0.0
2024-01-23 15:00:00+00:00,DK1,667.6074100000001,0.7587873861235825,3027.5790370000004,3322.415477,494.390015,7.47037037037037,5.180994152046784,19.903846153846157
2024-01-23 15:00:00+00:00,DK2,-101.51185400000008,0.6820080631026846,1372.6965100000002,2114.239539,494.390015,7.47037037037037,5.180994152046784,19.903846153846157
2024-01-23 14:00:00+00:00,DK1,940.7684240000003,0.7627241889655961,3211.831231,3270.231145,468.059998,8.222222222222221,5.675730994152047,25.634615384615383
2024-01-23 14:00:00+00:00,DK2,-36.75775900000008,0.7362461706513022,1481.6607139999996,2049.210622,468.059998,8.222222222222221,5.675730994152047,25.634615384615383
2024-01-23 13:00:00+00:00,DK1,1245.7529570000002,0.818295686309624,3842.7779469999996,3450.322082,461.649994,8.825925925925926,6.164327485380117,34.84615384615385
2024-01-23 13:00:00+00:00,DK2,-48.81614100000024,0.7464414457855689,1537.331627,2108.363659,320.019989,8.825925925925926,6.164327485380117,34.84615384615385
2024-01-23 12:00:00+00:00,DK1,1473.9790940000016,0.8381237434545262,4314.856232,3674.253808,443.230011,9.23148148148148,6.39882697947214,27.846153846153847
2024-01-23 12:00:00+00:00,DK2,-65.58555000000024,0.7556719200481774,1588.2482850000001,2167.355171,199.570007,9.23148148148148,6.39882697947214,27.846153846153847
2024-01-23 11:00:00+00:00,DK1,1727.4966129999998,0.8518089980825218,4682.635098000001,3769.786356,441.059998,9.164814814814816,6.40906432748538,28.23076923076923
2024-01-23 11:00:00+00:00,DK2,-78.28134900000032,0.7477595455235879,1595.747789,2212.320023,310.100006,9.164814814814816,6.40906432748538,28.23076923076923
2024-01-23 10:00:00+00:00,DK1,1804.1040929999995,0.8629310023304673,4850.268754,3816.58718,443.299988,9.256363636363636,6.246064139941692,20.666666666666668
2024-01-23 10:00:00+00:00,DK2,-91.9884990000005,0.7438513334591105,1560.7483069999998,2190.187745,443.299988,9.256363636363636,6.246064139941692,20.666666666666668
2024-01-23 09:00:00+00:00,DK1,1690.8640850000002,0.855414211764391,4714.536251,3820.543355,447.25,9.172727272727272,5.945244956772334,7.462962962962963
2024-01-23 09:00:00+00:00,DK2,-124.13582199999973,0.7380617873629883,1522.1076110000001,2186.439598,447.25,9.172727272727272,5.945244956772334,7.462962962962963
2024-01-23 08:00:00+00:00,DK1,1739.361159,0.8603609975892565,4628.433793,3640.280417,455.76001,9.365454545454543,5.630747126436781,0.2037037037037037
2024-01-23 08:00:00+00:00,DK2,-138.2611690000001,0.7374510816439003,1488.372371,2156.527069,455.76001,9.365454545454543,5.630747126436781,0.2037037037037037
2024-01-23 07:00:00+00:00,DK1,1812.823649999999,0.8657663667970226,4637.345748999999,3543.524121,461.649994,9.312727272727274,5.414655172413793,0.0
2024-01-23 07:00:00+00:00,DK2,-108.04704399999946,0.7332077046644104,1482.589351,2130.106198,461.649994,9.312727272727274,5.414655172413793,0.0
2024-01-23 06:00:00+00:00,DK1,1705.1889240000005,0.8814049795195198,4573.019276,3483.140371,454.410004,9.136363636363637,5.223768115942029,0.0
2024-01-23 06:00:00+00:00,DK2,-15.316735999999537,0.7350487389302174,1499.927547,2055.899173,454.410004,9.136363636363637,5.223768115942029,0.0
2024-01-23 05:00:00+00:00,DK1,1563.1822460000003,0.8956231068193835,4421.7328720000005,3373.864195,439.940002,8.998181818181818,4.995664739884393,0.0
2024-01-23 05:00:00+00:00,DK2,205.26744200000007,0.7326032254055979,1488.1496080000002,1826.049861,191.889999,8.998181818181818,4.995664739884393,0.0
2024-01-23 04:00:00+00:00,DK1,1400.204604,0.915764593959886,4302.701134,3298.274855,292.579987,8.627272727272727,4.898270893371758,0.0
2024-01-23 04:00:00+00:00,DK2,303.71458500000017,0.7508270601793565,1478.596593,1665.57591,161.320007,8.627272727272727,4.898270893371758,0.0
2024-01-23 03:00:00+00:00,DK1,1105.3356880000015,0.9150349578057083,4236.8166660000015,3524.888141,76.220001,8.696363636363637,4.938218390804598,0.0
2024-01-23 03:00:00+00:00,DK2,284.178173,0.7781073070180633,1469.8605459999999,1604.842188,76.220001,8.696363636363637,4.938218390804598,0.0
2024-01-23 02:00:00+00:00,DK1,1063.0530609999996,0.9153678275133545,4240.109371,3569.084145,31.1,8.983636363636364,5.06599423631124,0.0
2024-01-23 02:00:00+00:00,DK2,176.73564999999985,0.8049723568878963,1487.4041139999997,1671.034775,31.1,8.983636363636364,5.06599423631124,0.0
2024-01-23 01:00:00+00:00,DK1,1147.7427950000001,0.9189284606701041,4351.375878999999,3587.528845,69.879997,8.950909090909091,5.244540229885057,0.0
2024-01-23 01:00:00+00:00,DK2,149.86800600000015,0.8088888296566497,1495.751232,1699.275136,69.879997,8.950909090909091,5.244540229885057,0.0
2024-01-23 00:00:00+00:00,DK1,1312.8453100000006,0.9199968683360197,4430.9006500000005,3503.367443,75.330002,9.187272727272727,5.343227665706052,0.0
2024-01-23 00:00:00+00:00,DK2,141.23406200000022,0.8074187314264919,1500.843828,1717.583141,75.330002,9.187272727272727,5.343227665706052,0.0
2024-01-22 23:00:00+00:00,DK1,1667.1482310000001,0.9080590161980945,4482.62358,3269.341028,121.040001,9.32909090909091,5.464080459770115,0.0
2024-01-22 23:00:00+00:00,DK2,150.20684899999992,0.8063082452259281,1503.854996,1714.904918,118.129997,9.32909090909091,5.464080459770115,0.0
2024-01-22 22:00:00+00:00,DK1,1865.3971739999993,0.8901267379178057,4484.226665,3172.342368,372.019989,9.265454545454546,5.578386167146975,0.0
2024-01-22 22:00:00+00:00,DK2,205.16448700000024,0.7815065492242012,1506.643346,1722.705916,171.770004,9.265454545454546,5.578386167146975,0.0
2024-01-22 21:00:00+00:00,DK1,2083.3710369999994,0.8797143239048221,4538.476328999999,3075.663215,416.850006,9.16,5.622898550724638,0.0
2024-01-22 21:00:00+00:00,DK2,233.76613099999986,0.7463686234577422,1513.9469250000002,1794.651031,194.440002,9.16,5.622898550724638,0.0
2024-01-22 20:00:00+00:00,DK1,1951.7668410000006,0.8802804242037997,4542.298936,3208.292171,425.119995,9.212727272727273,5.666184971098266,0.0
2024-01-22 20:00:00+00:00,DK2,118.70822800000019,0.7442313781831387,1505.64698,1904.381666,425.119995,9.212727272727273,5.666184971098266,0.0
2024-01-22 19:00:00+00:00,DK1,2058.7211279999997,0.8595470671520615,4565.168802,3252.411882,444.519989,9.13090909090909,5.708620689655172,0.0
2024-01-22 19:00:00+00:00,DK2,36.00027600000021,0.7393167598827277,1500.354831,1993.379974,444.519989,9.13090909090909,5.708620689655172,0.0
2024-01-22 18:00:00+00:00,DK1,2149.4293290000005,0.8384915166109662,4591.159345,3326.069533,447.720001,9.16,5.783908045977012,0.0
2024-01-22 18:00:00+00:00,DK2,-28.239506999999776,0.7301481319043384,1489.8667169999999,2068.738759,447.720001,9.16,5.783908045977012,0.0
2024-01-22 17:00:00+00:00,DK1,2040.2962619999994,0.8414855801835047,4594.194244,3419.326995,455.179993,9.090909090909092,5.921325648414985,0.0
2024-01-22 17:00:00+00:00,DK2,-157.17118299999947,0.7249542443592407,1482.4972010000001,2202.123968,455.179993,9.090909090909092,5.921325648414985,0.0
2024-01-22 16:00:00+00:00,DK1,1918.9966539999996,0.8337069583374442,4584.675288,3580.14815,461.299988,9.190909090909091,6.067723342939481,0.0
2024-01-22 16:00:00+00:00,DK2,-250.30014700000015,0.7293342206734469,1475.548569,2273.444718,461.299988,9.190909090909091,6.067723342939481,0.0
2024-01-22 15:00:00+00:00,DK1,2002.9756270000007,0.8413971596884118,4627.820428000001,3497.186068,447.429993,9.425454545454546,6.335734870317003,13.592592592592592
2024-01-22 15:00:00+00:00,DK2,-199.4840999999999,0.7361889811914742,1472.008916,2198.982807,447.429993,9.425454545454546,6.335734870317003,13.592592592592592
2024-01-22 14:00:00+00:00,DK1,1969.0614569999998,0.8523022402512788,4707.47501,3554.184626,445.48999,9.75818181818182,6.7181556195965415,18.05555555555556
2024-01-22 14:00:00+00:00,DK2,-141.83647900000005,0.7608734089155662,1503.4394260000001,2117.775457,445.48999,9.75818181818182,6.7181556195965415,18.05555555555556
2024-01-22 13:00:00+00:00,DK1,1906.5966229999995,0.8537739219291793,4844.031865,3767.073819,434.299988,10.04181818181818,7.068587896253603,25.203703703703702
2024-01-22 13:00:00+00:00,DK2,-143.05522099999962,0.7769056229162875,1554.336563,2143.731387,434.299988,10.04181818181818,7.068587896253603,25.203703703703702
2024-01-22 12:00:00+00:00,DK1,1824.261550000001,0.8639222462812292,4998.100602,3961.09775,423.040009,10.276363636363635,7.287896253602305,28.314814814814813
2024-01-22 12:00:00+00:00,DK2,-134.57335999999987,0.7878534415969961,1614.3375709999998,2183.606195,423.040009,10.276363636363635,7.287896253602305,28.314814814814813
2024-01-22 11:00:00+00:00,DK1,2211.7194129999993,0.8531838860250686,5089.325342,3753.378411,424.529999,10.698181818181816,7.302298850574712,28.0
2024-01-22 11:00:00+00:00,DK2,-113.15598499999987,0.7741643852821382,1632.2557210000002,2221.565713,424.529999,10.698181818181816,7.302298850574712,28.0
2024-01-22 10:00:00+00:00,DK1,2285.5301419999996,0.8483425786189182,5037.075827,3652.019091,451.970001,11.45925925925926,7.168103448275862,18.21153846153846
2024-01-22 10:00:00+00:00,DK2,-169.537507,0.7663486161962921,1576.3233209999999,2226.464717,451.970001,11.45925925925926,7.168103448275862,18.21153846153846
2024-01-22 09:00:00+00:00,DK1,2123.453372,0.8470506339658815,4887.108064,3646.104985,459.059998,11.988888888888887,6.979420289855073,4.923076923076923
2024-01-22 09:00:00+00:00,DK2,-221.2894240000005,0.7646509658981434,1549.54362,2247.761225,459.059998,11.988888888888887,6.979420289855073,4.923076923076923
2024-01-22 08:00:00+00:00,DK1,1967.0306350000005,0.838385673851611,4713.810359,3655.453749,429.450012,12.441509433962263,6.84188790560472,0.0
2024-01-22 08:00:00+00:00,DK2,-181.10714599999937,0.7608578388921468,1565.8260259999997,2239.08164,429.450012,12.441509433962263,6.84188790560472,0.0
2024-01-22 07:00:00+00:00,DK1,2005.1208789999996,0.8325035174069685,4612.322237,3535.182724,495.829987,12.830188679245284,6.677151335311573,0.0
2024-01-22 07:00:00+00:00,DK2,-115.33077600000024,0.7594900585838481,1573.34263,2186.908425,495.829987,12.830188679245284,6.677151335311573,0.0
2024-01-22 06:00:00+00:00,DK1,1960.5586459999995,0.8449042261472285,4563.180146,3440.266684,451.01001,12.965384615384616,6.325297619047619,0.0
2024-01-22 06:00:00+00:00,DK2,-26.413464000000204,0.7667501492485839,1580.820057,2088.128168,451.01001,12.965384615384616,6.325297619047619,0.0
2024-01-22 05:00:00+00:00,DK1,1546.6226900000001,0.8974822719596802,4459.605617,3422.395369,302.059998,13.011320754716982,5.832640949554896,0.0
2024-01-22 05:00:00+00:00,DK2,55.57809700000007,0.7984001394756658,1561.1577630000002,1899.779481,302.059998,13.011320754716982,5.832640949554896,0.0
2024-01-22 04:00:00+00:00,DK1,1099.9692959999988,0.9149130826429452,4327.452524999999,3629.936317,149.169998,13.075925925925926,5.350148367952523,0.0
2024-01-22 04:00:00+00:00,DK2,138.4043569999999,0.8170269252272258,1512.0558900000003,1712.276255,149.169998,13.075925925925926,5.350148367952523,0.0
2024-01-22 03:00:00+00:00,DK1,951.0804749999988,0.9210865680305261,4211.835364,3621.600867,37.740002,12.516981132075472,5.019345238095238,0.0
2024-01-22 03:00:00+00:00,DK2,171.54481999999985,0.8188074105928044,1517.6405129999998,1681.931948,37.740002,12.516981132075472,5.019345238095238,0.0
2024-01-22 02:00:00+00:00,DK1,1155.4085100000007,0.908527031299939,4313.361280000001,3592.233697,37.59,11.815094339622645,4.627893175074184,0.0
2024-01-22 02:00:00+00:00,DK2,95.54143799999997,0.8161384363430998,1505.4875009999998,1749.105786,37.59,11.815094339622645,4.627893175074184,0.0
2024-01-22 01:00:00+00:00,DK1,1397.5424449999996,0.914375339205979,4512.089489999999,3537.071708,138.869995,11.262962962962964,4.2890207715133535,0.0
2024-01-22 01:00:00+00:00,DK2,97.18510700000002,0.8120360488229437,1489.5705270000003,1737.179918,138.869995,11.262962962962964,4.2890207715133535,0.0
2024-01-22 00:00:00+00:00,DK1,1607.874723,0.9121995829450948,4635.8371529999995,3474.167891,165.869995,10.710416666666667,4.071903323262839,0.0
2024-01-22 00:00:00+00:00,DK2,87.29369299999962,0.8114428692980918,1482.819938,1740.093045,165.869995,10.710416666666667,4.071903323262839,0.0
2024-01-21 23:00:00+00:00,DK1,1926.1782689999995,0.9058910153008557,4757.745016,3325.827696,273.420013,10.40925925925926,3.918452380952381,0.0
2024-01-21 23:00:00+00:00,DK2,67.81878500000039,0.8086782632583622,1472.244116,1752.737279,203.610001,10.40925925925926,3.918452380952381,0.0
2024-01-21 22:00:00+00:00,DK1,2401.6745339999993,0.8766156427744094,4713.208645,2974.922021,294.309998,9.46923076923077,3.8383928571428574,0.0
2024-01-21 22:00:00+00:00,DK2,64.1334880000004,0.7987424824868921,1432.5432070000002,1729.364715,216.520004,9.46923076923077,3.8383928571428574,0.0
2024-01-21 21:00:00+00:00,DK1,2509.2682710000004,0.8500059968446014,4636.926255,2945.900601,375.829987,9.34074074074074,3.7564179104477615,0.0
2024-01-21 21:00:00+00:00,DK2,0.12627000000020416,0.7985812563668012,1431.5591420000003,1792.501757,375.829987,9.34074074074074,3.7564179104477615,0.0
2024-01-21 20:00:00+00:00,DK1,2389.126941,0.8434758797260903,4588.889637,3051.324585,391.26001,9.068518518518518,3.686646884272997,0.0
2024-01-21 20:00:00+00:00,DK2,-106.43198100000018,0.7926229310116073,1418.0455279999996,1895.486363,391.26001,9.068518518518518,3.686646884272997,0.0
2024-01-21 19:00:00+00:00,DK1,2339.8426029999996,0.8327756515029959,4488.086995,3049.468416,384.100006,8.913207547169812,3.5940476190476187,0.0
2024-01-21 19:00:00+00:00,DK2,-88.042956,0.7620528092323721,1418.652705,1949.662896,384.100006,8.913207547169812,3.5940476190476187,0.0
2024-01-21 18:00:00+00:00,DK1,2232.966819,0.8222580756151899,4374.587119,3087.244984,437.359985,8.561538461538461,3.469253731343284,0.0
2024-01-21 18:00:00+00:00,DK2,-107.20918299999971,0.7354272786329082,1424.5206560000001,2044.206487,437.359985,8.561538461538461,3.469253731343284,0.0
2024-01-21 17:00:00+00:00,DK1,1905.778753,0.817734593385861,4231.805359000001,3269.256513,458.309998,8.625925925925927,3.286144578313253,0.0
2024-01-21 17:00:00+00:00,DK2,-254.06672099999992,0.7340977207134763,1422.255736,2191.486898,458.309998,8.625925925925927,3.286144578313253,0.0
2024-01-21 16:00:00+00:00,DK1,1640.025775999999,0.8164606827782483,4143.915441,3435.436556,422.51001,8.743396226415094,3.0174698795180723,0.0
2024-01-21 16:00:00+00:00,DK2,-415.12845600000014,0.7660853795794471,1410.918955,2256.853925,422.51001,8.743396226415094,3.0174698795180723,0.0
2024-01-21 15:00:00+00:00,DK1,1705.8808700000004,0.8391882266306747,4227.04723,3331.186019,371.649994,9.101923076923075,2.720359281437126,1.8269230769230769
2024-01-21 15:00:00+00:00,DK2,-387.9891309999996,0.784411121273688,1409.044276,2184.297518,371.649994,9.101923076923075,2.720359281437126,1.8269230769230769
2024-01-21 14:00:00+00:00,DK1,1751.6885100000009,0.8627732472626163,4368.592103000001,3311.741675,365.76001,9.50943396226415,2.3282738095238096,1.0961538461538465
2024-01-21 14:00:00+00:00,DK2,-259.3623790000004,0.7862493548328753,1437.9867949999998,2088.281902,365.76001,9.50943396226415,2.3282738095238096,1.0961538461538465
2024-01-21 13:00:00+00:00,DK1,1749.2978750000002,0.8612869586483343,4462.604975,3432.024018,330.399994,9.537037037037036,1.9764179104477613,0.0192307692307692
2024-01-21 13:00:00+00:00,DK2,-241.83195,0.7922193389897112,1472.3998279999998,2100.407922,330.399994,9.537037037037036,1.9764179104477613,0.0192307692307692
2024-01-21 12:00:00+00:00,DK1,1759.8941899999995,0.8669114036706093,4524.8880229999995,3459.656509,281.100006,9.435849056603772,1.9571428571428573,0.3076923076923077
2024-01-21 12:00:00+00:00,DK2,-216.59089200000017,0.7864991923433613,1486.3173940000001,2106.379729,281.100006,9.435849056603772,1.9571428571428573,0.3076923076923077
2024-01-21 11:00:00+00:00,DK1,1771.3523079999995,0.8680769171707394,4538.217093,3456.545132,287.0,9.275471698113208,2.0596439169139464,0.0192307692307692
2024-01-21 11:00:00+00:00,DK2,-221.5956550000003,0.7868024819006022,1485.2956860000002,2109.357476,287.0,9.275471698113208,2.0596439169139464,0.0192307692307692
2024-01-21 10:00:00+00:00,DK1,1918.9423570000008,0.8603363129969395,4549.87185,3369.538184,363.0,8.928301886792452,2.366268656716418,0.0
2024-01-21 10:00:00+00:00,DK2,-208.5881690000001,0.7878024900739562,1487.325597,2096.530408,363.0,8.928301886792452,2.366268656716418,0.0
2024-01-21 09:00:00+00:00,DK1,1947.9177510000009,0.8590705984180489,4511.82247,3304.06326,343.529999,8.527777777777779,2.426112759643917,0.0
2024-01-21 09:00:00+00:00,DK2,-193.61412699999983,0.7845818567422561,1462.4871830000002,2057.648033,343.529999,8.527777777777779,2.426112759643917,0.0
2024-01-21 08:00:00+00:00,DK1,2191.753618,0.8361868042477341,4422.723779,3097.403968,405.429993,7.839622641509434,2.2580357142857146,0.0
2024-01-21 08:00:00+00:00,DK2,-149.90301499999987,0.7772959882085136,1404.001153,1956.166233,405.429993,7.839622641509434,2.2580357142857146,0.0
2024-01-21 07:00:00+00:00,DK1,2073.3465539999997,0.8300364952128036,4270.525944,3071.639201,383.059998,7.269230769230769,2.0107142857142857,0.0
2024-01-21 07:00:00+00:00,DK2,-96.40917600000012,0.774457661990074,1328.380977,1811.649456,383.059998,7.269230769230769,2.0107142857142857,0.0
2024-01-21 06:00:00+00:00,DK1,1912.4578940000006,0.8489245867244122,4089.976756,2905.37495,327.869995,7.3,1.880712166172107,0.0
2024-01-21 06:00:00+00:00,DK2,-12.931765999999925,0.7569366679413687,1269.3955170000002,1689.948577,327.869995,7.3,1.880712166172107,0.0
2024-01-21 05:00:00+00:00,DK1,1771.9664970000003,0.8530114821182984,3954.287736,2863.71288,339.579987,7.072222222222222,1.78125,0.0
2024-01-21 05:00:00+00:00,DK2,34.38953199999992,0.7543449101299472,1228.938521,1594.757168,339.579987,7.072222222222222,1.78125,0.0
2024-01-21 04:00:00+00:00,DK1,1845.3679929999998,0.8498703954391751,3895.7753559999996,2738.596076,353.899994,6.833962264150943,1.6427299703264095,0.0
2024-01-21 04:00:00+00:00,DK2,-36.77142600000002,0.7469104936576565,1181.811903,1619.038529,353.899994,6.833962264150943,1.6427299703264095,0.0
2024-01-21 03:00:00+00:00,DK1,1652.7688719999992,0.8450775680344054,3770.8286639999997,2809.340651,361.799988,6.7,1.5661721068249257,0.0
2024-01-21 03:00:00+00:00,DK2,-142.90946600000007,0.7321631998929328,1096.477363,1640.495473,361.799988,6.7,1.5661721068249257,0.0
2024-01-21 02:00:00+00:00,DK1,1586.334777,0.8311651454950196,3648.1580199999994,2802.874804,379.549988,6.622222222222223,1.5620178041543027,0.0
2024-01-21 02:00:00+00:00,DK2,-255.12479099999973,0.7098362792509396,999.6234940000002,1663.369936,379.549988,6.622222222222223,1.5620178041543027,0.0
2024-01-21 01:00:00+00:00,DK1,1902.5140740000006,0.7881022790059687,3587.2076439999996,2649.189099,411.329987,6.746296296296297,1.6984984984984983,0.0
2024-01-21 01:00:00+00:00,DK2,-284.71552199999974,0.7015678381328647,977.658929,1678.24994,411.329987,6.746296296296297,1.6984984984984983,0.0
2024-01-21 00:00:00+00:00,DK1,1942.4472960000003,0.8002426925233254,3682.510482,2659.294796,429.230011,6.816981132075472,1.930654761904762,0.0
2024-01-21 00:00:00+00:00,DK2,-192.0713340000002,0.7161937242761259,1049.3351569999998,1657.22681,429.230011,6.816981132075472,1.930654761904762,0.0
2024-01-20 23:00:00+00:00,DK1,1944.52788,0.813520400516501,3746.279629,2660.494473,445.26001,6.822222222222222,2.1988095238095235,0.0
2024-01-20 23:00:00+00:00,DK2,-209.49203099999977,0.6711494522783861,978.900549,1668.035349,445.26001,6.822222222222222,2.1988095238095235,0.0
2024-01-20 22:00:00+00:00,DK1,2036.2163689999993,0.8106248216372104,3707.4989960000003,2537.414856,499.579987,6.690740740740741,2.4943620178041543,0.0
2024-01-20 22:00:00+00:00,DK2,-212.64895799999977,0.6163012413364247,898.406346,1670.387943,499.579987,6.690740740740741,2.4943620178041543,0.0
2024-01-20 21:00:00+00:00,DK1,1955.8493399999988,0.8101372393403924,3636.528508,2532.931488,525.159973,6.376923076923077,2.7119402985074625,0.0
2024-01-20 21:00:00+00:00,DK2,-214.07246800000007,0.6224933960390159,942.844116,1728.697558,525.159973,6.376923076923077,2.7119402985074625,0.0
2024-01-20 20:00:00+00:00,DK1,1962.49482,0.7687697024870828,3485.981478,2571.999017,547.309998,6.352830188679245,2.930654761904762,0.0
2024-01-20 20:00:00+00:00,DK2,-337.03615200000013,0.5879711303988812,862.348093,1803.686551,547.309998,6.352830188679245,2.930654761904762,0.0
2024-01-20 19:00:00+00:00,DK1,1945.034792999999,0.7381814857610939,3424.630401,2694.244933,596.599976,6.028301886792453,3.055059523809524,0.0
2024-01-20 19:00:00+00:00,DK2,-359.174982,0.588992755040946,888.137805,1867.067562,596.599976,6.028301886792453,3.055059523809524,0.0
2024-01-20 18:00:00+00:00,DK1,1741.9970720000001,0.6995697350865123,3161.809839,2777.652193,682.880005,5.5150943396226415,3.036309523809524,0.0
2024-01-20 18:00:00+00:00,DK2,-368.08306500000003,0.62016831097481,1000.1073759999998,1980.721696,682.880005,5.5150943396226415,3.036309523809524,0.0
2024-01-20 17:00:00+00:00,DK1,1308.585731999999,0.6791999430093995,2895.566044,2954.615515,744.780029,4.988461538461538,2.9714285714285715,0.0
2024-01-20 17:00:00+00:00,DK2,-528.2291539999999,0.6009640244084172,941.2520299999998,2094.466053,754.030029,4.988461538461538,2.9714285714285715,0.0
2024-01-20 16:00:00+00:00,DK1,844.111731,0.6563978217766094,2550.1776579999996,3040.998142,707.940002,4.658490566037736,2.949702380952381,0.0
2024-01-20 16:00:00+00:00,DK2,-836.5784289999999,0.5225488620824188,678.904679,2135.79603,725.390015,4.658490566037736,2.949702380952381,0.0
2024-01-20 15:00:00+00:00,DK1,705.2932099999998,0.6405185568014321,2285.6349529999998,2863.120115,654.77002,4.727777777777778,2.948961424332344,6.326923076923077
2024-01-20 15:00:00+00:00,DK2,-903.8087780000001,0.4585250865637429,524.3918199999999,2047.457916,671.549988,4.727777777777778,2.948961424332344,6.326923076923077
2024-01-20 14:00:00+00:00,DK1,667.1858280000001,0.6302922139287676,2174.685409,2783.095424,589.960022,5.031481481481482,3.117824773413897,4.019230769230769
2024-01-20 14:00:00+00:00,DK2,-742.1936329999999,0.5080005282332279,635.008801,1992.209658,589.960022,5.031481481481482,3.117824773413897,4.019230769230769
2024-01-20 13:00:00+00:00,DK1,507.93073300000015,0.6539563429867064,2231.443753,2904.290552,547.309998,5.035849056603773,3.1652818991097926,6.519230769230769
2024-01-20 13:00:00+00:00,DK2,-655.4771819999999,0.5580616874888115,767.406803,2030.606169,547.309998,5.035849056603773,3.1652818991097926,6.519230769230769
2024-01-20 12:00:00+00:00,DK1,519.6458019999995,0.6836123849223245,2348.3793119999996,2915.604003,512.929993,5.227777777777778,3.1655786350148367,7.057692307692308
2024-01-20 12:00:00+00:00,DK2,-501.7811509999999,0.6185403513029635,967.4027530000001,2065.790275,527.919983,5.227777777777778,3.1655786350148367,7.057692307692308
2024-01-20 11:00:00+00:00,DK1,507.4637190000003,0.6570558499412761,2254.6447670000002,2923.971778,505.100006,5.731481481481482,3.118100890207715,4.173076923076923
2024-01-20 11:00:00+00:00,DK2,-342.8494280000002,0.6658983741684091,1162.257237,2088.246747,520.159973,5.731481481481482,3.118100890207715,4.173076923076923
2024-01-20 10:00:00+00:00,DK1,521.4795710000003,0.6368569391646327,2197.293956,2928.736358,527.77002,6.078846153846154,3.0237388724035608,1.1346153846153846
2024-01-20 10:00:00+00:00,DK2,-167.16254000000026,0.6962111321536966,1334.3429099999998,2083.740498,540.73999,6.078846153846154,3.0237388724035608,1.1346153846153846
2024-01-20 09:00:00+00:00,DK1,553.0195879999992,0.6462508762977246,2247.2606599999995,2924.361631,535.450012,6.742307692307692,2.9488095238095235,0.5384615384615384
2024-01-20 09:00:00+00:00,DK2,-55.14606400000025,0.710427705048123,1426.327439,2062.848507,548.650024,6.742307692307692,2.9488095238095235,0.5384615384615384
2024-01-20 08:00:00+00:00,DK1,719.0857280000005,0.6293364086098939,2258.856538,2870.181486,580.940002,7.746296296296297,2.966268656716418,0.0
2024-01-20 08:00:00+00:00,DK2,136.53908300000012,0.7195938573738263,1530.7103539999998,1990.647438,588.02002,7.746296296296297,2.966268656716418,0.0
2024-01-20 07:00:00+00:00,DK1,958.7459740000004,0.6449826027120278,2448.947876,2838.174851,557.969971,8.373076923076923,3.1543026706231454,0.0
2024-01-20 07:00:00+00:00,DK2,282.65050899999983,0.7351557892694641,1585.7764370000002,1874.411246,557.969971,8.373076923076923,3.1543026706231454,0.0
2024-01-20 06:00:00+00:00,DK1,1214.7245289999992,0.7341950886229134,2927.1293159999996,2772.130411,498.910004,9.1,3.295252225519288,0.0
2024-01-20 06:00:00+00:00,DK2,311.50257399999964,0.7696663423824863,1601.634409,1769.443832,511.209991,9.1,3.295252225519288,0.0
2024-01-20 05:00:00+00:00,DK1,1815.9665809999992,0.7901479886278217,3605.364229,2746.930852,466.769989,9.557407407407409,3.431641791044776,0.0
2024-01-20 05:00:00+00:00,DK2,370.76319899999976,0.7805419561196804,1587.395002,1662.945546,480.640015,9.557407407407409,3.431641791044776,0.0
2024-01-20 04:00:00+00:00,DK1,2134.9305269999995,0.8304944978920578,4120.1340709999995,2826.130722,460.5,9.98148148148148,3.525595238095238,0.0
2024-01-20 04:00:00+00:00,DK2,383.82374300000015,0.7807630030595618,1583.023918,1643.710748,460.5,9.98148148148148,3.525595238095238,0.0
2024-01-20 03:00:00+00:00,DK1,2384.10505,0.8472761535091521,4419.952168000001,2832.555598,461.25,9.79245283018868,3.613392857142857,0.0
2024-01-20 03:00:00+00:00,DK2,353.0626209999998,0.7796788659952049,1577.2491890000001,1669.884592,472.579987,9.79245283018868,3.613392857142857,0.0
2024-01-20 02:00:00+00:00,DK1,2480.1163680000004,0.843350391861421,4470.563642000001,2820.840014,461.019989,9.513207547169811,3.600595238095238,0.0
2024-01-20 02:00:00+00:00,DK2,298.6399650000001,0.777989657988703,1583.1697619999998,1736.309659,472.359985,9.513207547169811,3.600595238095238,0.0
2024-01-20 01:00:00+00:00,DK1,2609.5230779999997,0.8200896363041157,4491.11056,2866.842384,473.850006,9.61320754716981,3.51875,0.0
2024-01-20 01:00:00+00:00,DK2,259.0992580000002,0.776040637431361,1576.836116,1772.79964,485.480011,9.61320754716981,3.51875,0.0
2024-01-20 00:00:00+00:00,DK1,2576.7271849999993,0.8311577503154781,4510.962052,2850.596389,473.179993,9.4,3.45459940652819,0.0
2024-01-20 00:00:00+00:00,DK2,227.183765,0.7756916274846302,1574.2535910000001,1802.300034,484.809998,9.4,3.45459940652819,0.0
2024-01-19 23:00:00+00:00,DK1,2510.6036280000003,0.8267186060858248,4441.425440999999,2861.750893,492.200012,8.786792452830188,3.241194029850746,0.0
2024-01-19 23:00:00+00:00,DK2,232.22910800000022,0.7621115097359077,1569.1720690000002,1826.750515,504.279999,8.786792452830188,3.241194029850746,0.0
2024-01-19 22:00:00+00:00,DK1,2562.860889999999,0.7927235834456847,4247.938845,2795.8025,482.869995,8.27962962962963,2.9416666666666664,0.0
2024-01-19 22:00:00+00:00,DK2,294.3697639999996,0.7321904952680321,1546.2259470000001,1817.411196,497.339996,8.27962962962963,2.9416666666666664,0.0
2024-01-19 21:00:00+00:00,DK1,2267.539694,0.7882323164400254,4048.1807280000003,2868.231377,511.880005,7.626415094339622,2.549702380952381,0.0
2024-01-19 21:00:00+00:00,DK2,171.25080099999946,0.7244157959549061,1485.813692,1879.800129,527.169983,7.626415094339622,2.549702380952381,0.0
2024-01-19 20:00:00+00:00,DK1,1850.9238870000008,0.7574228663874815,3652.903871,2971.882544,530.380005,7.030188679245283,2.3256797583081568,0.0
2024-01-19 20:00:00+00:00,DK2,48.85595399999988,0.7027611023222656,1421.003719,1973.173601,544.469971,7.030188679245283,2.3256797583081568,0.0
2024-01-19 19:00:00+00:00,DK1,1497.7104189999986,0.7222936827362172,3248.5007269999996,2999.76866,551.849976,6.70188679245283,2.011572700296736,0.0
2024-01-19 19:00:00+00:00,DK2,-16.342273000000432,0.6836336200496195,1366.7075389999998,2015.523558,565.429993,6.70188679245283,2.011572700296736,0.0
2024-01-19 18:00:00+00:00,DK1,1192.447388,0.6562134360730429,2794.890714,3066.671003,576.98999,6.548148148148148,1.8026706231454008,0.0
2024-01-19 18:00:00+00:00,DK2,-140.61393100000032,0.6491758203054571,1293.224239,2132.715606,634.630005,6.548148148148148,1.8026706231454008,0.0
2024-01-19 17:00:00+00:00,DK1,852.1465309999999,0.6152856424419304,2516.8002469999997,3238.311743,656.630005,6.355555555555555,1.6113095238095236,0.0
2024-01-19 17:00:00+00:00,DK2,-274.6580779999997,0.634088297240387,1269.770922,2277.17244,809.059998,6.355555555555555,1.6113095238095236,0.0
2024-01-19 16:00:00+00:00,DK1,674.3983309999999,0.5777195475158994,2333.9669949999998,3365.56709,698.02002,6.315094339622641,1.5311572700296736,0.0
2024-01-19 16:00:00+00:00,DK2,-349.489024,0.6408202144613195,1284.133597,2353.379613,855.890015,6.315094339622641,1.5311572700296736,0.0
2024-01-19 15:00:00+00:00,DK1,763.2074890000004,0.6030505478954454,2392.8574360000007,3204.714345,631.570007,6.31923076923077,1.5419642857142857,13.865384615384617
2024-01-19 15:00:00+00:00,DK2,-315.16461200000026,0.6443438862862336,1265.8458050000002,2279.714648,780.049988,6.31923076923077,1.5419642857142857,13.865384615384617
2024-01-19 14:00:00+00:00,DK1,898.0832599999999,0.660599968055525,2667.883386,3140.493057,577.580017,6.727777777777778,1.5094955489614243,13.961538461538462
2024-01-19 14:00:00+00:00,DK2,-174.59872300000006,0.6540926186153888,1323.1240350000003,2197.437687,648.429993,6.727777777777778,1.5094955489614243,13.961538461538462
2024-01-19 13:00:00+00:00,DK1,769.2923009999995,0.682600127999346,2802.3747479999997,3336.148986,560.880005,6.964150943396227,1.508035714285714,21.07692307692308
2024-01-19 13:00:00+00:00,DK2,-98.6368650000004,0.6667421608878431,1404.1899329999999,2204.683273,573.549988,6.964150943396227,1.508035714285714,21.07692307692308
2024-01-19 12:00:00+00:00,DK1,844.2045929999999,0.6770259097850768,2920.7696069999997,3469.913323,547.01001,7.171698113207548,1.471641791044776,26.75
2024-01-19 12:00:00+00:00,DK2,-71.99010500000031,0.6747745048078302,1462.5394640000002,2239.43931,560.429993,7.171698113207548,1.471641791044776,26.75
2024-01-19 11:00:00+00:00,DK1,1066.171459000001,0.6834931326397907,3052.451448,3399.786284,572.960022,7.226415094339623,1.2556547619047618,34.84615384615385
2024-01-19 11:00:00+00:00,DK2,-63.19624299999987,0.6763870677309927,1483.2237449999998,2256.058608,587.049988,7.226415094339623,1.2556547619047618,34.84615384615385
2024-01-19 10:00:00+00:00,DK1,1307.3448940000007,0.6842016238911081,3275.988206,3480.700167,644.030029,6.954716981132076,0.8955357142857142,38.73076923076923
2024-01-19 10:00:00+00:00,DK2,-108.34017600000016,0.6779597116381804,1476.0818290000002,2285.581395,645.52002,6.954716981132076,0.8955357142857142,38.73076923076923
2024-01-19 09:00:00+00:00,DK1,1201.4764329999998,0.6751859122530723,3246.8484780000003,3607.344988,709.580017,6.841509433962265,0.275075075075075,32.42307692307692
2024-01-19 09:00:00+00:00,DK2,-218.40898500000003,0.6660745671627828,1408.150611,2332.512541,714.799988,6.841509433962265,0.275075075075075,32.42307692307692
2024-01-19 08:00:00+00:00,DK1,1135.3985889999994,0.6506483483218096,3108.8904040000007,3642.743724,767.0,6.486538461538462,-0.3098214285714286,1.6153846153846154
2024-01-19 08:00:00+00:00,DK2,-303.77483500000017,0.6561547463179066,1354.2730020000001,2367.728513,770.359985,6.486538461538462,-0.3098214285714286,1.6153846153846154
2024-01-19 07:00:00+00:00,DK1,1075.8122080000003,0.6230993758697104,2874.8366029999997,3537.956822,776.030029,6.730188679245283,-0.6214925373134328,0.0
2024-01-19 07:00:00+00:00,DK2,-338.8630639999999,0.6406651758094704,1267.808031,2317.756375,777.590027,6.730188679245283,-0.6214925373134328,0.0
2024-01-19 06:00:00+00:00,DK1,1149.093651999999,0.6410741722844149,2961.1454850000005,3469.943603,639.330017,6.833962264150943,-0.6199404761904762,0.0
2024-01-19 06:00:00+00:00,DK2,-190.91900900000041,0.6495542470233551,1323.4047159999998,2228.323463,666.549988,6.833962264150943,-0.6199404761904762,0.0
2024-01-19 05:00:00+00:00,DK1,1296.7619379999996,0.6969707154971287,3109.632628,3164.878356,564.830017,6.705769230769231,-0.6235119047619048,0.0
2024-01-19 05:00:00+00:00,DK2,-51.19785999999999,0.6898170891564986,1337.302749,1989.831695,564.830017,6.705769230769231,-0.6235119047619048,0.0
2024-01-19 04:00:00+00:00,DK1,1164.1602580000003,0.7339549376872512,3137.393093,3110.479685,491.079987,6.867924528301887,-0.5881305637982196,0.0
2024-01-19 04:00:00+00:00,DK2,139.31339499999967,0.7148385378659621,1372.841907,1781.178904,491.079987,6.867924528301887,-0.5881305637982196,0.0
2024-01-19 03:00:00+00:00,DK1,879.7939739999997,0.7474520775684141,3055.118124,3207.582616,472.209991,7.009433962264151,-0.5482142857142857,0.0
2024-01-19 03:00:00+00:00,DK2,198.31765500000006,0.7462090541366418,1445.081387,1738.246072,472.209991,7.009433962264151,-0.5482142857142857,0.0
2024-01-19 02:00:00+00:00,DK1,589.3837920000005,0.7192350883491916,2745.2380279999998,3227.501775,468.029999,7.071698113207548,-0.4262686567164179,0.0
2024-01-19 02:00:00+00:00,DK2,176.22298100000035,0.7561545677859665,1485.659748,1788.533712,468.029999,7.071698113207548,-0.4262686567164179,0.0
2024-01-19 01:00:00+00:00,DK1,483.87046100000043,0.6950387352901035,2565.916747,3207.890324,477.649994,6.986538461538462,-0.2369047619047619,0.0
2024-01-19 01:00:00+00:00,DK2,122.25797399999965,0.7521221709710575,1469.6943629999998,1831.805368,477.649994,6.986538461538462,-0.2369047619047619,0.0
2024-01-19 00:00:00+00:00,DK1,730.2575899999993,0.7155240416879022,2737.365716,3095.421991,487.269989,6.786538461538461,-0.2455357142857142,0.0
2024-01-19 00:00:00+00:00,DK2,111.96729800000003,0.7244939622620062,1434.497478,1868.031919,487.269989,6.786538461538461,-0.2455357142857142,0.0
2024-01-18 23:00:00+00:00,DK1,802.5104820000006,0.7084049422029665,2713.691212,3028.195729,510.089996,6.80188679245283,-0.2502994011976048,0.0
2024-01-18 23:00:00+00:00,DK2,104.90204699999981,0.7212720591966447,1415.00642,1856.918603,510.089996,6.80188679245283,-0.2502994011976048,0.0
2024-01-18 22:00:00+00:00,DK1,903.2617880000003,0.6860317496762611,2622.407065,2919.312118,532.0,6.533962264150944,-0.3544642857142857,0.0
2024-01-18 22:00:00+00:00,DK2,86.09774100000027,0.7167607867870539,1396.1237660000004,1861.726124,532.0,6.533962264150944,-0.3544642857142857,0.0
2024-01-18 21:00:00+00:00,DK1,840.7733929999995,0.6820755148345135,2621.7446039999995,3003.001302,577.48999,6.076923076923077,-0.4074626865671641,0.0
2024-01-18 21:00:00+00:00,DK2,-30.761121000000003,0.705452973105991,1335.526325,1923.908327,577.48999,6.076923076923077,-0.4074626865671641,0.0
2024-01-18 20:00:00+00:00,DK1,707.6048269999997,0.6440115918910473,2455.947511,3105.909622,605.090027,5.975925925925925,-0.5333333333333333,0.0
2024-01-18 20:00:00+00:00,DK2,-275.878637,0.674858505934813,1184.352547,2030.84288,605.090027,5.975925925925925,-0.5333333333333333,0.0
2024-01-18 19:00:00+00:00,DK1,822.7195480000009,0.6348463389541168,2525.778792,3155.847606,648.650024,5.8830188679245285,-0.6348214285714285,0.0
2024-01-18 19:00:00+00:00,DK2,-358.96319500000027,0.6282269897826924,1111.6016809999999,2128.390009,648.650024,5.8830188679245285,-0.6348214285714285,0.0
2024-01-18 18:00:00+00:00,DK1,948.5916700000007,0.6336741221275277,2688.9523509999995,3294.839231,705.030029,5.665384615384616,-0.6771771771771772,0.0
2024-01-18 18:00:00+00:00,DK2,-480.15104299999985,0.5962183248246625,1052.413115,2245.298257,705.030029,5.665384615384616,-0.6771771771771772,0.0
2024-01-18 17:00:00+00:00,DK1,902.9200300000011,0.5882660023849533,2549.2533150000004,3430.584379,770.140015,5.509433962264151,-0.6970149253731344,0.0
2024-01-18 17:00:00+00:00,DK2,-835.7267539999998,0.5419495107675478,837.003885,2380.158234,770.140015,5.509433962264151,-0.6970149253731344,0.0
2024-01-18 16:00:00+00:00,DK1,1047.6039660000006,0.6195518654645077,2857.989061,3565.390071,780.72998,5.037735849056604,-0.5672619047619047,0.0
2024-01-18 16:00:00+00:00,DK2,-1040.174374,0.5056909446155654,706.1440749999999,2436.568916,780.72998,5.037735849056604,-0.5672619047619047,0.0
2024-01-18 15:00:00+00:00,DK1,921.9263820000001,0.6436661376902704,2766.437045,3376.011451,742.25,5.283333333333333,-0.5452380952380952,27.403846153846157
2024-01-18 15:00:00+00:00,DK2,-1058.683777,0.4851514967293687,593.6519850000001,2282.326266,742.25,5.283333333333333,-0.5452380952380952,27.403846153846157
2024-01-18 14:00:00+00:00,DK1,750.8871970000005,0.6308238795025379,2557.325251,3303.057706,702.940002,5.29433962264151,-0.0372023809523809,42.34615384615385
2024-01-18 14:00:00+00:00,DK2,-1037.3569110000003,0.5611810053808025,646.850621,2190.016418,702.940002,5.29433962264151,-0.0372023809523809,42.34615384615385
2024-01-18 13:00:00+00:00,DK1,906.8151280000002,0.6829847913136042,2951.2948549999996,3414.357016,644.619995,4.996153846153846,0.1723214285714285,48.76923076923077
2024-01-18 13:00:00+00:00,DK2,-1084.6643569999999,0.6007513660079966,678.297206,2213.745778,644.619995,4.996153846153846,0.1723214285714285,48.76923076923077
2024-01-18 12:00:00+00:00,DK1,602.3625030000003,0.6690325365466981,2740.05553,3493.186488,653.48999,4.5814814814814815,-0.0383480825958702,48.07407407407408
2024-01-18 12:00:00+00:00,DK2,-1097.5255819999998,0.6216994341302531,728.7641879999999,2269.738629,653.48999,4.5814814814814815,-0.0383480825958702,48.07407407407408
2024-01-18 11:00:00+00:00,DK1,557.7329080000004,0.6058525027098345,2455.224117,3494.778398,697.719971,4.362264150943396,-0.5395833333333334,49.51923076923077
2024-01-18 11:00:00+00:00,DK2,-1222.7333560000002,0.5918794657483099,649.780139,2320.558465,697.719971,4.362264150943396,-0.5395833333333334,49.51923076923077
2024-01-18 10:00:00+00:00,DK1,204.9737570000002,0.5346027197671445,1980.886809,3500.369923,805.119995,4.116981132075472,-1.1598240469208212,47.01923076923077
2024-01-18 10:00:00+00:00,DK2,-1078.666113,0.5598355487143283,701.6645100000001,2332.006512,805.119995,4.116981132075472,-1.1598240469208212,47.01923076923077
2024-01-18 09:00:00+00:00,DK1,-73.25074100000074,0.4878117160789284,1702.726085,3563.790285,827.119995,4.112962962962963,-1.8523391812865495,34.67307692307692
2024-01-18 09:00:00+00:00,DK2,-1118.3125640000003,0.5460386418959534,676.5616450000001,2357.348766,827.119995,4.112962962962963,-1.8523391812865495,34.67307692307692
2024-01-18 08:00:00+00:00,DK1,-158.5523430000003,0.4780174118814933,1638.3717400000003,3585.983435,911.179993,4.027777777777778,-2.6125730994152048,1.7884615384615383
2024-01-18 08:00:00+00:00,DK2,-1220.8829890000002,0.493813362830706,561.9764009999999,2358.916998,911.179993,4.027777777777778,-2.6125730994152048,1.7884615384615383
2024-01-18 07:00:00+00:00,DK1,56.31759000000011,0.5206344347180107,1915.1357879999998,3622.147875,938.919983,3.7962264150943392,-2.8567251461988303,0.0
2024-01-18 07:00:00+00:00,DK2,-1288.6623369999995,0.43012847452675906,460.385804,2359.007202,938.919983,3.7962264150943392,-2.8567251461988303,0.0
2024-01-18 06:00:00+00:00,DK1,-53.435101999999915,0.5237314627084092,1809.5867109999997,3508.615552,831.969971,3.6471698113207545,-2.659356725146199,0.0
2024-01-18 06:00:00+00:00,DK2,-1289.104593,0.3756667738155259,369.428877,2272.499726,831.969971,3.6471698113207545,-2.659356725146199,0.0
2024-01-18 05:00:00+00:00,DK1,-265.34394399999974,0.5160500311616889,1486.538502,3145.953211,680.570007,3.511111111111111,-2.7599415204678364,0.0
2024-01-18 05:00:00+00:00,DK2,-1154.9101580000001,0.4245232079258777,373.017751,2033.584737,681.97998,3.511111111111111,-2.7599415204678364,0.0
2024-01-18 04:00:00+00:00,DK1,-176.58439899999985,0.5515129350644327,1516.665829,2926.593932,604.119995,3.637037037037037,-2.654678362573099,0.0
2024-01-18 04:00:00+00:00,DK2,-981.0648980000001,0.4617702178341588,382.39436200000006,1809.170192,604.119995,3.637037037037037,-2.654678362573099,0.0
2024-01-18 03:00:00+00:00,DK1,-248.58891500000027,0.5571231695514511,1495.0462479999999,2932.100084,578.539978,3.4716981132075477,-2.659705882352941,0.0
2024-01-18 03:00:00+00:00,DK2,-966.9334329999999,0.43462553601409853,338.704157,1746.23453,578.539978,3.4716981132075477,-2.659705882352941,0.0
2024-01-18 02:00:00+00:00,DK1,-246.84218599999986,0.5327251133644518,1449.671333,2968.079268,558.700012,3.1735849056603773,-2.857309941520468,0.0
2024-01-18 02:00:00+00:00,DK2,-1075.2348729999999,0.3812351304351616,271.201322,1786.610348,558.700012,3.1735849056603773,-2.857309941520468,0.0
2024-01-18 01:00:00+00:00,DK1,-333.6941109999998,0.524972003232995,1393.3081430000004,2987.755917,561.530029,3.1555555555555554,-3.1207602339181286,0.0
2024-01-18 01:00:00+00:00,DK2,-1054.47775,0.3611522731096685,279.63984500000004,1828.776753,561.530029,3.1555555555555554,-3.1207602339181286,0.0
2024-01-18 00:00:00+00:00,DK1,-352.7075480000003,0.5392492207027617,1418.391186,2983.014893,575.780029,3.305555555555556,-3.019941348973607,0.0
2024-01-18 00:00:00+00:00,DK2,-1032.7995150000002,0.37111686244335607,304.02522600000003,1852.01647,575.780029,3.305555555555556,-3.019941348973607,0.0
2024-01-17 23:00:00+00:00,DK1,-392.6651850000003,0.5244098879781336,1328.3737450000003,2925.748133,606.580017,3.2150943396226417,-2.865204678362573,0.0
2024-01-17 23:00:00+00:00,DK2,-949.8401160000001,0.36830941368540543,326.606208,1836.61139,606.580017,3.2150943396226417,-2.865204678362573,0.0
2024-01-17 22:00:00+00:00,DK1,-271.5528079999999,0.5109926013188815,1357.198901,2927.557802,627.710022,3.327777777777777,-2.714327485380117,0.0
2024-01-17 22:00:00+00:00,DK2,-900.9429090000001,0.34618674110533076,311.894366,1801.885461,627.710022,3.327777777777777,-2.714327485380117,0.0
2024-01-17 21:00:00+00:00,DK1,-352.7246180000002,0.5076785358827705,1355.8286169999997,3023.368581,703.099976,3.394444444444445,-2.4880116959064327,0.0
2024-01-17 21:00:00+00:00,DK2,-1068.2956789999998,0.27696793866655167,221.75180899999998,1868.936396,703.099976,3.394444444444445,-2.4880116959064327,0.0
2024-01-17 20:00:00+00:00,DK1,-242.32420899999943,0.4808087447819449,1340.332733,3029.987178,753.890015,3.816981132075471,-2.1874269005847955,0.0
2024-01-17 20:00:00+00:00,DK2,-1168.1353840000002,0.27294450551137756,221.255916,1978.761396,753.890015,3.816981132075471,-2.1874269005847955,0.0
2024-01-17 19:00:00+00:00,DK1,-124.17509500000097,0.45091024151232034,1350.704774,3119.682071,818.849976,4.060377358490566,-1.7476608187134504,0.0
2024-01-17 19:00:00+00:00,DK2,-1244.036184,0.29517951853724333,253.28207300000003,2102.09732,818.849976,4.060377358490566,-1.7476608187134504,0.0
2024-01-17 18:00:00+00:00,DK1,-170.39149500000076,0.4352375074588841,1329.107734,3224.144242,852.26001,4.292592592592593,-1.439940828402367,0.0
2024-01-17 18:00:00+00:00,DK2,-1324.1686350000002,0.31938425172442736,285.29694,2217.440418,852.26001,4.292592592592593,-1.439940828402367,0.0
2024-01-17 17:00:00+00:00,DK1,-211.71153699999968,0.46605921773914305,1490.781509,3410.407008,921.690002,4.4907407407407405,-1.143859649122807,0.0
2024-01-17 17:00:00+00:00,DK2,-1392.5980080000004,0.36113745216426235,345.552573,2349.443029,921.690002,4.4907407407407405,-1.143859649122807,0.0
2024-01-17 16:00:00+00:00,DK1,-284.444665,0.48517414639777784,1598.943905,3580.052885,1047.939941,4.766037735849056,-0.8497076023391813,0.0
2024-01-17 16:00:00+00:00,DK2,-1429.9672580000001,0.38503801401853965,384.11432899999994,2427.568313,1047.939941,4.766037735849056,-0.8497076023391813,0.0
2024-01-17 15:00:00+00:00,DK1,92.22164599999996,0.5323833091700612,1844.4506529999999,3372.294655,958.75,5.311320754716981,-0.4985380116959064,12.115384615384617
2024-01-17 15:00:00+00:00,DK2,-1177.920774,0.47235297908105073,524.8473450000001,2289.054541,958.75,5.311320754716981,-0.4985380116959064,12.115384615384617
2024-01-17 14:00:00+00:00,DK1,348.2560199999998,0.5247109738972551,1896.682645,3266.462824,935.630005,6.12962962962963,-0.0146198830409356,21.423076923076923
2024-01-17 14:00:00+00:00,DK2,-880.0334110000001,0.6111464733183778,813.116459,2210.510628,935.630005,6.12962962962963,-0.0146198830409356,21.423076923076923
2024-01-17 13:00:00+00:00,DK1,387.60367899999983,0.5558864828386801,2060.5943049999996,3319.258007,907.890015,6.75,0.3166666666666666,21.01923076923077
2024-01-17 13:00:00+00:00,DK2,-610.7511200000001,0.6871164728290877,1132.931347,2259.571068,907.890015,6.75,0.3166666666666666,21.01923076923077
2024-01-17 12:00:00+00:00,DK1,520.472925,0.608393044648888,2367.144116,3370.340977,907.590027,7.083018867924528,0.4412280701754386,15.73076923076923
2024-01-17 12:00:00+00:00,DK2,-453.92017599999986,0.7204409711211992,1319.4451469999997,2285.361196,907.590027,7.083018867924528,0.4412280701754386,15.73076923076923
2024-01-17 11:00:00+00:00,DK1,652.0209689999997,0.6241199814546705,2524.17702,3392.356867,877.840027,7.4075471698113216,0.3426900584795321,16.423076923076923
2024-01-17 11:00:00+00:00,DK2,-260.16293099999984,0.6909991498837477,1446.0642590000002,2352.877892,877.840027,7.4075471698113216,0.3426900584795321,16.423076923076923
2024-01-17 10:00:00+00:00,DK1,705.8741480000003,0.6487667873119617,2704.960572,3463.514028,802.890015,7.867924528301887,0.3032163742690059,14.076923076923077
2024-01-17 10:00:00+00:00,DK2,-215.69445300000007,0.6919535425528537,1495.1052399999999,2376.396217,828.539978,7.867924528301887,0.3032163742690059,14.076923076923077
2024-01-17 09:00:00+00:00,DK1,659.1456699999999,0.6167555257429078,2624.973903,3596.955481,797.289978,8.299999999999999,0.1707602339181286,7.461538461538462
2024-01-17 09:00:00+00:00,DK2,-143.5552200000002,0.6892788401548942,1536.9294869999999,2373.319718,797.289978,8.299999999999999,0.1707602339181286,7.461538461538462
2024-01-17 08:00:00+00:00,DK1,1009.2466340000005,0.6322066081248345,2862.709545999999,3518.876782,767.159973,8.99074074074074,0.1326530612244898,0.0
2024-01-17 08:00:00+00:00,DK2,-110.80121400000007,0.6930671754541655,1553.261639,2351.942757,767.159973,8.99074074074074,0.1326530612244898,0.0
2024-01-17 07:00:00+00:00,DK1,1382.5404870000002,0.6782114772095736,3419.5032749999996,3659.402019,715.929993,9.422222222222222,0.1747126436781609,0.0
2024-01-17 07:00:00+00:00,DK2,-68.19807300000002,0.6981256456557838,1571.261959,2318.884563,715.929993,9.422222222222222,0.1747126436781609,0.0
2024-01-17 06:00:00+00:00,DK1,1437.9883190000014,0.7181625339220656,3559.28426,3518.110185,591.23999,10.335185185185184,0.3142441860465116,0.0
2024-01-17 06:00:00+00:00,DK2,3.6501430000002983,0.7060407665680132,1582.863705,2238.236983,596.159973,10.335185185185184,0.3142441860465116,0.0
2024-01-17 05:00:00+00:00,DK1,1798.7261170000006,0.7700484048437191,3897.0590090000005,3262.07134,499.209991,10.96111111111111,0.3356321839080459,0.0
2024-01-17 05:00:00+00:00,DK2,182.6649030000001,0.7119241076674163,1568.985003,2021.20063,526.880005,10.96111111111111,0.3356321839080459,0.0
2024-01-17 04:00:00+00:00,DK1,2194.744004,0.806880305204088,4383.693426,3238.147836,487.209991,10.72037037037037,0.3462643678160919,0.0
2024-01-17 04:00:00+00:00,DK2,276.1382629999998,0.7320445296880536,1540.6138759999997,1828.397477,501.75,10.72037037037037,0.3462643678160919,0.0
2024-01-17 03:00:00+00:00,DK1,2413.4930140000006,0.8145344418103718,4553.622991,3176.967938,487.429993,9.762962962962964,0.3522988505747126,0.0
2024-01-17 03:00:00+00:00,DK2,213.56157699999972,0.758498510072202,1505.462908,1771.231917,501.970001,9.762962962962964,0.3522988505747126,0.0
2024-01-17 02:00:00+00:00,DK1,2316.705421000001,0.8216291966168542,4525.706784,3191.505342,489.220001,8.87962962962963,0.3031700288184438,0.0
2024-01-17 02:00:00+00:00,DK2,142.68375799999967,0.7519156509103336,1462.0219929999998,1801.71252,503.839996,8.87962962962963,0.3031700288184438,0.0
2024-01-17 01:00:00+00:00,DK1,2422.7585599999998,0.7979007588456836,4411.1476999999995,3105.68298,495.779999,7.938888888888889,0.2135057471264367,0.0
2024-01-17 01:00:00+00:00,DK2,114.8043319999997,0.7468309276269418,1440.8504029999997,1814.481601,510.619995,7.938888888888889,0.2135057471264367,0.0
2024-01-17 00:00:00+00:00,DK1,2140.779985,0.7819037219298394,4085.1430430000005,3083.831343,502.269989,7.148148148148148,0.1086206896551724,0.0
2024-01-17 00:00:00+00:00,DK2,65.7270239999998,0.7416353168557385,1410.77946,1836.527936,517.26001,7.148148148148148,0.1086206896551724,0.0
2024-01-16 23:00:00+00:00,DK1,1634.5439719999995,0.7545651132594835,3594.0623610000002,3128.547109,506.070007,6.746296296296297,-0.0132183908045977,0.0
2024-01-16 23:00:00+00:00,DK2,14.554319000000078,0.7375139968847902,1384.697615,1862.966136,521.210022,6.746296296296297,-0.0132183908045977,0.0
2024-01-16 22:00:00+00:00,DK1,1286.4316380000005,0.7331166718234142,3200.98967,3079.844281,579.429993,6.45925925925926,-0.157183908045977,0.0
2024-01-16 22:00:00+00:00,DK2,9.333650000000034,0.7334027551647125,1362.6148210000003,1848.601586,579.429993,6.45925925925926,-0.157183908045977,0.0
2024-01-16 21:00:00+00:00,DK1,1040.7648230000004,0.7188236919650478,2985.065564,3111.944106,611.869995,6.501851851851852,-0.3166666666666666,0.0
2024-01-16 21:00:00+00:00,DK2,-159.48040999999967,0.7227506883997475,1292.6417600000002,1947.98339,611.869995,6.501851851851852,-0.3166666666666666,0.0
2024-01-16 20:00:00+00:00,DK1,863.9514510000004,0.6941664496085773,2842.6583819999996,3231.115926,642.969971,6.3388888888888895,-0.4362068965517242,0.0
2024-01-16 20:00:00+00:00,DK2,-407.2573810000001,0.6530054742665194,1064.595814,2037.558896,642.969971,6.3388888888888895,-0.4362068965517242,0.0
2024-01-16 19:00:00+00:00,DK1,830.555523,0.637864249127269,2582.648048,3218.343677,712.179993,6.055555555555555,-0.6965217391304348,0.0
2024-01-16 19:00:00+00:00,DK2,-529.2160330000002,0.5683715514034988,906.611414,2124.319468,712.179993,6.055555555555555,-0.6965217391304348,0.0
2024-01-16 18:00:00+00:00,DK1,1001.0242949999997,0.5871047420186832,2560.0632240000004,3359.463776,833.599976,5.737037037037037,-0.9902298850574712,0.0
2024-01-16 18:00:00+00:00,DK2,-831.3435629999999,0.5030923441173429,715.9861139999999,2254.513926,833.599976,5.737037037037037,-0.9902298850574712,0.0
2024-01-16 17:00:00+00:00,DK1,764.223727999999,0.5751662597811771,2507.9747649999995,3596.210707,949.5,5.212962962962963,-1.3876436781609194,0.0
2024-01-16 17:00:00+00:00,DK2,-1138.4900010000001,0.4430181696901319,556.355314,2394.319563,992.539978,5.212962962962963,-1.3876436781609194,0.0
2024-01-16 16:00:00+00:00,DK1,583.151496,0.576386644068547,2506.466212,3765.433326,955.77002,4.766666666666667,-1.7985632183908045,0.0
2024-01-16 16:00:00+00:00,DK2,-1357.8799769999998,0.36550007166612813,402.456853,2458.992902,1273.930054,4.766666666666667,-1.7985632183908045,0.0
2024-01-16 15:00:00+00:00,DK1,485.96124499999996,0.574276581877567,2289.4930550000004,3500.781602,830.77002,4.418518518518519,-2.0477011494252872,19.203703703703702
2024-01-16 15:00:00+00:00,DK2,-1334.836354,0.29123873230287606,289.032875,2327.262302,1268.48999,4.418518518518519,-2.0477011494252872,19.203703703703702
2024-01-16 14:00:00+00:00,DK1,83.82208300000002,0.5418163402082626,1870.436347,3368.337271,822.27002,3.931481481481481,-2.0514367816091954,26.62962962962963
2024-01-16 14:00:00+00:00,DK2,-1425.7737279999997,0.21726715640830435,179.087506,2250.046982,1164.670044,3.931481481481481,-2.0514367816091954,26.62962962962963
2024-01-16 13:00:00+00:00,DK1,-188.89865399999962,0.5366330293907602,1738.364437,3428.290085,715.98999,3.648148148148149,-2.064080459770115,28.87037037037037
2024-01-16 13:00:00+00:00,DK2,-1503.720802,0.16128555028505395,122.818733,2265.219478,1070.849976,3.648148148148149,-2.064080459770115,28.87037037037037
2024-01-16 12:00:00+00:00,DK1,-766.3015740000001,0.44905620606667856,1255.275869,3561.666279,708.380005,3.27037037037037,-2.256609195402299,32.333333333333336
2024-01-16 12:00:00+00:00,DK2,-1557.279868,0.16815970290126603,128.345013,2320.51274,1058.839966,3.27037037037037,-2.256609195402299,32.333333333333336
2024-01-16 11:00:00+00:00,DK1,-1015.4425840000004,0.3822104202745837,940.9797599999999,3477.384253,771.400024,2.890909090909091,-2.6017191977077365,27.574074074074076
2024-01-16 11:00:00+00:00,DK2,-1630.829621,0.14965988559643148,111.257116,2374.229334,1268.189941,2.890909090909091,-2.6017191977077365,27.574074074074076
2024-01-16 10:00:00+00:00,DK1,-1209.5865130000002,0.3042362568396012,703.674111,3522.506473,871.940002,2.5509090909090912,-3.1084745762711865,21.83333333333333
2024-01-16 10:00:00+00:00,DK2,-1682.537395,0.1285510863247242,94.292975,2416.043254,1495.73999,2.5509090909090912,-3.1084745762711865,21.83333333333333
2024-01-16 09:00:00+00:00,DK1,-1495.1924799999993,0.23021780927964233,483.226983,3594.191617,1039.670044,2.263636363636364,-3.752407932011331,19.01851851851852
2024-01-16 09:00:00+00:00,DK2,-1643.3888419999998,0.12158558780228577,94.736989,2422.568272,1864.030029,2.263636363636364,-3.752407932011331,19.01851851851852
2024-01-16 08:00:00+00:00,DK1,-1572.3048880000001,0.17574599369467261,360.600904,3624.134898,1121.119995,2.0636363636363635,-4.650282485875707,1.148148148148148
2024-01-16 08:00:00+00:00,DK2,-1674.2367669999999,0.09908104135143977,74.39533399999999,2425.090139,2017.890015,2.0636363636363635,-4.650282485875707,1.148148148148148
2024-01-16 07:00:00+00:00,DK1,-1709.249438,0.1286953039749412,242.85280200000003,3596.286451,1119.849976,1.8611111111111112,-5.152272727272727,0.0
2024-01-16 07:00:00+00:00,DK2,-1679.6025140000002,0.08474072068028587,60.42892399999999,2392.706244,2055.399902,1.8611111111111112,-5.152272727272727,0.0
2024-01-16 06:00:00+00:00,DK1,-1728.403368,0.13193226224233767,231.215161,3480.932712,855.97998,1.9111111111111112,-5.287068965517242,0.0
2024-01-16 06:00:00+00:00,DK2,-1639.22,0.04799694236629869,32.069817,2307.38375,1442.560059,1.9111111111111112,-5.287068965517242,0.0
2024-01-16 05:00:00+00:00,DK1,-1674.1359949999996,0.12977991112779422,201.78395899999998,3228.952586,701.590027,1.9074074074074077,-5.202298850574713,0.0
2024-01-16 05:00:00+00:00,DK2,-1455.596422,0.022032665125064427,13.602768999999999,2072.987415,917.359985,1.9074074074074077,-5.202298850574713,0.0
2024-01-16 04:00:00+00:00,DK1,-1536.4517029999997,0.153872977766199,221.97829099999996,2979.059068,622.390015,1.8203703703703704,-5.159770114942528,0.0
2024-01-16 04:00:00+00:00,DK2,-1364.911074,0.0374476167006408,18.354798000000002,1855.057033,622.390015,1.8203703703703704,-5.159770114942528,0.0
2024-01-16 03:00:00+00:00,DK1,-1609.9454980000003,0.17096387825486695,233.311103,2974.626186,578.679993,1.8462962962962963,-5.064655172413793,0.0
2024-01-16 03:00:00+00:00,DK2,-1377.46823,0.011419589706307546,4.840222,1801.320761,578.679993,1.8462962962962963,-5.064655172413793,0.0
2024-01-16 02:00:00+00:00,DK1,-1605.1554649999996,0.1653236337934338,228.339381,2986.321459,583.679993,1.55,-5.1838616714697405,0.0
2024-01-16 02:00:00+00:00,DK2,-1414.3546270000002,0.013386091927768738,5.716159,1841.37687,583.679993,1.55,-5.1838616714697405,0.0
2024-01-16 01:00:00+00:00,DK1,-1635.0675119999999,0.1876463842188,265.70785199999995,3051.07056,597.179993,1.6259259259259258,-5.333908045977012,0.0
2024-01-16 01:00:00+00:00,DK2,-1444.001982,0.015325603401767893,6.594192999999999,1874.274959,597.179993,1.6259259259259258,-5.333908045977012,0.0
2024-01-16 00:00:00+00:00,DK1,-1640.804398,0.16122763941319132,223.431309,3026.61709,607.099976,1.6611111111111112,-5.486494252873563,0.0
2024-01-16 00:00:00+00:00,DK2,-1459.080009,0.02774768759836635,12.084404,1894.590318,607.099976,1.6611111111111112,-5.486494252873563,0.0
2024-01-15 23:00:00+00:00,DK1,-1672.1143369999998,0.16613788047008568,227.745592,3042.937122,607.469971,1.8425925925925928,-5.507183908045977,0.0
2024-01-15 23:00:00+00:00,DK2,-1433.8997239999999,0.07328779938400692,33.545797,1891.626621,612.98999,1.8425925925925928,-5.507183908045977,0.0
2024-01-15 22:00:00+00:00,DK1,-1554.235554,0.12650030936782639,178.69822499999998,2966.866289,644.539978,2.2222222222222223,-5.43448275862069,0.0
2024-01-15 22:00:00+00:00,DK2,-1370.699287,0.16784650265320453,85.898331,1882.466465,644.539978,2.2222222222222223,-5.43448275862069,0.0
2024-01-15 21:00:00+00:00,DK1,-1703.6606429999997,0.09765215054462367,139.04858,3127.577876,667.359985,2.4925925925925925,-5.350287356321839,0.0
2024-01-15 21:00:00+00:00,DK2,-1330.1732270000002,0.3015760162081819,194.65337600000004,1975.626995,667.359985,2.4925925925925925,-5.350287356321839,0.0
2024-01-15 20:00:00+00:00,DK1,-1629.119752,0.08152670934768723,118.176825,3078.667096,693.159973,2.764814814814815,-5.147988505747127,0.0
2024-01-15 20:00:00+00:00,DK2,-1295.505556,0.3978951608021046,304.01939899999996,2059.57466,693.159973,2.764814814814815,-5.147988505747127,0.0
2024-01-15 19:00:00+00:00,DK1,-1603.525858,0.06480852796239507,99.399825,3137.271927,769.22998,3.244444444444444,-4.653735632183908,0.0
2024-01-15 19:00:00+00:00,DK2,-1209.425678,0.47065966933539033,435.489915,2134.701293,769.22998,3.244444444444444,-4.653735632183908,0.0
2024-01-15 18:00:00+00:00,DK1,-1625.947236,0.09293056680915619,152.99597400000002,3272.294388,825.22998,3.707547169811321,-4.091091954022988,0.0
2024-01-15 18:00:00+00:00,DK2,-1124.444022,0.513149429929675,580.404737,2255.507808,825.22998,3.707547169811321,-4.091091954022988,0.0
2024-01-15 17:00:00+00:00,DK1,-1649.737064,0.15182266189988644,274.576782,3458.273277,861.849976,4.201851851851852,-3.570689655172413,0.0
2024-01-15 17:00:00+00:00,DK2,-1086.5966870000002,0.5450139838792454,713.9701969999998,2396.600133,861.849976,4.201851851851852,-3.570689655172413,0.0
2024-01-15 16:00:00+00:00,DK1,-1653.5167510000006,0.24765573679011707,479.01621199999994,3587.718713,813.450012,4.4944444444444445,-3.061494252873564,0.0
2024-01-15 16:00:00+00:00,DK2,-1027.0958640000001,0.5852840326506036,839.1117830000001,2460.77889,813.450012,4.4944444444444445,-3.061494252873564,0.0
2024-01-15 15:00:00+00:00,DK1,-1376.8542329999998,0.33863201892664807,685.2038490000001,3400.300956,745.140015,4.792592592592593,-2.6422413793103448,12.115384615384617
2024-01-15 15:00:00+00:00,DK2,-829.7091010000004,0.6133230659024669,925.0485400000001,2337.965665,745.140015,4.792592592592593,-2.6422413793103448,12.115384615384617
2024-01-15 14:00:00+00:00,DK1,-1284.848425,0.3783578678952984,771.658469,3324.342075,666.98999,5.148148148148148,-2.230747126436781,22.48076923076923
2024-01-15 14:00:00+00:00,DK2,-715.5657399999996,0.6887580424584715,1053.131793,2244.595861,666.98999,5.148148148148148,-2.230747126436781,22.48076923076923
2024-01-15 13:00:00+00:00,DK1,-1559.2147450000002,0.3867383460887157,778.6296260000001,3572.538828,630.150024,5.666666666666667,-1.926149425287356,17.807692307692307
2024-01-15 13:00:00+00:00,DK2,-601.2937789999999,0.7390050616168224,1229.9335879999999,2265.603879,630.150024,5.666666666666667,-1.926149425287356,17.807692307692307
2024-01-15 12:00:00+00:00,DK1,-1457.4974220000004,0.43456041912808735,949.449828,3642.348564,612.619995,6.2407407407407405,-1.6798850574712645,18.96153846153846
2024-01-15 12:00:00+00:00,DK2,-512.6809270000003,0.7561373071393604,1359.567498,2310.724067,612.619995,6.2407407407407405,-1.6798850574712645,18.96153846153846
2024-01-15 11:00:00+00:00,DK1,-1169.761598,0.4925834102408789,1216.07755,3638.536479,625.369995,7.005555555555556,-1.5479885057471263,24.192307692307693
2024-01-15 11:00:00+00:00,DK2,-438.339207,0.7638395037755452,1451.5050420000002,2338.614114,625.369995,7.005555555555556,-1.5479885057471263,24.192307692307693
2024-01-15 10:00:00+00:00,DK1,-764.0449089999997,0.5390765238404654,1507.5705209999999,3560.624716,673.099976,7.62962962962963,-1.4772988505747129,18.53846153846154
2024-01-15 10:00:00+00:00,DK2,-336.5379949999997,0.7476956900943593,1507.003664,2352.068757,673.099976,7.62962962962963,-1.4772988505747129,18.53846153846154
2024-01-15 09:00:00+00:00,DK1,-352.41146400000025,0.5733173808295983,1861.639896,3599.548143,707.549988,8.081818181818182,-1.3455840455840455,6.314814814814815
2024-01-15 09:00:00+00:00,DK2,-244.20940699999983,0.7280262457130571,1520.77408,2333.109483,707.549988,8.081818181818182,-1.3455840455840455,6.314814814814815
2024-01-15 08:00:00+00:00,DK1,61.74127300000055,0.5957873775262845,2141.067156,3531.935325,747.900024,8.543636363636363,-1.1872881355932203,0.0
2024-01-15 08:00:00+00:00,DK2,-220.7971660000003,0.7296522594801955,1517.4518260000004,2300.488973,747.900024,8.543636363636363,-1.1872881355932203,0.0
2024-01-15 07:00:00+00:00,DK1,519.2266749999999,0.6439089081096238,2590.075734,3503.199015,740.52002,8.57090909090909,-0.9364406779661016,0.0
2024-01-15 07:00:00+00:00,DK2,-195.28993699999955,0.7335943094964461,1510.891616,2254.863732,740.52002,8.57090909090909,-0.9364406779661016,0.0
2024-01-15 06:00:00+00:00,DK1,764.0173880000007,0.70283392740516,2974.2423730000005,3467.768041,625.22998,8.809090909090909,-0.580225988700565,0.0
2024-01-15 06:00:00+00:00,DK2,-126.94857999999977,0.7490075972684803,1513.131564,2147.130444,625.22998,8.809090909090909,-0.580225988700565,0.0
2024-01-15 05:00:00+00:00,DK1,1268.8441599999987,0.7534483374249633,3353.988155,3182.672936,596.219971,8.985454545454544,-0.1627840909090909,0.0
2024-01-15 05:00:00+00:00,DK2,26.153584000000137,0.772549597936796,1487.2353770000002,1898.946605,596.219971,8.985454545454544,-0.1627840909090909,0.0
2024-01-15 04:00:00+00:00,DK1,1663.6587489999997,0.78708568412329,3664.822549,2992.533865,516.419983,8.930909090909092,0.1626062322946175,0.0
2024-01-15 04:00:00+00:00,DK2,162.61016500000005,0.7739776602675065,1452.1334180000001,1713.585354,526.27002,8.930909090909092,0.1626062322946175,0.0
2024-01-15 03:00:00+00:00,DK1,1538.60448,0.8385496622157719,3856.267675,3060.130513,462.649994,8.814545454545454,0.4392655367231638,0.0
2024-01-15 03:00:00+00:00,DK2,238.83052500000008,0.7560814111784463,1424.7280799999999,1645.527507,474.059998,8.814545454545454,0.4392655367231638,0.0
2024-01-15 02:00:00+00:00,DK1,1676.9894020000006,0.8484078759552127,4080.5748019999996,3132.695795,462.649994,8.538181818181819,0.7676136363636363,0.0
2024-01-15 02:00:00+00:00,DK2,214.62714600000004,0.7510695027695136,1412.1114699999998,1665.507069,462.649994,8.538181818181819,0.7676136363636363,0.0
2024-01-15 01:00:00+00:00,DK1,1529.2853409999989,0.8405583249925667,3952.112668,3172.485554,476.820007,8.158181818181818,0.9296610169491526,0.0
2024-01-15 01:00:00+00:00,DK2,198.10076100000015,0.7495218809081957,1413.1117370000002,1687.250118,479.579987,8.158181818181818,0.9296610169491526,0.0
2024-01-15 00:00:00+00:00,DK1,1305.8623320000002,0.8299599083144495,3570.474872,2996.122422,484.730011,7.641818181818182,1.0700564971751412,0.0
2024-01-15 00:00:00+00:00,DK2,138.75099699999987,0.7430834553443753,1369.0114189999997,1703.587719,492.559998,7.641818181818182,1.0700564971751412,0.0
2024-01-14 23:00:00+00:00,DK1,1358.989333,0.7938049672250531,3245.5999620000002,2729.672361,506.350006,7.438181818181818,1.01045197740113,0.0
2024-01-14 23:00:00+00:00,DK2,169.501849,0.7222938346973486,1358.2216290000001,1710.926259,519.409973,7.438181818181818,1.01045197740113,0.0
2024-01-14 22:00:00+00:00,DK1,1191.1952500000002,0.7647815308268164,2880.612312,2575.386703,501.059998,7.0181818181818185,1.1141643059490085,0.0
2024-01-14 22:00:00+00:00,DK2,139.926563,0.698233478903535,1272.3039929999998,1682.249015,498.820007,7.0181818181818185,1.1141643059490085,0.0
2024-01-14 21:00:00+00:00,DK1,1140.477801,0.7357809093078811,2729.030545,2568.548229,562.210022,6.798181818181818,1.1657223796033995,0.0
2024-01-14 21:00:00+00:00,DK2,63.647226000000046,0.6967422893060465,1268.608228,1757.123879,562.210022,6.798181818181818,1.1657223796033995,0.0
2024-01-14 20:00:00+00:00,DK1,1257.0507979999993,0.7370544887092302,2883.716112,2655.436211,586.150024,6.818181818181818,1.2423728813559325,0.0
2024-01-14 20:00:00+00:00,DK2,19.34865200000013,0.7059465254792812,1329.644079,1864.142563,586.150024,6.818181818181818,1.2423728813559325,0.0
2024-01-14 19:00:00+00:00,DK1,1215.7362240000002,0.7282643299299703,2913.5875180000003,2784.991806,589.580017,7.056363636363637,1.4943502824858756,0.0
2024-01-14 19:00:00+00:00,DK2,2.144954000000098,0.7067943779746068,1368.66163,1934.290412,589.580017,7.056363636363637,1.4943502824858756,0.0
2024-01-14 18:00:00+00:00,DK1,1384.7550070000002,0.7221393173266891,3076.0277939999996,2874.849366,635.809998,7.089090909090909,1.7915254237288136,0.0
2024-01-14 18:00:00+00:00,DK2,-84.6388559999998,0.7083109196869766,1377.157778,2028.923124,635.809998,7.089090909090909,1.7915254237288136,0.0
2024-01-14 17:00:00+00:00,DK1,1425.211652,0.714228531754633,3209.8624600000003,3068.955575,705.76001,6.881818181818182,2.0463276836158197,0.0
2024-01-14 17:00:00+00:00,DK2,-178.18288300000017,0.7037208181043382,1351.948786,2099.32654,705.76001,6.881818181818182,2.0463276836158197,0.0
2024-01-14 16:00:00+00:00,DK1,1292.6639810000001,0.7259714889920574,3237.7037080000005,3167.158143,685.030029,6.732727272727273,2.2553977272727272,0.0
2024-01-14 16:00:00+00:00,DK2,-273.67785000000003,0.6918504795949134,1308.097999,2164.401406,685.030029,6.732727272727273,2.2553977272727272,0.0
2024-01-14 15:00:00+00:00,DK1,1609.003776,0.7291043752520668,3286.6465929999995,2898.782358,645.960022,6.954545454545454,2.4707386363636363,16.22222222222222
2024-01-14 15:00:00+00:00,DK2,-188.07040599999982,0.6844253421227336,1281.439327,2060.355443,645.960022,6.954545454545454,2.4707386363636363,16.22222222222222
2024-01-14 14:00:00+00:00,DK1,1760.280734999999,0.753124242332261,3357.780464,2698.187437,613.890015,7.107272727272727,2.842165242165242,22.11111111111111
2024-01-14 14:00:00+00:00,DK2,-20.33428799999956,0.6929241873016131,1320.089872,1925.434292,613.890015,7.107272727272727,2.842165242165242,22.11111111111111
2024-01-14 13:00:00+00:00,DK1,1725.4789619999992,0.7831963132441176,3521.080836,2770.304249,590.25,7.210909090909091,3.1336158192090395,19.22222222222222
2024-01-14 13:00:00+00:00,DK2,0.8289220000003752,0.7005738770477887,1366.3012690000003,1949.431163,590.25,7.210909090909091,3.1336158192090395,19.22222222222222
2024-01-14 12:00:00+00:00,DK1,1825.8557880000003,0.7926839627255533,3620.1508590000003,2741.097789,574.52002,7.154545454545454,3.278813559322034,19.38888888888889
2024-01-14 12:00:00+00:00,DK2,-8.380831000000171,0.7026190027496347,1384.828595,1979.33321,574.52002,7.154545454545454,3.278813559322034,19.38888888888889
2024-01-14 11:00:00+00:00,DK1,1770.8071029999992,0.7892045639177201,3588.1824770000003,2775.773899,599.5,6.594545454545455,3.2480225988700564,18.14814814814815
2024-01-14 11:00:00+00:00,DK2,-14.235432000000174,0.7032946196796823,1384.9932839999997,1983.528592,599.5,6.594545454545455,3.2480225988700564,18.14814814814815
2024-01-14 10:00:00+00:00,DK1,1669.7905159999996,0.7507174134318868,3383.175381,2836.799208,610.309998,6.116363636363636,3.056214689265537,18.796296296296298
2024-01-14 10:00:00+00:00,DK2,-51.91694799999959,0.695329753469355,1339.4638200000002,1978.289023,610.309998,6.116363636363636,3.056214689265537,18.796296296296298
2024-01-14 09:00:00+00:00,DK1,1443.3323500000001,0.73859957011295,3144.041451,2813.428117,601.289978,5.965454545454546,2.672881355932204,14.77777777777778
2024-01-14 09:00:00+00:00,DK2,-106.05509499999994,0.6857163977304741,1269.122196,1956.852597,601.289978,5.965454545454546,2.672881355932204,14.77777777777778
2024-01-14 08:00:00+00:00,DK1,1308.4432120000001,0.7310653607808385,3003.532663,2799.989254,605.090027,5.945454545454545,2.281073446327684,0.2592592592592592
2024-01-14 08:00:00+00:00,DK2,-168.249683,0.6640059933080633,1151.2325939999998,1902.018061,605.090027,5.945454545454545,2.281073446327684,0.2592592592592592
2024-01-14 07:00:00+00:00,DK1,1178.9446349999998,0.7269164972973664,2839.8348309999997,2727.741816,572.280029,5.756363636363637,2.1175141242937854,0.0
2024-01-14 07:00:00+00:00,DK2,-221.4231249999998,0.630645936473819,998.104415,1804.093142,572.280029,5.756363636363637,2.1175141242937854,0.0
2024-01-14 06:00:00+00:00,DK1,1084.9588670000003,0.7401627943349539,2732.7381210000003,2607.118257,534.390015,5.727272727272728,2.077620396600566,0.0
2024-01-14 06:00:00+00:00,DK2,-46.23013200000014,0.6489805477900042,1062.596188,1683.561469,534.390015,5.727272727272728,2.077620396600566,0.0
2024-01-14 05:00:00+00:00,DK1,1099.834656,0.7479597859609137,2737.321693,2559.883078,501.950012,5.876363636363636,2.049717514124294,0.0
2024-01-14 05:00:00+00:00,DK2,112.19793699999991,0.6612916369195312,1121.3853719999997,1583.552182,501.950012,5.876363636363636,2.049717514124294,0.0
2024-01-14 04:00:00+00:00,DK1,1150.5515690000007,0.7611358128013227,2796.353957,2523.37089,486.220001,5.854545454545455,2.0296610169491527,0.0
2024-01-14 04:00:00+00:00,DK2,119.47605999999996,0.6961604944271605,1164.851327,1553.77506,486.220001,5.854545454545455,2.0296610169491527,0.0
2024-01-14 03:00:00+00:00,DK1,1061.3680900000004,0.7795257338760432,2818.6620230000003,2554.499739,482.269989,6.041818181818182,2.046610169491525,0.0
2024-01-14 03:00:00+00:00,DK2,135.9117470000001,0.7079952406848963,1201.7693510000001,1561.514001,482.269989,6.041818181818182,2.046610169491525,0.0
2024-01-14 02:00:00+00:00,DK1,1083.6863529999996,0.7776348190527353,2848.125013,2578.861855,477.350006,6.294545454545454,2.141359773371105,0.0
2024-01-14 02:00:00+00:00,DK2,125.47340000000031,0.7129633265049461,1237.0186680000002,1609.564886,477.350006,6.294545454545454,2.141359773371105,0.0
2024-01-14 01:00:00+00:00,DK1,1135.6394640000003,0.778328402843328,2920.57571,2616.729972,469.290009,6.623636363636364,2.1680790960451977,0.0
2024-01-14 01:00:00+00:00,DK2,119.24592100000018,0.7220062283534672,1296.801222,1676.862161,469.290009,6.623636363636364,2.1680790960451977,0.0
2024-01-14 00:00:00+00:00,DK1,1244.3642020000002,0.771172597030313,3025.1296159999997,2678.401762,463.179993,6.903636363636363,2.2240112994350283,0.0
2024-01-14 00:00:00+00:00,DK2,112.19227999999998,0.731394192667717,1359.692394,1746.849544,463.179993,6.903636363636363,2.2240112994350283,0.0
2024-01-13 23:00:00+00:00,DK1,1292.5137610000002,0.7690638236573318,3058.6436900000003,2684.586183,477.420013,7.385454545454545,2.316949152542373,0.0
2024-01-13 23:00:00+00:00,DK2,133.22279000000026,0.7332111590186876,1388.3889530000001,1760.350345,477.420013,7.385454545454545,2.316949152542373,0.0
2024-01-13 22:00:00+00:00,DK1,1566.5948200000007,0.7448990101987695,3254.2343339999998,2802.097163,470.970001,7.647272727272727,2.5045197740113,0.0
2024-01-13 22:00:00+00:00,DK2,212.98478599999999,0.7311355613428467,1434.0425759999998,1748.406031,459.709991,7.647272727272727,2.5045197740113,0.0
2024-01-13 21:00:00+00:00,DK1,1655.7109999999993,0.7691640461252136,3450.7740029999995,2830.684354,479.470001,7.84,2.675706214689266,0.0
2024-01-13 21:00:00+00:00,DK2,183.54445799999985,0.7271698075981231,1442.549473,1800.241802,467.98999,7.84,2.675706214689266,0.0
2024-01-13 20:00:00+00:00,DK1,1869.4786960000001,0.7665153508799107,3609.55976,2839.572148,528.909973,8.001818181818182,2.8022598870056497,0.0
2024-01-13 20:00:00+00:00,DK2,122.41327200000023,0.7290724425126883,1442.99946,1856.813175,528.909973,8.001818181818182,2.8022598870056497,0.0
2024-01-13 19:00:00+00:00,DK1,2046.7397469999992,0.7643666938685819,3778.9960949999995,2897.21729,544.799988,8.34909090909091,2.963276836158192,0.0
2024-01-13 19:00:00+00:00,DK2,78.18747599999983,0.7256740447497978,1453.100035,1924.226756,544.799988,8.34909090909091,2.963276836158192,0.0
2024-01-13 18:00:00+00:00,DK1,2348.453117000001,0.762391348599362,3963.342342,2850.113668,550.460022,8.494545454545454,3.144350282485876,0.0
2024-01-13 18:00:00+00:00,DK2,0.8560829999998987,0.7171182023386505,1461.4151909999998,2037.043926,550.460022,8.494545454545454,3.144350282485876,0.0
2024-01-13 17:00:00+00:00,DK1,2134.8065870000005,0.7765368808419021,4061.969454,3096.071114,565.299988,8.776363636363635,3.3378531073446327,0.0
2024-01-13 17:00:00+00:00,DK2,-118.40291299999967,0.7156785223578757,1460.0966230000001,2158.560019,565.299988,8.776363636363635,3.3378531073446327,0.0
2024-01-13 16:00:00+00:00,DK1,2271.5233780000003,0.7760357100427612,4216.058273000001,3161.291399,553.450012,9.065454545454546,3.571751412429379,0.0
2024-01-13 16:00:00+00:00,DK2,-144.07236500000045,0.714846352920152,1466.303446,2195.287203,553.450012,9.065454545454546,3.571751412429379,0.0
2024-01-13 15:00:00+00:00,DK1,2497.0823109999997,0.792400521962571,4352.711928999999,2995.988186,527.789978,9.44181818181818,3.8573446327683616,13.0
2024-01-13 15:00:00+00:00,DK2,-54.59497100000044,0.7188714572642485,1472.4085,2102.817202,527.789978,9.44181818181818,3.8573446327683616,13.0
2024-01-13 14:00:00+00:00,DK1,2622.167779,0.8098736175820945,4456.164799,2880.128755,511.609985,9.578181818181818,4.121186440677967,17.944444444444443
2024-01-13 14:00:00+00:00,DK2,19.051933999999846,0.7380816262380826,1504.006984,2018.672527,511.609985,9.578181818181818,4.121186440677967,17.944444444444443
2024-01-13 13:00:00+00:00,DK1,2681.291164,0.8243083083866558,4614.653033,2916.921284,506.390015,9.325454545454544,4.30819209039548,19.61111111111111
2024-01-13 13:00:00+00:00,DK2,35.482799000000114,0.7417453402893639,1523.005913,2017.790515,506.390015,9.325454545454544,4.30819209039548,19.61111111111111
2024-01-13 12:00:00+00:00,DK1,2700.3805340000004,0.8301286867212763,4743.975652,3014.366743,474.779999,8.916363636363638,4.274293785310734,19.88888888888889
2024-01-13 12:00:00+00:00,DK2,12.864718999999923,0.7410070978711985,1518.644038,2036.567793,474.779999,8.916363636363638,4.274293785310734,19.88888888888889
2024-01-13 11:00:00+00:00,DK1,2648.0467090000006,0.8175004584825492,4747.754440000001,3159.600725,521.609985,8.834545454545456,4.098870056497175,9.703703703703704
2024-01-13 11:00:00+00:00,DK2,-45.357180999999855,0.7464734661786114,1512.092604,2071.005342,521.609985,8.834545454545456,4.098870056497175,9.703703703703704
2024-01-13 10:00:00+00:00,DK1,2758.8425039999993,0.7999910936250922,4576.356447,2961.666741,529.289978,8.514545454545456,3.825988700564972,5.037037037037037
2024-01-13 10:00:00+00:00,DK2,-63.57830900000022,0.7418861382252233,1491.088716,2073.440253,529.289978,8.514545454545456,3.825988700564972,5.037037037037037
2024-01-13 09:00:00+00:00,DK1,2542.305888000001,0.7930384917023999,4397.8140410000005,3003.218178,537.039978,7.976363636363635,3.451977401129944,2.259259259259259
2024-01-13 09:00:00+00:00,DK2,-121.02996899999994,0.7458076231389971,1438.16329,2049.360071,537.039978,7.976363636363635,3.451977401129944,2.259259259259259
2024-01-13 08:00:00+00:00,DK1,2427.603781999999,0.7689956332620971,4210.890694999999,3048.227956,546.659973,7.583636363636364,3.1101983002832863,0.0
2024-01-13 08:00:00+00:00,DK2,-111.37111499999969,0.7236554541694246,1351.040895,1978.338174,546.659973,7.583636363636364,3.1101983002832863,0.0
2024-01-13 07:00:00+00:00,DK1,2370.2044130000004,0.7874753555568752,4122.059319,2864.320439,500.799988,7.152727272727272,2.854,0.0
2024-01-13 07:00:00+00:00,DK2,-18.2045099999998,0.7056644143732942,1293.842524,1851.714175,500.799988,7.152727272727272,2.854,0.0
2024-01-13 06:00:00+00:00,DK1,2238.5102900000006,0.7857168322521353,3891.919328,2714.825528,510.869995,6.834545454545454,2.6135977337110483,0.0
2024-01-13 06:00:00+00:00,DK2,2.158826999999974,0.7285544855976742,1260.423757,1727.874797,381.790009,6.834545454545454,2.6135977337110483,0.0
2024-01-13 05:00:00+00:00,DK1,2107.703469,0.7826549166667157,3628.0014329999995,2527.802366,486.040009,6.44,2.5163841807909604,0.0
2024-01-13 05:00:00+00:00,DK2,-111.33959400000003,0.7212581198994091,1094.9091489999998,1629.394114,340.179993,6.44,2.5163841807909604,0.0
2024-01-13 04:00:00+00:00,DK1,1960.6886879999993,0.7963543921947148,3651.660961,2624.783555,512.51001,6.136363636363637,2.394915254237288,0.0
2024-01-13 04:00:00+00:00,DK2,-210.806646,0.6465619664040783,904.5821379999999,1609.871523,414.230011,6.136363636363637,2.394915254237288,0.0
2024-01-13 03:00:00+00:00,DK1,1981.0136680000005,0.7737542171275079,3522.293516999999,2571.1987,538.679993,5.914545454545455,2.3070621468926555,0.0
2024-01-13 03:00:00+00:00,DK2,-237.8392570000001,0.6033679175626838,829.1276409999999,1612.005196,538.679993,5.914545454545455,2.3070621468926555,0.0
2024-01-13 02:00:00+00:00,DK1,2023.0544160000004,0.7679007747602581,3544.530216,2592.815671,532.190002,5.630909090909091,2.25,0.0
2024-01-13 02:00:00+00:00,DK2,-399.93815400000017,0.5300940624703819,660.474614,1645.895543,532.190002,5.630909090909091,2.25,0.0
2024-01-13 01:00:00+00:00,DK1,1919.603759,0.7850070956275934,3568.160669,2625.782759,549.200012,5.516363636363636,2.1265536723163843,0.0
2024-01-13 01:00:00+00:00,DK2,-481.6236230000002,0.5104570425299723,612.360464,1681.255351,549.200012,5.516363636363636,2.1265536723163843,0.0
2024-01-13 00:00:00+00:00,DK1,1716.0459879999994,0.7709898698571129,3364.1174499999997,2647.328398,558.140015,5.341818181818182,1.8892351274787536,0.0
2024-01-13 00:00:00+00:00,DK2,-527.444129,0.494328891727978,577.641875,1695.981685,558.140015,5.341818181818182,1.8892351274787536,0.0
2024-01-12 23:00:00+00:00,DK1,1375.3236930000007,0.7573054066713136,3105.781544,2725.771475,544.869995,4.958181818181818,1.577401129943503,0.0
2024-01-12 23:00:00+00:00,DK2,-786.2105620000001,0.4218749353634376,413.94681900000006,1767.417987,564.030029,4.958181818181818,1.577401129943503,0.0
2024-01-12 22:00:00+00:00,DK1,1230.9852859999996,0.7050927997509479,2719.832682999999,2626.425659,615.140015,4.485454545454545,1.3468926553672316,0.0
2024-01-12 22:00:00+00:00,DK2,-911.9146440000002,0.2752361098442569,234.86354200000002,1765.231246,634.969971,4.485454545454545,1.3468926553672316,0.0
2024-01-12 21:00:00+00:00,DK1,932.123278,0.6587977573952943,2377.6625670000003,2676.970014,634.0,4.036363636363636,1.0285310734463278,0.0
2024-01-12 21:00:00+00:00,DK2,-975.4900860000001,0.17753647935119551,144.665567,1790.339899,696.27002,4.036363636363636,1.0285310734463278,0.0
2024-01-12 20:00:00+00:00,DK1,605.4485869999999,0.6215545808246743,2131.237983,2823.434489,683.820007,3.614545454545455,0.7929378531073445,0.0
2024-01-12 20:00:00+00:00,DK2,-1071.051605,0.1748145945263019,141.67654,1881.490461,734.369995,3.614545454545455,0.7929378531073445,0.0
2024-01-12 19:00:00+00:00,DK1,430.978302,0.5632829105627905,1846.373067,2846.90042,798.880005,3.4836363636363634,0.5214689265536723,0.0
2024-01-12 19:00:00+00:00,DK2,-1156.986859,0.17209246711456844,140.95073799999997,1976.027578,811.26001,3.4836363636363634,0.5214689265536723,0.0
2024-01-12 18:00:00+00:00,DK1,386.3251309999996,0.4897959378958149,1673.7811739999997,3030.977963,890.900024,3.3490909090909087,0.2720338983050847,0.0
2024-01-12 18:00:00+00:00,DK2,-1241.9137339999997,0.1567004000601564,136.47704099999999,2112.856252,890.900024,3.3490909090909087,0.2720338983050847,0.0
2024-01-12 17:00:00+00:00,DK1,-246.22711700000082,0.5073711234260061,1630.1772200000003,3459.214898,939.590027,3.26,0.1341807909604519,0.0
2024-01-12 17:00:00+00:00,DK2,-1444.7684600000002,0.1717644006274874,142.75953600000003,2275.904222,939.590027,3.26,0.1341807909604519,0.0
2024-01-12 16:00:00+00:00,DK1,-446.31793100000004,0.48869652146281145,1515.1983030000001,3546.807164,950.780029,3.38,0.1322033898305084,0.0
2024-01-12 16:00:00+00:00,DK2,-1445.96589,0.2314315666789962,205.94572499999998,2335.843308,950.780029,3.38,0.1322033898305084,0.0
2024-01-12 15:00:00+00:00,DK1,-219.47809599999982,0.4709821854340373,1396.246364,3184.019871,894.849976,3.3781818181818184,0.4248587570621469,14.092592592592592
2024-01-12 15:00:00+00:00,DK2,-1220.5803890000002,0.3462293590525516,349.65008399999994,2230.460328,894.849976,3.3781818181818184,0.4248587570621469,14.092592592592592
2024-01-12 14:00:00+00:00,DK1,-252.16400599999997,0.46673086898567784,1315.096852,3069.841043,820.280029,3.5690909090909093,0.8957627118644068,24.48148148148148
2024-01-12 14:00:00+00:00,DK2,-1142.6230370000003,0.3721501249845118,375.980287,2152.915018,820.280029,3.5690909090909093,0.8957627118644068,24.48148148148148
2024-01-12 13:00:00+00:00,DK1,-353.18167299999914,0.5008287759240994,1391.744072,3132.063676,779.559998,3.647272727272727,1.2285310734463275,23.5
2024-01-12 13:00:00+00:00,DK2,-1140.059558,0.4244814652147746,443.571404,2185.031931,779.559998,3.647272727272727,1.2285310734463275,23.5
2024-01-12 12:00:00+00:00,DK1,-285.02453700000024,0.5180652133127769,1533.590956,3245.252162,768.679993,3.68,1.3867231638418078,24.796296296296298
2024-01-12 12:00:00+00:00,DK2,-1077.08068,0.47645831158026286,552.860038,2237.434114,768.679993,3.68,1.3867231638418078,24.796296296296298
2024-01-12 11:00:00+00:00,DK1,-243.55390100000022,0.5468206306633664,1694.3397639999998,3342.083234,797.76001,3.4545454545454546,1.2483050847457626,24.88888888888889
2024-01-12 11:00:00+00:00,DK2,-1161.2975069999998,0.4176648175140108,448.603044,2235.371801,797.76001,3.4545454545454546,1.2483050847457626,24.88888888888889
2024-01-12 10:00:00+00:00,DK1,-325.12842100000034,0.5296138378936353,1658.643267,3456.925871,855.549988,3.3018181818181818,0.9629943502824858,22.574074074074076
2024-01-12 10:00:00+00:00,DK2,-1293.9901,0.348113411806501,332.0950399999999,2247.975292,855.549988,3.3018181818181818,0.9629943502824858,22.574074074074076
2024-01-12 09:00:00+00:00,DK1,-481.86378600000035,0.46551188292527435,1408.910738,3508.447617,909.840027,3.287272727272728,0.4231638418079096,22.88888888888889
2024-01-12 09:00:00+00:00,DK2,-1238.2464239999997,0.3921140950658348,403.74984400000005,2267.92082,909.840027,3.287272727272728,0.4231638418079096,22.88888888888889
2024-01-12 08:00:00+00:00,DK1,-537.3017539999996,0.46506393336613916,1375.727623,3495.449063,1006.409973,3.210909090909091,-0.1062146892655367,0.6851851851851852
2024-01-12 08:00:00+00:00,DK2,-1312.8138890000002,0.3321061324674576,317.82685999999995,2269.817777,1006.409973,3.210909090909091,-0.1062146892655367,0.6851851851851852
2024-01-12 07:00:00+00:00,DK1,-622.6255219999998,0.45000728353973113,1311.3993950000001,3536.799232,1049.51001,3.1545454545454548,-0.2926553672316384,0.0
2024-01-12 07:00:00+00:00,DK2,-1383.6318239999996,0.26427834893958113,232.87207999999998,2264.793981,1049.51001,3.1545454545454548,-0.2926553672316384,0.0
2024-01-12 06:00:00+00:00,DK1,-491.8774229999999,0.4536154715725175,1325.603789,3414.18469,881.130005,2.941818181818182,-0.4257062146892655,0.0
2024-01-12 06:00:00+00:00,DK2,-1288.7791920000002,0.27489693380058233,243.359904,2174.056087,881.130005,2.941818181818182,-0.4257062146892655,0.0
2024-01-12 05:00:00+00:00,DK1,-379.159709,0.4756893082171648,1305.5880840000002,3123.783272,665.469971,2.6581818181818178,-0.7954802259887006,0.0
2024-01-12 05:00:00+00:00,DK2,-1237.8068569999998,0.2158978443097621,157.832615,1968.859154,686.869995,2.6581818181818178,-0.7954802259887006,0.0
2024-01-12 04:00:00+00:00,DK1,-282.52820299999985,0.5207184031190774,1367.9250459999998,2909.52398,628.190002,2.292727272727273,-1.1081920903954805,0.0
2024-01-12 04:00:00+00:00,DK2,-1100.086445,0.16952175699383182,114.690329,1776.638712,636.23999,2.292727272727273,-1.1081920903954805,0.0
2024-01-12 03:00:00+00:00,DK1,-319.50321500000064,0.5119549603867417,1315.1912140000002,2888.462041,628.929993,1.9145454545454543,-1.7387005649717515,0.0
2024-01-12 03:00:00+00:00,DK2,-1105.1989310000004,0.13655783566724128,88.956351,1756.617801,628.929993,1.9145454545454543,-1.7387005649717515,0.0
2024-01-12 02:00:00+00:00,DK1,-513.0065270000005,0.44988008819117276,1058.8562220000001,2866.64753,631.090027,1.8618181818181816,-2.184702549575071,0.0
2024-01-12 02:00:00+00:00,DK2,-1229.401294,0.10558609183945686,59.027986999999996,1788.452074,631.090027,1.8618181818181816,-2.184702549575071,0.0
2024-01-12 01:00:00+00:00,DK1,-414.96158299999934,0.38078018164011035,918.277683,2826.530586,635.48999,1.6636363636363636,-2.380790960451977,0.0
2024-01-12 01:00:00+00:00,DK2,-1253.8883340000002,0.027519633886865402,15.232182,1807.390683,635.48999,1.6636363636363636,-2.380790960451977,0.0
2024-01-12 00:00:00+00:00,DK1,-931.0220550000001,0.30787383002304575,589.03611,2844.260702,657.859985,1.2072727272727273,-2.5477401129943504,0.0
2024-01-12 00:00:00+00:00,DK2,-1253.246579,0.009209379403713212,5.2279480000000005,1820.92305,657.859985,1.2072727272727273,-2.5477401129943504,0.0
2024-01-11 23:00:00+00:00,DK1,-1013.436592,0.20668500350586105,364.51429800000005,2777.058973,678.890015,1.28,-2.5002824858757062,0.0
2024-01-11 23:00:00+00:00,DK2,-1217.3748549999996,0.0036942476311477308,2.201466,1813.292135,678.890015,1.28,-2.5002824858757062,0.0
2024-01-11 22:00:00+00:00,DK1,-1043.5441159999998,0.11533212464204694,198.964664,2768.68934,725.059998,1.3909090909090909,-2.4039660056657226,0.0
2024-01-11 22:00:00+00:00,DK2,-1199.224898,0.006641820427948334,3.987442,1799.578678,725.059998,1.3909090909090909,-2.4039660056657226,0.0
2024-01-11 21:00:00+00:00,DK1,-1146.8252449999998,0.06261568980740802,107.382244,2861.766729,745.789978,1.6127272727272728,-2.046892655367232,0.0
2024-01-11 21:00:00+00:00,DK2,-1256.630842,0.03778207466984783,23.594513,1881.12045,745.789978,1.6127272727272728,-2.046892655367232,0.0
2024-01-11 20:00:00+00:00,DK1,-1273.5259050000002,0.05932822429904256,101.86499099999999,2990.49944,799.419983,1.8909090909090909,-1.5302259887005651,0.0
2024-01-11 20:00:00+00:00,DK2,-1281.090785,0.09414580187152428,63.98271000000001,1960.703776,799.419983,1.8909090909090909,-1.5302259887005651,0.0
2024-01-11 19:00:00+00:00,DK1,-1226.5109670000002,0.10116012681398642,188.106069,3085.999235,879.140015,2.369090909090909,-1.1135593220338982,0.0
2024-01-11 19:00:00+00:00,DK2,-1243.33804,0.16871333091848037,132.27790600000003,2027.377483,887.119995,2.369090909090909,-1.1135593220338982,0.0
2024-01-11 18:00:00+00:00,DK1,-1198.0242660000004,0.14203500028847588,285.88350899999995,3210.792305,986.76001,2.6745454545454543,-0.6898305084745763,0.0
2024-01-11 18:00:00+00:00,DK2,-1224.574658,0.2686682900297512,243.499263,2130.893982,986.76001,2.6745454545454543,-0.6898305084745763,0.0
2024-01-11 17:00:00+00:00,DK1,-1302.0424359999997,0.17880772767916564,375.43178600000005,3401.682037,1019.429993,2.8163636363636364,-0.3064971751412429,0.0
2024-01-11 17:00:00+00:00,DK2,-1260.1343960000004,0.3393330590512126,339.46157500000004,2260.513127,1019.429993,2.8163636363636364,-0.3064971751412429,0.0
2024-01-11 16:00:00+00:00,DK1,-1388.1955150000003,0.23471443343456885,507.67964600000005,3551.162822,1119.359985,2.943636363636364,0.0426553672316384,0.0
2024-01-11 16:00:00+00:00,DK2,-1215.9007479999998,0.39290803002949526,429.4931430000001,2309.014429,1119.359985,2.943636363636364,0.0426553672316384,0.0
2024-01-11 15:00:00+00:00,DK1,-1137.959962,0.23747419515671714,525.5590999999998,3351.080843,1024.349976,3.1327272727272724,0.4740112994350283,22.98148148148148
2024-01-11 15:00:00+00:00,DK2,-859.4040859999998,0.4956226843449035,652.6515469999999,2176.235554,1024.349976,3.1327272727272724,0.4740112994350283,22.98148148148148
2024-01-11 14:00:00+00:00,DK1,-973.5260779999999,0.27172913401054233,620.646292,3257.588456,879.73999,3.223636363636364,0.9522598870056498,44.51851851851852
2024-01-11 14:00:00+00:00,DK2,-673.275803,0.529080328418568,737.42256,2067.057655,879.73999,3.223636363636364,0.9522598870056498,44.51851851851852
2024-01-11 13:00:00+00:00,DK1,-1039.583435,0.29357101102036887,664.943658,3304.60155,790.390015,3.274074074074074,1.181638418079096,43.36538461538461
2024-01-11 13:00:00+00:00,DK2,-859.2571909999997,0.5452451130732842,682.154179,2110.353556,790.390015,3.274074074074074,1.181638418079096,43.36538461538461
2024-01-11 12:00:00+00:00,DK1,-1198.3474279999996,0.2879086125421012,629.6516670000001,3385.331907,738.340027,3.331481481481481,1.1793696275071637,40.05769230769231
2024-01-11 12:00:00+00:00,DK2,-1003.5030919999999,0.5743745214813167,653.855149,2141.880796,738.340027,3.331481481481481,1.1793696275071637,40.05769230769231
2024-01-11 11:00:00+00:00,DK1,-1151.7943759999998,0.2753560402585681,609.8392120000001,3366.524118,741.169983,3.331481481481481,0.9543103448275864,33.26923076923077
2024-01-11 11:00:00+00:00,DK2,-1049.525711,0.5740642067322388,643.7665850000001,2170.944844,741.169983,3.331481481481481,0.9543103448275864,33.26923076923077
2024-01-11 10:00:00+00:00,DK1,-1323.4913790000005,0.25602834182465894,551.884601,3479.051959,794.119995,3.344444444444445,0.6698275862068965,25.98076923076923
2024-01-11 10:00:00+00:00,DK2,-1041.1151799999998,0.5813141096455051,660.6370800000001,2177.569756,794.119995,3.344444444444445,0.6698275862068965,25.98076923076923
2024-01-11 09:00:00+00:00,DK1,-1459.331306,0.21592911365582443,443.053758,3511.179482,847.590027,3.159259259259259,0.4696531791907514,16.442307692307693
2024-01-11 09:00:00+00:00,DK2,-1144.49237,0.559140806497597,596.576385,2211.44434,847.590027,3.159259259259259,0.4696531791907514,16.442307692307693
2024-01-11 08:00:00+00:00,DK1,-1559.94415,0.13698747679197867,259.6998,3455.736423,963.27002,3.333333333333333,0.3780701754385965,0.1346153846153846
2024-01-11 08:00:00+00:00,DK2,-1101.4416749999998,0.5102972135487369,563.6506840000001,2205.995392,963.27002,3.333333333333333,0.3780701754385965,0.1346153846153846
2024-01-11 07:00:00+00:00,DK1,-1557.2028079999998,0.12429330536747325,240.34342999999998,3490.882416,1051.569946,3.605555555555555,0.5222222222222223,0.0
2024-01-11 07:00:00+00:00,DK2,-976.8924709999999,0.4992763580345751,601.127061,2180.889118,1051.569946,3.605555555555555,0.5222222222222223,0.0
2024-01-11 06:00:00+00:00,DK1,-1307.945746,0.14061659682898298,285.061853,3335.173395,871.530029,3.742592592592593,0.6576023391812865,0.0
2024-01-11 06:00:00+00:00,DK2,-864.3410370000001,0.5012390692737987,625.1384100000001,2111.527157,871.530029,3.742592592592593,0.6576023391812865,0.0
2024-01-11 05:00:00+00:00,DK1,-945.5030529999999,0.1943841394497098,395.250829,2978.852225,761.22998,3.7944444444444447,0.6906432748538012,0.0
2024-01-11 05:00:00+00:00,DK2,-757.902049,0.5557453556104949,640.1903549999998,1909.851136,761.22998,3.7944444444444447,0.6906432748538012,0.0
2024-01-11 04:00:00+00:00,DK1,-854.7243230000001,0.2869335068850909,541.4771999999999,2741.841676,666.440002,3.8666666666666663,0.702046783625731,0.0
2024-01-11 04:00:00+00:00,DK2,-647.0742089999999,0.578215487057125,610.1084870000001,1702.231846,666.440002,3.8666666666666663,0.702046783625731,0.0
2024-01-11 03:00:00+00:00,DK1,-694.5824570000002,0.3605107871831706,723.146943,2700.477894,611.179993,3.964814814814815,0.6488304093567252,0.0
2024-01-11 03:00:00+00:00,DK2,-566.626399,0.5972506669226254,659.08526,1670.158461,611.179993,3.964814814814815,0.6488304093567252,0.0
2024-01-11 02:00:00+00:00,DK1,-608.7007290000001,0.3956589169240874,838.238916,2727.290454,614.390015,3.953703703703704,0.4125730994152046,0.0
2024-01-11 02:00:00+00:00,DK2,-635.5358699999999,0.5814550982587083,619.7388020000001,1701.377074,614.390015,3.953703703703704,0.4125730994152046,0.0
2024-01-11 01:00:00+00:00,DK1,-665.8435669999999,0.39623113015862116,852.36059,2817.013743,650.710022,3.9333333333333336,0.1956140350877193,0.0
2024-01-11 01:00:00+00:00,DK2,-759.8093929999999,0.5458724362528253,540.162104,1749.348465,650.710022,3.9333333333333336,0.1956140350877193,0.0
2024-01-11 00:00:00+00:00,DK1,-542.8023859999998,0.3972618213957065,899.4052959999999,2806.813795,660.700012,3.744444444444444,0.0461988304093567,0.0
2024-01-11 00:00:00+00:00,DK2,-897.63688,0.4874203076622328,429.03984299999996,1777.862501,660.700012,3.744444444444444,0.0461988304093567,0.0
2024-01-10 23:00:00+00:00,DK1,-408.19172400000025,0.36531242599550007,864.2460990000001,2773.964245,684.27002,3.425925925925926,-0.1912280701754386,0.0
2024-01-10 23:00:00+00:00,DK2,-1013.4033559999999,0.39028953994535787,293.60336199999995,1765.673996,684.27002,3.425925925925926,-0.1912280701754386,0.0
2024-01-10 22:00:00+00:00,DK1,-485.4005100000004,0.35601132835115235,825.744062,2804.832495,677.909973,3.048148148148148,-0.3035087719298245,0.0
2024-01-10 22:00:00+00:00,DK2,-1083.667309,0.286188729405252,193.22552500000006,1758.835494,716.169983,3.048148148148148,-0.3035087719298245,0.0
2024-01-10 21:00:00+00:00,DK1,-506.0135719999994,0.32291049731497357,764.3797850000001,2873.170389,779.26001,3.083333333333333,-0.3342105263157894,0.0
2024-01-10 21:00:00+00:00,DK2,-1175.143564,0.2807030624979022,199.52019800000002,1885.930957,779.26001,3.083333333333333,-0.3342105263157894,0.0
2024-01-10 20:00:00+00:00,DK1,-715.420126,0.28031056184842124,642.643556,3008.032833,818.559998,3.0685185185185184,-0.3046783625730994,0.0
2024-01-10 20:00:00+00:00,DK2,-1185.2062250000001,0.2856354075725684,224.394826,1970.804999,818.559998,3.0685185185185184,-0.3046783625730994,0.0
2024-01-10 19:00:00+00:00,DK1,-817.2911679999997,0.2349252070649206,536.784336,3102.207047,894.929993,3.090740740740741,-0.2409356725146199,0.0
2024-01-10 19:00:00+00:00,DK2,-1280.855697,0.2569864309630525,203.14099899999997,2071.329335,894.929993,3.090740740740741,-0.2409356725146199,0.0
2024-01-10 18:00:00+00:00,DK1,-1050.8067139999994,0.20979384138307555,463.3643129999999,3259.471706,985.539978,2.8981481481481484,-0.189766081871345,0.0
2024-01-10 18:00:00+00:00,DK2,-1392.1329569999998,0.21384004936701861,170.152628,2187.833428,985.539978,2.8981481481481484,-0.189766081871345,0.0
2024-01-10 17:00:00+00:00,DK1,-1342.0418960000002,0.17079805434285397,361.00893800000006,3455.701442,1044.089966,2.9333333333333336,-0.2119883040935672,0.0
2024-01-10 17:00:00+00:00,DK2,-1512.458584,0.19675912874095192,161.004671,2330.74169,1044.089966,2.9333333333333336,-0.2119883040935672,0.0
2024-01-10 16:00:00+00:00,DK1,-1552.631086,0.1383716755252178,283.24300600000004,3599.603524,1072.349976,2.7685185185185186,-0.193859649122807,0.0
2024-01-10 16:00:00+00:00,DK2,-1598.204434,0.18934495398997364,156.78401399999996,2426.238193,1072.349976,2.7685185185185186,-0.193859649122807,0.0
2024-01-10 15:00:00+00:00,DK1,-1495.1155630000003,0.10856846387846254,210.71609499999997,3435.974699,1004.109985,2.755555555555556,-0.1871345029239766,3.480769230769231
2024-01-10 15:00:00+00:00,DK2,-1504.673288,0.1692737093012583,137.58822999999998,2317.488406,1004.109985,2.755555555555556,-0.1871345029239766,3.480769230769231
2024-01-10 14:00:00+00:00,DK1,-1421.8255,0.09242504403043693,176.68421,3333.474143,923.27002,2.561111111111112,-0.1195906432748538,3.615384615384616
2024-01-10 14:00:00+00:00,DK2,-1482.345018,0.15894731474134763,120.06516500000001,2237.722139,923.27002,2.561111111111112,-0.1195906432748538,3.615384615384616
2024-01-10 13:00:00+00:00,DK1,-1517.7561320000002,0.11219903907068911,213.05479400000002,3416.656477,842.059998,2.3925925925925924,-0.0874269005847953,4.307692307692308
2024-01-10 13:00:00+00:00,DK2,-1460.9869010000002,0.1515142199591981,117.27791,2235.025866,862.710022,2.3925925925925924,-0.0874269005847953,4.307692307692308
2024-01-10 12:00:00+00:00,DK1,-1509.1782449999998,0.12716427377632858,249.09547700000002,3468.026195,787.609985,2.111320754716981,-0.1385964912280701,6.096153846153846
2024-01-10 12:00:00+00:00,DK2,-1460.3231329999996,0.1540961490316024,119.687077,2237.027014,806.929993,2.111320754716981,-0.1385964912280701,6.096153846153846
2024-01-10 11:00:00+00:00,DK1,-1432.590119,0.1323922592075251,270.279703,3474.096961,762.26001,1.9,-0.2970674486803519,8.096153846153847
2024-01-10 11:00:00+00:00,DK2,-1550.510617,0.1593566853938228,113.082624,2260.130196,762.26001,1.9,-0.2970674486803519,8.096153846153847
2024-01-10 10:00:00+00:00,DK1,-1496.3235719999996,0.1217514839949995,248.698242,3538.994707,813.869995,1.7648148148148148,-0.5988304093567252,5.288461538461538
2024-01-10 10:00:00+00:00,DK2,-1622.5461029999997,0.13425842246419548,86.88690100000001,2269.707744,813.869995,1.7648148148148148,-0.5988304093567252,5.288461538461538
2024-01-10 09:00:00+00:00,DK1,-1563.0597559999999,0.07782837619744078,155.32431300000002,3558.788314,884.190002,1.7537037037037038,-0.8362573099415205,2.730769230769231
2024-01-10 09:00:00+00:00,DK2,-1638.1978399999998,0.1278917926208247,81.15468199999998,2272.755229,905.890015,1.7537037037037038,-0.8362573099415205,2.730769230769231
2024-01-10 08:00:00+00:00,DK1,-1518.8802329999999,0.021868876374056483,43.970366999999996,3529.517005,972.419983,1.8,-1.046783625730994,0.0
2024-01-10 08:00:00+00:00,DK2,-1578.855822,0.1035060023898598,68.94216,2244.92502,972.419983,1.8,-1.046783625730994,0.0
2024-01-10 07:00:00+00:00,DK1,-1674.6179980000002,0.003583705626360592,6.705783,3545.804892,1053.630005,1.7407407407407407,-0.924561403508772,0.0
2024-01-10 07:00:00+00:00,DK2,-1545.732976,0.0845067474671227,58.254802,2235.083871,1066.459961,1.7407407407407407,-0.924561403508772,0.0
2024-01-10 06:00:00+00:00,DK1,-1724.5581329999993,0.0010635382576543821,1.80834,3424.863681,941.840027,1.6185185185185187,-0.7719298245614035,0.0
2024-01-10 06:00:00+00:00,DK2,-1455.8394769999998,0.08428457936003647,57.313554,2135.839952,965.030029,1.6185185185185187,-0.7719298245614035,0.0
2024-01-10 05:00:00+00:00,DK1,-1423.060477,0.0017913789572413074,2.942593,3065.701744,812.0,1.4666666666666668,-0.6882697947214076,0.0
2024-01-10 05:00:00+00:00,DK2,-1239.089915,0.09689268275558807,63.524287,1894.70482,812.0,1.4666666666666668,-0.6882697947214076,0.0
2024-01-10 04:00:00+00:00,DK1,-1280.7691450000002,0.0029302962810786835,4.50401,2817.818497,664.109985,1.5222222222222224,-0.6190058479532163,0.0
2024-01-10 04:00:00+00:00,DK2,-1114.464642,0.1184061677274045,68.009304,1688.837627,664.109985,1.5222222222222224,-0.6190058479532163,0.0
2024-01-10 03:00:00+00:00,DK1,-1326.4019720000003,0.0068113453261651625,9.658338,2744.379998,643.599976,1.537037037037037,-0.5666666666666667,0.0
2024-01-10 03:00:00+00:00,DK2,-869.9488729999999,0.08348155076367038,64.550582,1643.18058,643.599976,1.537037037037037,-0.5666666666666667,0.0
2024-01-10 02:00:00+00:00,DK1,-1273.7389849999997,0.027414942707983843,40.904263,2765.781607,642.039978,1.6296296296296295,-0.5041055718475074,0.0
2024-01-10 02:00:00+00:00,DK2,-844.5732149999999,0.07700844891741404,65.80775799999998,1699.125656,642.039978,1.6296296296296295,-0.5041055718475074,0.0
2024-01-10 01:00:00+00:00,DK1,-1261.3594900000003,0.06006590323254266,92.32921499999999,2798.491374,646.809998,1.6611111111111112,-0.5146627565982405,0.0
2024-01-10 01:00:00+00:00,DK2,-896.1120270000001,0.0850492162049731,73.94222299999998,1765.517135,646.809998,1.6611111111111112,-0.5146627565982405,0.0
2024-01-10 00:00:00+00:00,DK1,-1245.3477520000001,0.06523479793161588,103.301817,2828.886297,647.039978,1.7555555555555555,-0.5672514619883041,0.0
2024-01-10 00:00:00+00:00,DK2,-973.4326189999998,0.05346099488212061,44.306452,1802.194824,647.039978,1.7555555555555555,-0.5672514619883041,0.0
2024-01-09 23:00:00+00:00,DK1,-1146.891345,0.06959342718362783,114.512455,2792.34063,665.900024,1.7648148148148148,-0.5728070175438597,0.0
2024-01-09 23:00:00+00:00,DK2,-913.4062819999999,0.03666478490494484,32.198758,1791.599297,665.900024,1.7648148148148148,-0.5728070175438597,0.0
2024-01-09 22:00:00+00:00,DK1,-1099.4989039999996,0.0755477189305576,129.253976,2810.390746,724.340027,1.855555555555556,-0.5748538011695906,0.0
2024-01-09 22:00:00+00:00,DK2,-745.7231419999996,0.029337311812445505,31.639698000000003,1824.202936,724.340027,1.855555555555556,-0.5748538011695906,0.0
2024-01-09 21:00:00+00:00,DK1,-1193.1882609999998,0.07221487390982416,123.89043699999999,2908.768865,792.150024,1.8925925925925928,-0.6605263157894737,0.0
2024-01-09 21:00:00+00:00,DK2,-849.6178419999999,0.010471632360974035,11.132607,1912.738339,792.150024,1.8925925925925928,-0.6605263157894737,0.0
2024-01-09 20:00:00+00:00,DK1,-1206.1371749999998,0.07334255311970429,131.987994,3005.747202,833.179993,1.8425925925925928,-0.7175438596491228,0.0
2024-01-09 20:00:00+00:00,DK2,-969.2815030000002,0.006249803533953082,6.679936,2038.104861,833.179993,1.8425925925925928,-0.7175438596491228,0.0
2024-01-09 19:00:00+00:00,DK1,-1265.8872780000002,0.060861723326791024,113.21074200000001,3126.017682,897.039978,1.7814814814814814,-0.7747800586510264,0.0
2024-01-09 19:00:00+00:00,DK2,-1076.9136380000002,0.00570576951141745,6.123914,2150.198142,897.039978,1.7814814814814814,-0.7747800586510264,0.0
2024-01-09 18:00:00+00:00,DK1,-1485.096126,0.05943059432558433,110.38233,3342.42788,973.070007,1.7092592592592593,-0.8760233918128656,0.0
2024-01-09 18:00:00+00:00,DK2,-1184.1278909999999,0.0041648882990219524,4.567354,2280.760903,973.070007,1.7092592592592593,-0.8760233918128656,0.0
2024-01-09 17:00:00+00:00,DK1,-1584.0166920000001,0.06257375889557193,119.533756,3494.302379,1028.050049,1.712962962962963,-0.9476608187134504,0.0
2024-01-09 17:00:00+00:00,DK2,-1331.237769,0.00852642282516791,9.380239000000001,2431.375446,1028.050049,1.712962962962963,-0.9476608187134504,0.0
2024-01-09 16:00:00+00:00,DK1,-1677.3287459999997,0.08882313467893484,175.24190500000003,3650.259623,1028.349976,1.901851851851852,-0.9885964912280704,0.0
2024-01-09 16:00:00+00:00,DK2,-1387.3470320000006,0.01230520568471525,13.700235999999999,2500.71615,1029.170044,1.901851851851852,-0.9885964912280704,0.0
2024-01-09 15:00:00+00:00,DK1,-1453.1919870000002,0.12786129842599886,259.36761099999995,3481.699551,953.820007,1.9226415094339624,-0.9616959064327484,6.9
2024-01-09 15:00:00+00:00,DK2,-1277.2259830000003,0.014188045799440272,15.615331,2377.823713,977.23999,1.9226415094339624,-0.9616959064327484,6.9
2024-01-09 14:00:00+00:00,DK1,-1334.480372,0.16477792324859555,346.08883299999997,3434.815333,890.780029,2.1148148148148147,-0.8997076023391812,12.576923076923077
2024-01-09 14:00:00+00:00,DK2,-1181.57267,0.027988398462517543,30.757036,2280.493569,903.390015,2.1148148148148147,-0.8997076023391812,12.576923076923077
2024-01-09 13:00:00+00:00,DK1,-1382.9037829999997,0.20340922005611825,437.211382,3532.321503,827.289978,2.283333333333333,-0.9421052631578948,8.23076923076923
2024-01-09 13:00:00+00:00,DK2,-1237.9285779999996,0.03934447957636865,42.019188,2305.910375,838.26001,2.283333333333333,-0.9421052631578948,8.23076923076923
2024-01-09 12:00:00+00:00,DK1,-1492.66777,0.2569176615823894,545.395805,3615.510558,752.159973,2.344444444444445,-1.2555555555555555,11.076923076923077
2024-01-09 12:00:00+00:00,DK2,-1253.646841,0.06147063552741798,66.45531100000001,2334.737193,752.159973,2.344444444444445,-1.2555555555555555,11.076923076923077
2024-01-09 11:00:00+00:00,DK1,-1441.8856610000003,0.2879638975145228,623.867955,3608.365419,747.690002,2.1925925925925926,-1.6596491228070176,6.9423076923076925
2024-01-09 11:00:00+00:00,DK2,-1357.002129,0.06722042301307579,69.035872,2384.009531,747.690002,2.1925925925925926,-1.6596491228070176,6.9423076923076925
2024-01-09 10:00:00+00:00,DK1,-1577.5576250000004,0.26213452815961275,566.279858,3737.821906,789.169983,1.9777777777777776,-2.220175438596491,6.153846153846154
2024-01-09 10:00:00+00:00,DK2,-1424.882337,0.04746440474968316,46.605584,2406.788341,789.169983,1.9777777777777776,-2.220175438596491,6.153846153846154
2024-01-09 09:00:00+00:00,DK1,-1812.276748,0.24014004916709053,471.92915199999993,3777.501431,844.450012,1.898148148148148,-2.8494152046783627,6.9423076923076925
2024-01-09 09:00:00+00:00,DK2,-1488.106085,0.043208145706020946,40.33413899999999,2421.590694,844.450012,1.898148148148148,-2.8494152046783627,6.9423076923076925
2024-01-09 08:00:00+00:00,DK1,-1783.1469430000002,0.21230911235395344,419.76767400000006,3760.300299,902.039978,1.8222222222222224,-3.4444444444444446,0.0
2024-01-09 08:00:00+00:00,DK2,-1444.1010059999999,0.04066117305940749,38.477664,2390.400906,902.039978,1.8222222222222224,-3.4444444444444446,0.0
2024-01-09 07:00:00+00:00,DK1,-1764.827907,0.24027811429527363,471.66061499999995,3727.805752,994.030029,1.914814814814815,-3.984210526315789,0.0
2024-01-09 07:00:00+00:00,DK2,-1442.4221970000003,0.060468523077833944,55.348966999999995,2357.757386,994.099976,1.914814814814815,-3.984210526315789,0.0
2024-01-09 06:00:00+00:00,DK1,-1632.9640100000001,0.24531204689730368,488.01227900000004,3622.317102,925.539978,1.898148148148148,-4.589473684210526,0.0
2024-01-09 06:00:00+00:00,DK2,-1400.256181,0.09654835198752416,84.09939299999999,2271.316031,925.539978,1.898148148148148,-4.589473684210526,0.0
2024-01-09 05:00:00+00:00,DK1,-1337.921191,0.2202917945056043,445.46189,3360.065915,809.530029,1.8962962962962964,-5.192982456140351,0.0
2024-01-09 05:00:00+00:00,DK2,-1200.0965769999998,0.09912957747615862,82.49523300000001,2032.292528,809.530029,1.8962962962962964,-5.192982456140351,0.0
2024-01-09 04:00:00+00:00,DK1,-1317.9870319999998,0.22640211542444513,426.155307,3200.280871,666.070007,1.937037037037037,-5.5169590643274855,0.0
2024-01-09 04:00:00+00:00,DK2,-1085.6899170000002,0.12096449366192775,90.61902699999999,1834.827323,666.070007,1.937037037037037,-5.5169590643274855,0.0
2024-01-09 03:00:00+00:00,DK1,-1409.077063,0.23768743199269643,425.45544100000006,3199.055765,639.51001,1.9814814814814812,-5.7140350877192985,0.0
2024-01-09 03:00:00+00:00,DK2,-904.9611300000003,0.10622239174416236,93.483101,1785.03076,639.51001,1.9814814814814812,-5.7140350877192985,0.0
2024-01-09 02:00:00+00:00,DK1,-1446.1935379999998,0.22982305233079384,410.37387600000005,3231.801517,627.719971,2.1314814814814813,-5.869298245614035,0.0
2024-01-09 02:00:00+00:00,DK2,-986.6403089999999,0.11678088344525385,99.07387000000001,1835.01435,627.719971,2.1314814814814813,-5.869298245614035,0.0
2024-01-09 01:00:00+00:00,DK1,-1462.8924920000002,0.21844331964437025,395.590658,3273.845826,634.140015,2.1259259259259258,-5.862865497076023,0.0
2024-01-09 01:00:00+00:00,DK2,-1026.838729,0.14799234039755002,127.82379300000001,1890.557707,634.140015,2.1259259259259258,-5.862865497076023,0.0
2024-01-09 00:00:00+00:00,DK1,-1459.9460709999998,0.20263356766790103,368.763566,3279.800354,649.359985,2.2,-5.8453216374269,0.0
2024-01-09 00:00:00+00:00,DK2,-1051.589285,0.13048387299024156,111.560897,1906.567716,649.359985,2.2,-5.8453216374269,0.0
2024-01-08 23:00:00+00:00,DK1,-1493.307636,0.1941743025916497,339.27493,3240.577617,657.710022,2.159259259259259,-5.84327485380117,0.0
2024-01-08 23:00:00+00:00,DK2,-1049.67414,0.11658260755532067,101.352932,1919.039941,657.710022,2.159259259259259,-5.84327485380117,0.0
2024-01-08 22:00:00+00:00,DK1,-1288.981141,0.18173279865302056,324.8904329999999,3076.718057,682.400024,2.075925925925926,-5.916959064327485,0.0
2024-01-08 22:00:00+00:00,DK2,-993.5868569999998,0.14278161774272624,132.27309,1919.988253,682.400024,2.075925925925926,-5.916959064327485,0.0
2024-01-08 21:00:00+00:00,DK1,-1341.4865730000004,0.13915838965859037,258.625315,3199.982605,745.719971,2.111111111111111,-6.033625730994152,0.0
2024-01-08 21:00:00+00:00,DK2,-1117.1025490000002,0.13671302906032415,124.451973,2027.417929,745.719971,2.111111111111111,-6.033625730994152,0.0
2024-01-08 20:00:00+00:00,DK1,-1410.3248509999999,0.12255305708672985,233.058105,3312.016335,766.97998,2.25,-6.159356725146199,0.0
2024-01-08 20:00:00+00:00,DK2,-1255.323144,0.13425806542331048,120.73505,2154.599099,766.97998,2.25,-6.159356725146199,0.0
2024-01-08 19:00:00+00:00,DK1,-1232.2781639999998,0.12792837450903233,263.3455149999999,3290.816905,851.859985,2.2537037037037035,-6.103801169590644,0.0
2024-01-08 19:00:00+00:00,DK2,-1192.9188630000003,0.1526475795755034,162.27939700000002,2256.017259,851.859985,2.2537037037037035,-6.103801169590644,0.0
2024-01-08 18:00:00+00:00,DK1,-1360.3675949999997,0.14334053864627827,297.490549,3435.778723,910.859985,2.514814814814815,-5.820348837209303,0.0
2024-01-08 18:00:00+00:00,DK2,-1236.416694,0.18939283762261905,218.384022,2389.491038,910.859985,2.514814814814815,-5.820348837209303,0.0
2024-01-08 17:00:00+00:00,DK1,-1491.476932,0.1816610894927908,388.18616899999995,3628.347134,969.710022,2.6296296296296298,-5.412356321839081,0.0
2024-01-08 17:00:00+00:00,DK2,-1382.2655670000001,0.2469181910294687,282.23405,2525.292125,969.710022,2.6296296296296298,-5.412356321839081,0.0
2024-01-08 16:00:00+00:00,DK1,-1612.0804409999996,0.18800140898955317,403.836959,3760.133273,963.299988,2.837037037037037,-4.889655172413793,0.0
2024-01-08 16:00:00+00:00,DK2,-1437.087247,0.22197046626431105,251.12962499999998,2568.452285,986.869995,2.837037037037037,-4.889655172413793,0.0
2024-01-08 15:00:00+00:00,DK1,-1521.5904879999998,0.19062267532779562,395.642413,3597.116982,923.619995,2.994444444444444,-4.261494252873563,19.96153846153846
2024-01-08 15:00:00+00:00,DK2,-1332.208046,0.21945953325393713,240.02017899999998,2425.895686,954.719971,2.994444444444444,-4.261494252873563,19.96153846153846
2024-01-08 14:00:00+00:00,DK1,-1441.7297529999996,0.20190095629191754,417.979872,3511.952102,805.390015,3.164814814814815,-3.432758620689655,45.92307692307692
2024-01-08 14:00:00+00:00,DK2,-1234.3265620000002,0.25294821586490807,273.67449899999997,2316.265401,825.22998,3.164814814814815,-3.432758620689655,45.92307692307692
2024-01-08 13:00:00+00:00,DK1,-1638.99811,0.25699907725298493,554.58756,3796.934107,763.25,3.305555555555556,-2.976724137931035,44.67307692307692
2024-01-08 13:00:00+00:00,DK2,-1109.9892789999997,0.3328668230405333,405.486349,2328.153184,764.219971,3.305555555555556,-2.976724137931035,44.67307692307692
2024-01-08 12:00:00+00:00,DK1,-1657.871028,0.3157270889093489,714.712508,3921.574502,701.349976,3.353703703703704,-3.0410919540229884,46.19230769230769
2024-01-08 12:00:00+00:00,DK2,-989.6517999999996,0.40664765406763576,554.288433,2352.71987,707.690002,3.353703703703704,-3.0410919540229884,46.19230769230769
2024-01-08 11:00:00+00:00,DK1,-1428.2096649999999,0.3440897715238838,819.223631,3809.052395,712.309998,3.329629629629629,-3.4586206896551723,49.61538461538461
2024-01-08 11:00:00+00:00,DK2,-984.786887,0.41210861942826515,573.9172609999999,2377.422794,729.76001,3.329629629629629,-3.4586206896551723,49.61538461538461
2024-01-08 10:00:00+00:00,DK1,-1266.8265809999998,0.31354578344989353,771.1789279999999,3726.368277,768.25,3.305555555555556,-4.129597701149425,50.07692307692308
2024-01-08 10:00:00+00:00,DK2,-836.6249459999999,0.39408062641977865,625.837247,2424.719374,787.200012,3.305555555555556,-4.129597701149425,50.07692307692308
2024-01-08 09:00:00+00:00,DK1,-1191.5288309999996,0.30300353768440974,770.524596,3734.484606,824.940002,3.5037037037037035,-4.934770114942529,32.17307692307692
2024-01-08 09:00:00+00:00,DK2,-870.6740839999998,0.3923574753525071,628.5642590000001,2472.693412,849.549988,3.5037037037037035,-4.934770114942529,32.17307692307692
2024-01-08 08:00:00+00:00,DK1,-1063.6856109999999,0.3478889420902396,931.18525,3740.359507,878.859985,4.001851851851852,-5.564655172413793,0.1923076923076923
2024-01-08 08:00:00+00:00,DK2,-462.1058690000002,0.42131709630053316,846.502189,2471.286594,900.48999,4.001851851851852,-5.564655172413793,0.1923076923076923
2024-01-08 07:00:00+00:00,DK1,-1028.542410999999,0.4184849268207512,1161.3814220000002,3803.747317,903.330017,4.270370370370371,-5.560344827586207,0.0
2024-01-08 07:00:00+00:00,DK2,-509.87952700000005,0.4802253749920062,920.8270699999999,2427.368935,903.330017,4.270370370370371,-5.560344827586207,0.0
2024-01-08 06:00:00+00:00,DK1,-864.369753,0.4377280583233682,1225.1150690000002,3663.173818,828.669983,4.444444444444445,-5.3548850574712645,0.0
2024-01-08 06:00:00+00:00,DK2,-671.6383680000001,0.5611378208043848,932.2169289999999,2332.935993,829.559998,4.444444444444445,-5.3548850574712645,0.0
2024-01-08 05:00:00+00:00,DK1,-820.897054,0.4607736072128809,1210.065408,3447.05747,703.359985,4.548148148148148,-5.31580459770115,0.0
2024-01-08 05:00:00+00:00,DK2,-446.82455000000004,0.5958845834663834,979.9430730000001,2091.342801,703.359985,4.548148148148148,-5.31580459770115,0.0
2024-01-08 04:00:00+00:00,DK1,-674.2706560000001,0.48517100300841565,1220.1403099999998,3189.137172,612.359985,4.618518518518519,-5.135344827586207,0.0
2024-01-08 04:00:00+00:00,DK2,-157.276879,0.6183422867936982,1059.661002,1870.989534,612.359985,4.618518518518519,-5.135344827586207,0.0
2024-01-08 03:00:00+00:00,DK1,-566.6430530000007,0.50144589410921,1271.1354930000002,3101.583528,585.359985,4.727777777777778,-5.145114942528736,0.0
2024-01-08 03:00:00+00:00,DK2,-85.34198100000003,0.6154346799212184,1052.36243,1795.291817,585.359985,4.727777777777778,-5.145114942528736,0.0
2024-01-08 02:00:00+00:00,DK1,-531.622335,0.5117221405816748,1322.269766,3115.582772,590.059998,4.953703703703703,-5.081609195402299,0.0
2024-01-08 02:00:00+00:00,DK2,-77.31526000000008,0.6193276039327699,1075.392041,1813.70168,590.059998,4.953703703703703,-5.081609195402299,0.0
2024-01-08 01:00:00+00:00,DK1,-394.3558849999995,0.5297029185828738,1449.623866,3131.029245,610.27002,5.131481481481482,-5.046974063400576,0.0
2024-01-08 01:00:00+00:00,DK2,-48.23653499999955,0.6307051001204783,1125.4110520000002,1832.606206,610.27002,5.131481481481482,-5.046974063400576,0.0
2024-01-08 00:00:00+00:00,DK1,-92.55073200000061,0.5761170281195777,1716.6352330000002,3072.214844,628.919983,5.174074074074074,-4.920977011494253,0.0
2024-01-08 00:00:00+00:00,DK2,-66.75955500000009,0.6335567104798572,1142.988666,1870.8422,628.919983,5.174074074074074,-4.920977011494253,0.0
2024-01-07 23:00:00+00:00,DK1,-101.38672300000007,0.5732309435081332,1716.0309040000002,3094.998501,649.059998,5.125925925925926,-4.9158045977011495,0.0
2024-01-07 23:00:00+00:00,DK2,-124.67604699999993,0.6209731689253957,1092.1770749999998,1883.49129,649.059998,5.125925925925926,-4.9158045977011495,0.0
2024-01-07 22:00:00+00:00,DK1,78.44315699999925,0.5446690738583284,1634.018463,2921.577482,625.48999,5.174074074074074,-4.9318965517241375,0.0
2024-01-07 22:00:00+00:00,DK2,-139.329479,0.5975690588963292,1044.8527640000002,1887.834942,625.48999,5.174074074074074,-4.9318965517241375,0.0
2024-01-07 21:00:00+00:00,DK1,185.1390849999998,0.5272362853396919,1669.7580770000002,2981.862359,680.01001,5.203703703703703,-4.993103448275861,0.0
2024-01-07 21:00:00+00:00,DK2,-257.35674199999994,0.5834471279002214,1001.6051389999999,1974.059235,680.01001,5.203703703703703,-4.993103448275861,0.0
2024-01-07 20:00:00+00:00,DK1,219.92239599999948,0.500701928643102,1682.1806909999998,3139.722524,695.97998,5.0814814814814815,-4.914367816091954,0.0
2024-01-07 20:00:00+00:00,DK2,-220.6257760000001,0.5563224271594032,1035.3519469999999,2081.690325,695.97998,5.0814814814814815,-4.914367816091954,0.0
2024-01-07 19:00:00+00:00,DK1,42.98948599999994,0.4951150740222645,1621.086656,3231.171898,749.599976,5.175925925925926,-4.835632183908046,0.0
2024-01-07 19:00:00+00:00,DK2,-271.363611,0.5783849594493488,1100.6894089999998,2174.403085,749.599976,5.175925925925926,-4.835632183908046,0.0
2024-01-07 18:00:00+00:00,DK1,-48.307638000000225,0.48017739711978097,1594.561203,3369.082861,772.349976,5.264814814814815,-4.751149425287356,0.0
2024-01-07 18:00:00+00:00,DK2,-170.56448599999976,0.5289153684270183,1114.918181,2278.497527,772.349976,5.264814814814815,-4.751149425287356,0.0
2024-01-07 17:00:00+00:00,DK1,-166.12920299999996,0.43267523321242246,1443.5855310000002,3502.547422,782.049988,4.888888888888889,-4.649425287356322,0.0
2024-01-07 17:00:00+00:00,DK2,-313.4592419999999,0.4981607872679183,1044.1700949999997,2409.509597,791.299988,4.888888888888889,-4.649425287356322,0.0
2024-01-07 16:00:00+00:00,DK1,-484.75831100000005,0.4084814889885834,1225.5164989999998,3484.934652,759.080017,4.692592592592593,-4.6468390804597695,0.0
2024-01-07 16:00:00+00:00,DK2,-572.9239600000005,0.47973475798888815,895.7998739999999,2440.205534,777.719971,4.692592592592593,-4.6468390804597695,0.0
2024-01-07 15:00:00+00:00,DK1,-565.5340329999999,0.3796095212291438,1027.3167369999999,3271.780003,696.799988,4.794444444444444,-4.423563218390805,10.538461538461538
2024-01-07 15:00:00+00:00,DK2,-504.97610399999985,0.47857197246607114,866.410718,2315.384502,717.609985,4.794444444444444,-4.423563218390805,10.538461538461538
2024-01-07 14:00:00+00:00,DK1,-678.6637069999997,0.3443248943609006,885.6793660000001,3250.883667,656.440002,4.746296296296297,-4.107758620689655,27.78846153846154
2024-01-07 14:00:00+00:00,DK2,-458.68954799999983,0.5097167839713274,893.557768,2211.737115,676.059998,4.746296296296297,-4.107758620689655,27.78846153846154
2024-01-07 13:00:00+00:00,DK1,-762.6946630000002,0.35856104511131487,897.973757,3267.076467,634.219971,4.729629629629629,-3.9,32.13461538461539
2024-01-07 13:00:00+00:00,DK2,-508.2443629999998,0.5121914406195239,869.8912700000001,2206.615716,650.630005,4.729629629629629,-3.9,32.13461538461539
2024-01-07 12:00:00+00:00,DK1,-815.0645440000003,0.3528678024229433,875.6485559999999,3296.584677,652.789978,4.477777777777778,-4.025287356321839,32.90384615384615
2024-01-07 12:00:00+00:00,DK2,-702.8470939999997,0.4512807614120814,680.470093,2210.711269,652.789978,4.477777777777778,-4.025287356321839,32.90384615384615
2024-01-07 11:00:00+00:00,DK1,-820.1894739999998,0.3359044089812863,833.1762460000001,3300.586348,682.469971,4.198148148148148,-4.4511494252873565,34.0
2024-01-07 11:00:00+00:00,DK2,-675.1980559999997,0.4399442024079587,678.16052,2216.667443,682.469971,4.198148148148148,-4.4511494252873565,34.0
2024-01-07 10:00:00+00:00,DK1,-609.5615669999997,0.3653123878224289,957.108528,3229.53439,666.210022,3.838888888888889,-5.1721264367816095,37.46153846153846
2024-01-07 10:00:00+00:00,DK2,-711.9218350000003,0.3998050628107809,604.369831,2223.58311,686.130005,3.838888888888889,-5.1721264367816095,37.46153846153846
2024-01-07 09:00:00+00:00,DK1,-809.5343420000004,0.40283526139565473,998.501792,3288.219521,650.030029,3.725925925925926,-6.176436781609196,23.384615384615383
2024-01-07 09:00:00+00:00,DK2,-778.212198,0.3457946781018355,496.02132800000004,2212.65107,669.419983,3.725925925925926,-6.176436781609196,23.384615384615383
2024-01-07 08:00:00+00:00,DK1,-981.3921039999996,0.38688367677754837,894.501298,3293.459921,634.219971,3.585185185185185,-7.130747126436781,0.0
2024-01-07 08:00:00+00:00,DK2,-790.8507430000002,0.30631079614911466,417.30568100000005,2153.211085,653.159973,3.585185185185185,-7.130747126436781,0.0
2024-01-07 07:00:00+00:00,DK1,-960.9019570000005,0.3847192873852972,853.9267339999999,3180.511844,610.049988,3.424074074074074,-7.533908045977012,0.0
2024-01-07 07:00:00+00:00,DK2,-725.4797609999998,0.29556525773899733,393.6725629999999,2057.410875,628.099976,3.424074074074074,-7.533908045977012,0.0
2024-01-07 06:00:00+00:00,DK1,-936.6869699999997,0.3893569338205717,828.980155,3065.787759,582.080017,3.4925925925925925,-7.519540229885058,0.0
2024-01-07 06:00:00+00:00,DK2,-641.1912059999997,0.3168464394433118,410.116516,1935.561175,599.460022,3.4925925925925925,-7.519540229885058,0.0
2024-01-07 05:00:00+00:00,DK1,-824.952115,0.393866945122745,831.988382,2937.311104,560.450012,3.4870370370370374,-7.402011494252874,0.0
2024-01-07 05:00:00+00:00,DK2,-646.401742,0.35750060936700456,426.30032,1838.848157,585.140015,3.4870370370370374,-7.402011494252874,0.0
2024-01-07 04:00:00+00:00,DK1,-876.6928959999996,0.39752130721206075,818.2573400000001,2935.091591,550.309998,3.614814814814815,-7.177873563218391,0.0
2024-01-07 04:00:00+00:00,DK2,-534.523398,0.41557116057140037,534.8883189999998,1821.639468,577.460022,3.614814814814815,-7.177873563218391,0.0
2024-01-07 03:00:00+00:00,DK1,-889.1888860000001,0.3974737585362437,811.325847,2930.394952,546.950012,3.6796296296296296,-7.049712643678162,0.0
2024-01-07 03:00:00+00:00,DK2,-420.2077790000001,0.46259672812571595,664.2405940000001,1856.103352,573.5,3.6796296296296296,-7.049712643678162,0.0
2024-01-07 02:00:00+00:00,DK1,-850.1864969999997,0.40017492032093593,833.248126,2932.39626,561.48999,3.764814814814815,-6.887356321839081,0.0
2024-01-07 02:00:00+00:00,DK2,-347.151353,0.49382754455497824,765.387016,1897.058855,578.280029,3.764814814814815,-6.887356321839081,0.0
2024-01-07 01:00:00+00:00,DK1,-707.6179900000002,0.4142770219710874,912.382769,2909.967434,573.72998,3.714814814814815,-6.704310344827586,0.0
2024-01-07 01:00:00+00:00,DK2,-313.7301559999996,0.5036993030808748,808.483207,1918.821134,590.880005,3.714814814814815,-6.704310344827586,0.0
2024-01-07 00:00:00+00:00,DK1,-628.7500579999996,0.45068801502533024,1032.852838,2920.474718,615.049988,3.983333333333333,-6.4833333333333325,0.0
2024-01-07 00:00:00+00:00,DK2,-288.68998799999963,0.5038708388393878,829.608282,1935.160111,615.049988,3.983333333333333,-6.4833333333333325,0.0
2024-01-06 23:00:00+00:00,DK1,-495.1704899999995,0.4755468680226474,1128.2016970000002,2867.600576,642.570007,4.116666666666667,-6.310344827586207,0.0
2024-01-06 23:00:00+00:00,DK2,-199.10708999999997,0.5125125130602618,901.0155340000001,1957.143257,642.570007,4.116666666666667,-6.310344827586207,0.0
2024-01-06 22:00:00+00:00,DK1,-291.2612610000001,0.4890970177039806,1255.908977,2859.072823,596.919983,4.296296296296297,-6.172413793103448,0.0
2024-01-06 22:00:00+00:00,DK2,-153.21862499999997,0.5290840472428999,961.3869569999999,1970.296577,617.580017,4.296296296296297,-6.172413793103448,0.0
2024-01-06 21:00:00+00:00,DK1,19.714782000000014,0.4730417357645854,1346.0921570000003,2825.894929,647.039978,4.485185185185185,-5.939655172413793,0.0
2024-01-06 21:00:00+00:00,DK2,-202.82834799999955,0.5320501586463355,972.487074,2030.639238,666.359985,4.485185185185185,-5.939655172413793,0.0
2024-01-06 20:00:00+00:00,DK1,28.71736800000008,0.4880949095145095,1452.9608299999998,2948.082434,656.359985,4.703703703703703,-5.806609195402299,0.0
2024-01-06 20:00:00+00:00,DK2,-308.57060000000024,0.5337912548660118,961.1803840000001,2109.237762,675.97998,4.703703703703703,-5.806609195402299,0.0
2024-01-06 19:00:00+00:00,DK1,190.52522400000043,0.4681397947162912,1484.8378939999998,2981.257886,687.909973,4.85,-5.652873563218391,0.0
2024-01-06 19:00:00+00:00,DK2,-318.13313100000005,0.5270418375642193,983.54989,2184.303556,708.419983,4.85,-5.652873563218391,0.0
2024-01-06 18:00:00+00:00,DK1,248.12974599999916,0.473014271120485,1578.018964,3087.961912,740.719971,5.00925925925926,-5.502011494252874,0.0
2024-01-06 18:00:00+00:00,DK2,-377.3966270000001,0.5353020676405861,1026.1592540000001,2294.368961,762.799988,5.00925925925926,-5.502011494252874,0.0
2024-01-06 17:00:00+00:00,DK1,34.441829000000325,0.47594891633082154,1578.1996579999998,3281.459529,774.51001,5.137037037037037,-5.31551724137931,0.0
2024-01-06 17:00:00+00:00,DK2,-462.4251619999998,0.5306413198097665,1042.883806,2427.752337,797.630005,5.137037037037037,-5.31551724137931,0.0
2024-01-06 16:00:00+00:00,DK1,-27.075126000000182,0.48506479664245516,1605.009831,3335.931679,780.849976,5.303703703703703,-5.047413793103448,0.0
2024-01-06 16:00:00+00:00,DK2,-420.0980519999998,0.532340085925319,1078.489688,2446.039206,882.140015,5.303703703703703,-5.047413793103448,0.0
2024-01-06 15:00:00+00:00,DK1,148.57344599999988,0.4887715571531585,1595.032162,3114.775533,744.75,5.301851851851852,-4.682183908045977,10.596153846153848
2024-01-06 15:00:00+00:00,DK2,-377.4495810000003,0.5362106586120003,1053.236894,2341.671808,820.450012,5.301851851851852,-4.682183908045977,10.596153846153848
2024-01-06 14:00:00+00:00,DK1,322.88608399999976,0.5053798874857164,1691.704984,3024.506691,709.23999,5.525925925925925,-4.2844827586206895,23.653846153846157
2024-01-06 14:00:00+00:00,DK2,-292.04045699999983,0.5481971852014581,1070.828152,2245.403555,734.679993,5.525925925925925,-4.2844827586206895,23.653846153846157
2024-01-06 13:00:00+00:00,DK1,388.26221399999986,0.5235020088459362,1787.673787,3026.574323,690.299988,5.624074074074074,-3.909770114942528,25.134615384615383
2024-01-06 13:00:00+00:00,DK2,-278.96799499999975,0.5573452633642566,1089.7989890000001,2234.307101,712.380005,5.624074074074074,-3.909770114942528,25.134615384615383
2024-01-06 12:00:00+00:00,DK1,549.1090970000005,0.5442650316394265,1941.936792,3018.889358,710.210022,5.82037037037037,-3.78419540229885,28.82692307692308
2024-01-06 12:00:00+00:00,DK2,-213.96248400000013,0.5461950931686808,1107.033567,2240.772283,729.080017,5.82037037037037,-3.78419540229885,28.82692307692308
2024-01-06 11:00:00+00:00,DK1,638.121705,0.5427755643452271,2020.2135500000002,3083.883637,739.599976,5.944444444444445,-3.8367816091954015,20.807692307692307
2024-01-06 11:00:00+00:00,DK2,-152.69009499999993,0.5380418127425994,1127.6681539999997,2248.564667,763.25,5.944444444444445,-3.8367816091954015,20.807692307692307
2024-01-06 10:00:00+00:00,DK1,673.9026249999997,0.547166180200224,2068.24356,3106.015862,749.070007,6.018518518518518,-3.947701149425287,16.653846153846153
2024-01-06 10:00:00+00:00,DK2,-134.09978200000023,0.5397764471280473,1147.154483,2259.339757,773.090027,6.018518518518518,-3.947701149425287,16.653846153846153
2024-01-06 09:00:00+00:00,DK1,599.4915660000001,0.5700779206553899,2139.727556,3153.903327,725.72998,6.035185185185186,-4.119252873563219,12.5
2024-01-06 09:00:00+00:00,DK2,-87.39870299999939,0.5525402528805421,1189.4321129999998,2240.060173,748.929993,6.035185185185186,-4.119252873563219,12.5
2024-01-06 08:00:00+00:00,DK1,721.851831,0.5731922880882617,2183.9584290000003,3088.315323,687.909973,6.181481481481482,-4.145689655172414,0.0
2024-01-06 08:00:00+00:00,DK2,-81.40567499999997,0.5741444555794286,1196.6180960000002,2165.581677,708.419983,6.181481481481482,-4.145689655172414,0.0
2024-01-06 07:00:00+00:00,DK1,754.8946599999999,0.5753337101866113,2146.8109120000004,2976.523948,659.349976,6.28888888888889,-3.960632183908046,0.0
2024-01-06 07:00:00+00:00,DK2,-18.33812100000023,0.5919284566660755,1203.756334,2051.95607,677.77002,6.28888888888889,-3.960632183908046,0.0
2024-01-06 06:00:00+00:00,DK1,821.8851209999998,0.5967771291617657,2177.510887,2826.898957,607.059998,6.372222222222223,-3.733908045977012,0.0
2024-01-06 06:00:00+00:00,DK2,81.90595500000018,0.5893189214983817,1182.084249,1923.942162,652.109985,6.372222222222223,-3.733908045977012,0.0
2024-01-06 05:00:00+00:00,DK1,725.9498369999997,0.6459937907999702,2281.2858829999996,2805.486402,560.150024,6.438888888888889,-3.564655172413793,0.0
2024-01-06 05:00:00+00:00,DK2,236.5501989999998,0.5811895597924631,1195.8427550000001,1821.027634,630.109985,6.438888888888889,-3.564655172413793,0.0
2024-01-06 04:00:00+00:00,DK1,790.0429819999999,0.6542691317625898,2328.1736439999995,2768.391202,556.340027,6.448148148148148,-3.4839080459770115,0.0
2024-01-06 04:00:00+00:00,DK2,299.48297300000013,0.576729436891458,1197.8004869999997,1777.401629,627.5,6.448148148148148,-3.4839080459770115,0.0
2024-01-06 03:00:00+00:00,DK1,667.8000920000004,0.6514793182115173,2306.615537,2872.781278,544.559998,6.381481481481482,-3.5597701149425287,0.0
2024-01-06 03:00:00+00:00,DK2,292.34187999999995,0.5857412048283261,1226.554288,1801.678957,615.559998,6.381481481481482,-3.5597701149425287,0.0
2024-01-06 02:00:00+00:00,DK1,777.7553489999996,0.6526306557914799,2357.8249899999996,2835.046117,544.559998,6.318518518518518,-3.664655172413793,0.0
2024-01-06 02:00:00+00:00,DK2,149.35296500000004,0.6183239833252159,1246.168523,1866.044394,612.950012,6.318518518518518,-3.664655172413793,0.0
2024-01-06 01:00:00+00:00,DK1,776.1936720000003,0.6534008334697182,2409.1830640000003,2910.950483,567.830017,6.142592592592592,-3.745114942528736,0.0
2024-01-06 01:00:00+00:00,DK2,206.9417209999997,0.5735954048378651,1223.031718,1925.278495,611.830017,6.142592592592592,-3.745114942528736,0.0
2024-01-06 00:00:00+00:00,DK1,931.8328510000001,0.6550554019058964,2455.8464470000004,2817.23393,598.190002,6.101851851851852,-3.907758620689656,0.0
2024-01-06 00:00:00+00:00,DK2,160.14644999999996,0.5744211682208388,1210.665602,1947.480617,620.559998,6.101851851851852,-3.907758620689656,0.0
2024-01-05 23:00:00+00:00,DK1,1162.2672179999995,0.6590150130637736,2597.1886870000003,2778.748746,613.47998,6.175925925925926,-4.047701149425287,0.0
2024-01-05 23:00:00+00:00,DK2,148.74648500000012,0.5713033918534807,1205.009206,1960.481682,633.090027,6.175925925925926,-4.047701149425287,0.0
2024-01-05 22:00:00+00:00,DK1,935.0525539999999,0.6660119558153643,2631.0620379999996,3015.420129,647.429993,6.207407407407407,-4.29396551724138,0.0
2024-01-05 22:00:00+00:00,DK2,178.9278969999998,0.5634146866641433,1189.0888799999998,1931.575979,692.710022,6.207407407407407,-4.29396551724138,0.0
2024-01-05 21:00:00+00:00,DK1,955.7223370000006,0.6538467814636723,2670.072303,3127.913736,708.0,6.251851851851852,-4.534770114942528,0.0
2024-01-05 21:00:00+00:00,DK2,121.20182199999977,0.5588721021039652,1181.123366,1992.203663,746.630005,6.251851851851852,-4.534770114942528,0.0
2024-01-05 20:00:00+00:00,DK1,903.7358700000009,0.6430909948896185,2667.210617,3243.749693,702.549988,6.4,-4.670689655172414,0.0
2024-01-05 20:00:00+00:00,DK2,42.57947800000011,0.5514978364160926,1178.532827,2094.387794,841.51001,6.4,-4.670689655172414,0.0
2024-01-05 19:00:00+00:00,DK1,1036.5271950000001,0.6355661437742497,2774.9712529999997,3329.613576,746.559998,6.414814814814815,-4.727011494252873,0.0
2024-01-05 19:00:00+00:00,DK2,46.02935599999955,0.5290053103475882,1180.3848329999998,2185.299536,1115.849976,6.414814814814815,-4.727011494252873,0.0
2024-01-05 18:00:00+00:00,DK1,1007.348027999999,0.6360382520583165,2876.4890849999997,3515.161547,775.419983,6.418518518518519,-4.838505747126437,0.0
2024-01-05 18:00:00+00:00,DK2,-78.87805200000048,0.51944338699712,1161.73631,2315.380314,1356.839966,6.418518518518519,-4.838505747126437,0.0
2024-01-05 17:00:00+00:00,DK1,1045.8232559999997,0.6264027142772215,2946.2996340000004,3657.69984,808.909973,6.381481481481482,-4.874137931034483,0.0
2024-01-05 17:00:00+00:00,DK2,-175.787597,0.49255446157695665,1118.266579,2446.128577,2610.22998,6.381481481481482,-4.874137931034483,0.0
2024-01-05 16:00:00+00:00,DK1,945.3811030000011,0.6433547682649478,3031.2842379999997,3766.302695,800.929993,6.42962962962963,-4.873563218390805,0.0
2024-01-05 16:00:00+00:00,DK2,-249.53632800000014,0.47307792096802004,1054.131834,2477.777781,3925.22998,6.42962962962963,-4.873563218390805,0.0
2024-01-05 15:00:00+00:00,DK1,1364.6523580000003,0.6554256533317409,3126.0463699999996,3404.838055,768.039978,6.481481481481482,-4.895402298850574,9.826923076923077
2024-01-05 15:00:00+00:00,DK2,-235.0812960000003,0.4632880166478941,1001.3124779999999,2396.398753,3353.810059,6.481481481481482,-4.895402298850574,9.826923076923077
2024-01-05 14:00:00+00:00,DK1,1331.024183999999,0.6775823803324916,3160.0238050000003,3332.650517,746.26001,6.492592592592593,-4.9255747126436775,18.26923076923077
2024-01-05 14:00:00+00:00,DK2,-204.54423399999996,0.45448311861223134,955.3450910000001,2306.591707,2237.209961,6.492592592592593,-4.9255747126436775,18.26923076923077
2024-01-05 13:00:00+00:00,DK1,1197.3922979999998,0.6924650046535962,3179.364263,3393.979456,719.109985,6.512962962962963,-4.882183908045977,19.846153846153847
2024-01-05 13:00:00+00:00,DK2,-356.503336,0.4301399019781135,847.8354199999998,2327.572321,1475.810059,6.512962962962963,-4.882183908045977,19.846153846153847
2024-01-05 12:00:00+00:00,DK1,1064.4684829999992,0.6988959176484189,3175.4238760000007,3479.017601,682.780029,6.398148148148148,-4.909798270893372,21.03846153846154
2024-01-05 12:00:00+00:00,DK2,-472.76153999999997,0.40638313136731136,770.2642920000001,2368.175578,1469.25,6.398148148148148,-4.909798270893372,21.03846153846154
2024-01-05 11:00:00+00:00,DK1,957.8962330000008,0.6943027918140641,3138.386402,3562.302215,688.01001,6.298148148148148,-4.976657060518733,25.0
2024-01-05 11:00:00+00:00,DK2,-543.8260230000003,0.39146264659778474,725.7640890000001,2397.806461,1516.23999,6.298148148148148,-4.976657060518733,25.0
2024-01-05 10:00:00+00:00,DK1,823.1472580000009,0.6816931332440099,3105.692398,3732.703823,732.609985,6.061111111111111,-5.058620689655172,21.82692307692308
2024-01-05 10:00:00+00:00,DK2,-605.973166,0.35363690385604724,647.9831939999999,2438.313589,1574.640015,6.061111111111111,-5.058620689655172,21.82692307692308
2024-01-05 09:00:00+00:00,DK1,449.2843309999994,0.6818825034866409,2882.221818,3777.57558,718.140015,5.78888888888889,-5.265229885057472,14.057692307692308
2024-01-05 09:00:00+00:00,DK2,-761.7274339999999,0.3299723457702257,561.592659,2463.665994,1908.430054,5.78888888888889,-5.265229885057472,14.057692307692308
2024-01-05 08:00:00+00:00,DK1,221.94525699999986,0.6714259730465677,2620.7344999999996,3681.291444,708.070007,5.601851851851852,-5.4318965517241375,0.2115384615384615
2024-01-05 08:00:00+00:00,DK2,-797.7589230000003,0.2965280005643251,482.545201,2425.076411,1858.150024,5.601851851851852,-5.4318965517241375,0.2115384615384615
2024-01-05 07:00:00+00:00,DK1,67.80654300000015,0.6709132229093817,2498.758939,3656.607962,668.090027,5.3277777777777775,-5.520114942528736,0.0
2024-01-05 07:00:00+00:00,DK2,-808.3335189999998,0.26688635171891084,412.14527200000003,2352.606088,2230.280029,5.3277777777777775,-5.520114942528736,0.0
2024-01-05 06:00:00+00:00,DK1,46.844798999999966,0.6523118735634856,2317.849571,3506.43955,648.919983,5.064150943396226,-5.4862068965517246,0.0
2024-01-05 06:00:00+00:00,DK2,-776.3407709999997,0.26035646157556025,384.48274000000004,2253.0959,1230.790039,5.064150943396226,-5.4862068965517246,0.0
2024-01-05 05:00:00+00:00,DK1,93.71634499999936,0.6585282007441143,2184.9483499999997,3224.210431,604.169983,4.701851851851852,-5.429885057471264,0.0
2024-01-05 05:00:00+00:00,DK2,-669.2079599999997,0.228959435187057,316.3913390000001,2051.07431,818.909973,4.701851851851852,-5.429885057471264,0.0
2024-01-05 04:00:00+00:00,DK1,23.149831000000177,0.6594342776837149,2078.580997,3128.917126,567.099976,4.677777777777778,-5.364942528735632,0.0
2024-01-05 04:00:00+00:00,DK2,-708.2658839999999,0.23203142279645037,268.31072700000004,1864.621018,657.419983,4.677777777777778,-5.364942528735632,0.0
2024-01-05 03:00:00+00:00,DK1,-26.564515999999912,0.6512212337522694,1975.835856,3060.611555,552.330017,4.437037037037037,-5.200862068965518,0.0
2024-01-05 03:00:00+00:00,DK2,-747.3277519999999,0.2228384620489804,235.24343399999998,1802.995754,615.280029,4.437037037037037,-5.200862068965518,0.0
2024-01-05 02:00:00+00:00,DK1,-295.7120319999999,0.6152960818589913,1709.2440029999998,3073.633188,546.059998,4.109259259259259,-5.057471264367816,0.0
2024-01-05 02:00:00+00:00,DK2,-816.2215269999998,0.18927328813703298,191.619993,1828.620027,597.97998,4.109259259259259,-5.057471264367816,0.0
2024-01-05 01:00:00+00:00,DK1,-376.67527500000006,0.6023999579817365,1607.6629040000003,3045.438582,574.409973,3.861111111111111,-5.031609195402299,0.0
2024-01-05 01:00:00+00:00,DK2,-933.064906,0.1355525739715241,128.08055199999998,1877.94222,596.710022,3.861111111111111,-5.031609195402299,0.0
2024-01-05 00:00:00+00:00,DK1,-228.857121,0.5904786971105646,1547.5474929999998,2849.692556,600.51001,3.787037037037037,-4.934770114942529,0.0
2024-01-05 00:00:00+00:00,DK2,-972.2589210000001,0.09580804736704218,88.23644900000001,1893.230086,619.76001,3.787037037037037,-4.934770114942529,0.0
2024-01-04 23:00:00+00:00,DK1,-307.86145399999987,0.5476443375070066,1366.276022,2802.685062,642.059998,3.618518518518519,-4.7683908045977015,0.0
2024-01-04 23:00:00+00:00,DK2,-900.2995819999999,0.09250246439307687,90.97821599999999,1883.82166,662.570007,3.618518518518519,-4.7683908045977015,0.0
2024-01-04 22:00:00+00:00,DK1,-147.93496099999993,0.5114027992419605,1358.6972879999998,2804.739519,662.47998,3.6296296296296298,-4.650287356321839,0.0
2024-01-04 22:00:00+00:00,DK2,-827.7231850000003,0.09863214060457712,102.944741,1871.447273,662.47998,3.6296296296296298,-4.650287356321839,0.0
2024-01-04 21:00:00+00:00,DK1,-128.19845700000042,0.46783594708121207,1303.330732,2914.069744,707.450012,3.609259259259259,-4.501149425287356,0.0
2024-01-04 21:00:00+00:00,DK2,-894.7525850000002,0.11858299141443068,127.273197,1968.036329,707.450012,3.609259259259259,-4.501149425287356,0.0
2024-01-04 20:00:00+00:00,DK1,-215.59133999999995,0.42590212922773457,1209.511127,3055.471782,745.859985,3.798148148148148,-4.360919540229885,0.0
2024-01-04 20:00:00+00:00,DK2,-989.7549919999997,0.1331242438036184,144.746131,2077.056049,745.859985,3.798148148148148,-4.360919540229885,0.0
2024-01-04 19:00:00+00:00,DK1,-220.09541200000012,0.4005784459172434,1189.8703540000001,3190.475786,772.549988,4.005555555555556,-4.208908045977012,0.0
2024-01-04 19:00:00+00:00,DK2,-1062.0234250000003,0.1407925196336598,155.80123199999997,2168.625057,772.549988,4.005555555555556,-4.208908045977012,0.0
2024-01-04 18:00:00+00:00,DK1,-279.7383540000001,0.4021823852863314,1216.416381,3304.277532,932.22998,4.196296296296296,-4.094827586206897,0.0
2024-01-04 18:00:00+00:00,DK2,-1105.1635379999998,0.19935954704512016,237.15293900000003,2294.737564,932.22998,4.196296296296296,-4.094827586206897,0.0
2024-01-04 17:00:00+00:00,DK1,-397.72533299999986,0.40563253458459125,1261.719104,3508.223127,1078.77002,4.503703703703703,-4.018103448275862,0.0
2024-01-04 17:00:00+00:00,DK2,-1125.3875470000003,0.2670344442483135,350.6781610000001,2438.619486,1078.77002,4.503703703703703,-4.018103448275862,0.0
2024-01-04 16:00:00+00:00,DK1,-536.738621,0.40704940355280034,1260.149692,3632.553726,993.599976,4.887037037037037,-3.80948275862069,0.0
2024-01-04 16:00:00+00:00,DK2,-1067.567677,0.33030503407014594,469.682391,2489.533262,993.599976,4.887037037037037,-3.80948275862069,0.0
2024-01-04 15:00:00+00:00,DK1,-473.7037499999997,0.41446060488783293,1235.1855810000004,3453.928086,788.51001,5.264814814814815,-3.499137931034483,7.3076923076923075
2024-01-04 15:00:00+00:00,DK2,-897.3951329999998,0.3780301834195737,557.7523300000001,2372.812585,788.51001,5.264814814814815,-3.499137931034483,7.3076923076923075
2024-01-04 14:00:00+00:00,DK1,-277.30242200000066,0.44171545975033183,1360.6824219999999,3357.752499,735.48999,5.681481481481482,-3.167528735632184,8.576923076923077
2024-01-04 14:00:00+00:00,DK2,-629.269659,0.4377992996442976,718.545354,2270.536227,735.48999,5.681481481481482,-3.167528735632184,8.576923076923077
2024-01-04 13:00:00+00:00,DK1,-264.1326230000004,0.48625060938884734,1559.67099,3471.678197,686.940002,6.116666666666667,-2.920114942528736,7.326923076923077
2024-01-04 13:00:00+00:00,DK2,-495.32681699999944,0.48240075464803983,861.4216179999999,2281.023895,686.940002,6.116666666666667,-2.920114942528736,7.326923076923077
2024-01-04 12:00:00+00:00,DK1,-56.929915000000165,0.5317037902669537,1884.1543359999998,3600.546437,641.070007,6.677777777777778,-2.789367816091954,2.076923076923077
2024-01-04 12:00:00+00:00,DK2,-401.46451,0.5193841253804976,996.6736169999998,2320.417301,641.070007,6.677777777777778,-2.789367816091954,2.076923076923077
2024-01-04 11:00:00+00:00,DK1,219.1971709999998,0.5932513185966252,2266.530877,3601.326789,643.609985,6.983333333333333,-2.686494252873563,1.6730769230769231
2024-01-04 11:00:00+00:00,DK2,-345.8975320000004,0.5475077776824969,1097.239325,2349.959154,646.52002,6.983333333333333,-2.686494252873563,1.6730769230769231
2024-01-04 10:00:00+00:00,DK1,580.1841870000007,0.6178659164249135,2574.513486,3586.599281,671.429993,7.412962962962963,-2.618390804597701,1.1923076923076923
2024-01-04 10:00:00+00:00,DK2,-247.50098000000025,0.5661708861985139,1188.1733510000001,2346.113572,674.190002,7.412962962962963,-2.618390804597701,1.1923076923076923
2024-01-04 09:00:00+00:00,DK1,805.1506289999988,0.6477029782261126,2838.353102,3577.032559,683.210022,7.733333333333333,-2.589655172413793,1.6730769230769231
2024-01-04 09:00:00+00:00,DK2,-208.21114399999988,0.5816230652345116,1244.9221890000003,2348.638963,685.969971,7.733333333333333,-2.589655172413793,1.6730769230769231
2024-01-04 08:00:00+00:00,DK1,1017.29178,0.6747413166816716,3077.508344,3543.727781,702.530029,8.24074074074074,-2.4979885057471263,0.0
2024-01-04 08:00:00+00:00,DK2,-160.20511799999986,0.6044269239969732,1302.5723779999996,2315.258651,702.530029,8.24074074074074,-2.4979885057471263,0.0
2024-01-04 07:00:00+00:00,DK1,1206.2259439999998,0.6997551415752604,3300.085168,3509.831105,682.169983,8.716666666666667,-2.363793103448276,0.0
2024-01-04 07:00:00+00:00,DK2,-69.06713499999933,0.6049270549209035,1321.529368,2253.676597,682.169983,8.716666666666667,-2.363793103448276,0.0
2024-01-04 06:00:00+00:00,DK1,1454.9714330000002,0.733575430805647,3573.870158,3416.879515,634.059998,9.29056603773585,-2.2554597701149426,0.0
2024-01-04 06:00:00+00:00,DK2,57.39269999999988,0.6173139356753551,1358.5335800000003,2143.324798,634.059998,9.29056603773585,-2.2554597701149426,0.0
2024-01-04 05:00:00+00:00,DK1,1585.7438459999998,0.7735515476228739,3737.830405,3246.294066,541.809998,9.381132075471696,-2.103735632183908,0.0
2024-01-04 05:00:00+00:00,DK2,162.45100399999978,0.6450287134739595,1358.154695,1943.121456,541.809998,9.381132075471696,-2.103735632183908,0.0
2024-01-04 04:00:00+00:00,DK1,1311.1749960000016,0.8268501670552805,3906.781653,3413.721737,430.540009,9.566037735849056,-1.9209770114942528,0.0
2024-01-04 04:00:00+00:00,DK2,48.54575599999998,0.6291705081511554,1162.042958,1798.398662,441.130005,9.566037735849056,-1.9209770114942528,0.0
2024-01-04 03:00:00+00:00,DK1,1059.1619119999996,0.8838547950400455,4066.10811,3541.263557,261.019989,9.792592592592593,-1.7330459770114943,0.0
2024-01-04 03:00:00+00:00,DK2,-16.33958900000016,0.6045808128438405,1031.662211,1722.748706,434.420013,9.792592592592593,-1.7330459770114943,0.0
2024-01-04 02:00:00+00:00,DK1,1014.4876060000001,0.8947726691270543,4125.853888,3596.576221,190.020004,9.783333333333331,-1.5387931034482758,0.0
2024-01-04 02:00:00+00:00,DK2,-142.8958319999997,0.5973839362306643,953.2988999999999,1738.685143,411.519989,9.783333333333331,-1.5387931034482758,0.0
2024-01-04 01:00:00+00:00,DK1,1212.6851210000004,0.8814022493309557,4207.8123860000005,3561.312664,298.309998,9.82777777777778,-1.3089080459770115,0.0
2024-01-04 01:00:00+00:00,DK2,-205.96381799999995,0.5916135070066196,931.1591699999998,1779.895378,406.0,9.82777777777778,-1.3089080459770115,0.0
2024-01-04 00:00:00+00:00,DK1,1625.3581739999995,0.8533623983869787,4283.869963,3394.630955,376.320007,9.955555555555556,-1.0548850574712645,0.0
2024-01-04 00:00:00+00:00,DK2,-284.18443000000025,0.580635210299607,887.9022719999998,1813.375661,399.73999,9.955555555555556,-1.0548850574712645,0.0
2024-01-03 23:00:00+00:00,DK1,1799.9905010000011,0.8441241619846189,4295.494629000001,3288.709506,427.329987,10.170370370370373,-0.8218390804597702,0.0
2024-01-03 23:00:00+00:00,DK2,-242.5117819999998,0.5858590785581632,903.9648320000001,1785.484939,437.850006,10.170370370370373,-0.8218390804597702,0.0
2024-01-03 22:00:00+00:00,DK1,1976.6691880000008,0.8261118482270924,4295.265086,3222.705564,433.290009,10.19074074074074,-0.6295977011494253,0.0
2024-01-03 22:00:00+00:00,DK2,-228.90880300000003,0.5960646445509628,914.12563,1762.510298,433.290009,10.19074074074074,-0.6295977011494253,0.0
2024-01-03 21:00:00+00:00,DK1,1904.1527149999997,0.8245327447190695,4238.9164009999995,3236.839475,484.579987,10.31851851851852,-0.3721264367816091,0.0
2024-01-03 21:00:00+00:00,DK2,-274.14768300000014,0.6046090344713998,950.6306809999999,1846.454127,484.579987,10.31851851851852,-0.3721264367816091,0.0
2024-01-03 20:00:00+00:00,DK1,1993.7497199999993,0.826074855219111,4241.299758,3140.530462,502.549988,10.403703703703703,-0.0899425287356321,0.0
2024-01-03 20:00:00+00:00,DK2,-279.264903,0.5978467367073615,1003.804587,1958.298216,502.549988,10.403703703703703,-0.0899425287356321,0.0
2024-01-03 19:00:00+00:00,DK1,2120.779782,0.8059009667608991,4306.0163250000005,3222.328742,545.940002,10.644444444444444,0.1864942528735632,0.0
2024-01-03 19:00:00+00:00,DK2,-185.28782400000023,0.5622179342838115,1038.2754989999999,2032.036986,545.940002,10.644444444444444,0.1864942528735632,0.0
2024-01-03 18:00:00+00:00,DK1,2069.5189810000006,0.7965453810220072,4346.212391,3386.808423,589.179993,10.635185185185184,0.4686781609195402,0.0
2024-01-03 18:00:00+00:00,DK2,-190.83486500000004,0.5781489604288648,1134.734262,2153.537109,589.179993,10.635185185185184,0.4686781609195402,0.0
2024-01-03 17:00:00+00:00,DK1,1879.430363,0.7967744393669424,4363.160389,3596.599205,618.549988,10.62037037037037,0.7327586206896551,0.0
2024-01-03 17:00:00+00:00,DK2,-332.6381909999998,0.5950781114351905,1173.701405,2304.986665,618.549988,10.62037037037037,0.7327586206896551,0.0
2024-01-03 16:00:00+00:00,DK1,1707.867523,0.7967253699382081,4388.901429999999,3800.807857,613.409973,10.588888888888889,0.9439655172413792,0.0
2024-01-03 16:00:00+00:00,DK2,-382.9689039999996,0.6057642905688396,1209.7922420000002,2380.102543,613.409973,10.588888888888889,0.9439655172413792,0.0
2024-01-03 15:00:00+00:00,DK1,1742.8411989999995,0.8101356114416951,4387.508334,3672.92904,548.619995,10.54074074074074,1.1270114942528735,1.7884615384615383
2024-01-03 15:00:00+00:00,DK2,-350.9668350000002,0.6152339584864029,1203.8167939999998,2307.648155,548.619995,10.54074074074074,1.1270114942528735,1.7884615384615383
2024-01-03 14:00:00+00:00,DK1,1718.0607030000006,0.8341300297268284,4417.498962000001,3577.874948,500.829987,10.67962962962963,1.25,3.807692307692308
2024-01-03 14:00:00+00:00,DK2,-279.33858599999985,0.6192240806535717,1202.352493,2221.046815,513.140015,10.67962962962963,1.25,3.807692307692308
2024-01-03 13:00:00+00:00,DK1,1383.2165899999995,0.8601431679997288,4502.312263999999,3851.158839,453.720001,10.974074074074077,1.3313218390804598,1.4615384615384617
2024-01-03 13:00:00+00:00,DK2,-288.86918900000023,0.6166341706703431,1199.077438,2233.421559,484.51001,10.974074074074077,1.3313218390804598,1.4615384615384617
2024-01-03 12:00:00+00:00,DK1,1338.0464630000001,0.8632284582667763,4557.952675,3942.076813,438.809998,11.43148148148148,1.3793103448275863,1.6538461538461535
2024-01-03 12:00:00+00:00,DK2,-360.5673760000002,0.611667501110243,1173.187225,2278.582021,438.809998,11.43148148148148,1.3793103448275863,1.6538461538461535
2024-01-03 11:00:00+00:00,DK1,1369.6943460000002,0.866681035969084,4621.771332,3963.030313,445.820007,11.5,1.3936781609195403,0.7692307692307693
2024-01-03 11:00:00+00:00,DK2,-374.31330300000036,0.6241662126828199,1202.147028,2300.317953,445.820007,11.5,1.3936781609195403,0.7692307692307693
2024-01-03 10:00:00+00:00,DK1,1412.595585,0.8592415286374759,4605.315291,3947.149187,409.209991,11.924074074074074,1.3591954022988506,1.0
2024-01-03 10:00:00+00:00,DK2,-395.78779499999996,0.6355712903162315,1212.76629,2303.939262,447.01001,11.924074074074074,1.3591954022988506,1.0
2024-01-03 09:00:00+00:00,DK1,1350.7389949999997,0.8572993421110059,4596.431478,4010.785565,424.940002,12.11111111111111,1.289942528735632,2.730769230769231
2024-01-03 09:00:00+00:00,DK2,-418.42355299999963,0.6435220802750026,1204.5768420000002,2290.273609,448.720001,12.11111111111111,1.289942528735632,2.730769230769231
2024-01-03 08:00:00+00:00,DK1,1445.0382110000005,0.8645986233264131,4553.859927,3821.983739,451.850006,12.58148148148148,1.189367816091954,0.0
2024-01-03 08:00:00+00:00,DK2,-273.6677789999999,0.6538984132002074,1274.310125,2222.456917,484.51001,12.58148148148148,1.189367816091954,0.0
2024-01-03 07:00:00+00:00,DK1,1490.448874000001,0.8652150210708272,4560.544878000001,3780.547083,444.399994,12.87962962962963,1.1232758620689651,0.0
2024-01-03 07:00:00+00:00,DK2,-199.15288899999996,0.630161398941959,1268.8405200000002,2212.66962,473.25,12.87962962962963,1.1232758620689651,0.0
2024-01-03 06:00:00+00:00,DK1,1124.4640199999994,0.9140106275803598,4548.589397999999,3852.052949,302.600006,12.82222222222222,1.1080459770114943,0.0
2024-01-03 06:00:00+00:00,DK2,-153.424935,0.6417527304010741,1242.142488,2088.971804,399.070007,12.82222222222222,1.1080459770114943,0.0
2024-01-03 05:00:00+00:00,DK1,861.6205159999995,0.9327172904148381,4350.253945999999,3802.444352,8.13,12.905555555555557,1.082471264367816,0.0
2024-01-03 05:00:00+00:00,DK2,44.23395400000004,0.6710182268280485,1298.1185609999998,1890.316419,368.579987,12.905555555555557,1.082471264367816,0.0
2024-01-03 04:00:00+00:00,DK1,505.9384109999992,0.937463314213854,4063.0344330000003,3828.134583,0.15,13.124074074074075,1.0844827586206895,0.0
2024-01-03 04:00:00+00:00,DK2,229.9583520000001,0.6962041219249776,1380.5317589999997,1752.982736,149.399994,13.124074074074075,1.0844827586206895,0.0
2024-01-03 03:00:00+00:00,DK1,644.5777649999995,0.9383573958453318,4124.111683,3750.455195,0.0,13.025925925925923,1.1224137931034484,0.0
2024-01-03 03:00:00+00:00,DK2,329.6507769999996,0.7141041557827484,1453.689743,1706.032297,118.830002,13.025925925925923,1.1224137931034484,0.0
2024-01-03 02:00:00+00:00,DK1,1021.6478259999999,0.936896144610667,4344.339030000001,3615.300522,-0.07,13.105555555555556,1.2537356321839082,0.0
2024-01-03 02:00:00+00:00,DK2,326.7742959999998,0.7160039336338994,1470.148582,1726.494566,118.389999,13.105555555555556,1.2537356321839082,0.0
2024-01-03 01:00:00+00:00,DK1,1167.323281,0.9350343499975732,4548.511665,3697.216364,0.0,12.944444444444445,1.4255747126436782,0.0
2024-01-03 01:00:00+00:00,DK2,294.73681599999964,0.7158512443365357,1479.30464,1771.760451,118.389999,12.944444444444445,1.4255747126436782,0.0
2024-01-03 00:00:00+00:00,DK1,1110.8307909999999,0.935819532602205,4554.748654,3756.292084,-0.07,12.825925925925926,1.6221264367816093,0.0
2024-01-03 00:00:00+00:00,DK2,248.47550499999988,0.7161910426057498,1484.7389269999999,1824.62907,118.309998,12.825925925925926,1.6221264367816093,0.0
2024-01-02 23:00:00+00:00,DK1,1356.7116859999996,0.9342132240966644,4629.266549999999,3598.545241,7.75,12.67962962962963,1.8152298850574715,0.0
2024-01-02 23:00:00+00:00,DK2,325.09636900000055,0.7029845820343474,1493.5342410000003,1799.465505,149.100006,12.67962962962963,1.8152298850574715,0.0
2024-01-02 22:00:00+00:00,DK1,1615.6240710000002,0.9235016730679583,4670.197272,3441.429325,162.589996,12.40925925925926,2.072126436781609,0.0
2024-01-02 22:00:00+00:00,DK2,399.69513099999995,0.6967290551601603,1497.110866,1749.075406,223.639999,12.40925925925926,2.072126436781609,0.0
2024-01-02 21:00:00+00:00,DK1,1741.515128,0.9041252910176657,4714.0732,3472.44498,298.190002,12.292592592592593,2.2784482758620688,0.0
2024-01-02 21:00:00+00:00,DK2,406.220916,0.6710153324192085,1493.4948679999998,1819.502992,298.190002,12.292592592592593,2.2784482758620688,0.0
2024-01-02 20:00:00+00:00,DK1,1468.5564550000004,0.8953109515474756,4686.444797,3765.876106,349.549988,11.998148148148148,2.384770114942529,0.0
2024-01-02 20:00:00+00:00,DK2,400.37172599999985,0.6414007594338593,1485.099523,1915.028593,358.130005,11.998148148148148,2.384770114942529,0.0
2024-01-02 19:00:00+00:00,DK1,2255.750083,0.8505614390713079,4764.530632999999,3345.880104,425.73999,11.781481481481482,2.464655172413793,0.0
2024-01-02 19:00:00+00:00,DK2,309.09395599999993,0.6456772133554869,1478.6212420000004,1980.937675,425.73999,11.781481481481482,2.464655172413793,0.0
2024-01-02 18:00:00+00:00,DK1,1769.5166229999995,0.8527523200184552,4782.509857,3838.805682,470.98999,11.444444444444445,2.5488505747126435,0.0
2024-01-02 18:00:00+00:00,DK2,228.46991200000002,0.6407024065074729,1480.084629,2081.626966,470.98999,11.444444444444445,2.5488505747126435,0.0
2024-01-02 17:00:00+00:00,DK1,2328.1766350000007,0.8207112977384294,4771.90462,3486.175663,558.72998,11.064814814814817,2.607471264367816,0.0
2024-01-02 17:00:00+00:00,DK2,101.85309700000016,0.6381240912883519,1474.3000319999999,2208.512633,558.72998,11.064814814814817,2.607471264367816,0.0
2024-01-02 16:00:00+00:00,DK1,2194.132055,0.8165284015575246,4746.269975,3618.61122,603.23999,10.592592592592592,2.6985632183908046,0.0
2024-01-02 16:00:00+00:00,DK2,37.87353299999995,0.6291176865151502,1445.0972979999997,2259.148676,603.23999,10.592592592592592,2.6985632183908046,0.0
2024-01-02 15:00:00+00:00,DK1,2322.375053,0.8103260956494376,4691.339836,3467.071765,607.26001,10.196296296296296,2.840229885057471,0.0
2024-01-02 15:00:00+00:00,DK2,155.45930399999997,0.6064670639860583,1406.3830750000002,2163.517535,607.26001,10.196296296296296,2.840229885057471,0.0
2024-01-02 14:00:00+00:00,DK1,2264.774226000001,0.8099113425344725,4556.029073000001,3360.568739,596.080017,9.80188679245283,3.035057471264368,0.0
2024-01-02 14:00:00+00:00,DK2,200.76745500000015,0.608523792557456,1392.308679,2087.242802,596.080017,9.80188679245283,3.035057471264368,0.0
2024-01-02 13:00:00+00:00,DK1,2084.4766629999995,0.8110643581271757,4464.966946,3420.594422,590.719971,9.398113207547173,3.248985507246377,1.1
2024-01-02 13:00:00+00:00,DK2,192.52802200000042,0.603500361424628,1372.582563,2081.84106,590.719971,9.398113207547173,3.248985507246377,1.1
2024-01-02 12:00:00+00:00,DK1,2084.2141869999996,0.8065227582741099,4350.80172,3310.30404,587.960022,8.977358490566038,3.407017543859649,3.9
2024-01-02 12:00:00+00:00,DK2,17.922867000000224,0.578944981548742,1216.7903549999999,2083.814593,587.960022,8.977358490566038,3.407017543859649,3.9
2024-01-02 11:00:00+00:00,DK1,2050.4663609999993,0.808267076416149,4284.242131,3250.061467,582.659973,8.790384615384616,3.4792397660818715,0.2
2024-01-02 11:00:00+00:00,DK2,-136.33994499999972,0.5443413897251063,1059.196698,2082.171583,582.659973,8.790384615384616,3.4792397660818715,0.2
2024-01-02 10:00:00+00:00,DK1,1910.0479289999994,0.8088525878842272,4200.864326,3283.561375,548.219971,8.353846153846153,3.438304093567252,0.0
2024-01-02 10:00:00+00:00,DK2,-290.01085199999966,0.4971132196049284,884.6437619999999,2069.572785,548.219971,8.353846153846153,3.438304093567252,0.0
2024-01-02 09:00:00+00:00,DK1,1743.3937170000004,0.8071456450626888,4072.5568919999996,3302.234562,514.22998,7.788679245283019,3.3365497076023387,0.0
2024-01-02 09:00:00+00:00,DK2,-501.5930549999998,0.42706450565900234,662.0119030000001,2051.738043,514.22998,7.788679245283019,3.3365497076023387,0.0
2024-01-02 08:00:00+00:00,DK1,1407.886419,0.7979832506536952,3738.1874709999993,3276.657358,482.549988,7.30188679245283,3.285672514619883,0.0
2024-01-02 08:00:00+00:00,DK2,-636.960936,0.3580055157521055,495.912238,2022.169309,492.829987,7.30188679245283,3.285672514619883,0.0
2024-01-02 07:00:00+00:00,DK1,1120.264893,0.7962933932109224,3458.6100840000004,3223.121745,489.549988,6.805660377358491,3.330116959064328,0.0
2024-01-02 07:00:00+00:00,DK2,-591.377634,0.3397637921685995,454.22481999999997,1928.261759,489.549988,6.805660377358491,3.330116959064328,0.0
2024-01-02 06:00:00+00:00,DK1,835.5032820000001,0.8034283003155469,3206.263659,3155.224525,433.119995,6.3,3.4201754385964915,0.0
2024-01-02 06:00:00+00:00,DK2,-593.6663019999999,0.3075393419129432,365.46074400000003,1782.004489,437.970001,6.3,3.4201754385964915,0.0
2024-01-02 05:00:00+00:00,DK1,456.11195799999996,0.8484497561229029,2996.680331,3075.835938,355.070007,5.60188679245283,3.5742690058479534,0.0
2024-01-02 05:00:00+00:00,DK2,-563.5986519999999,0.24303795939663053,250.148747,1592.856582,366.630005,5.60188679245283,3.5742690058479534,0.0
2024-01-02 04:00:00+00:00,DK1,7.915957999999591,0.8733435218739918,2606.5029189999996,2976.594551,102.730003,5.228301886792453,3.729239766081872,0.0
2024-01-02 04:00:00+00:00,DK2,-413.084786,0.2937412549892422,299.195002,1431.651286,311.01001,5.228301886792453,3.729239766081872,0.0
2024-01-02 03:00:00+00:00,DK1,-336.6104439999999,0.8745368486407146,2269.205924,2931.362086,82.599998,5.069811320754717,3.906140350877193,0.0
2024-01-02 03:00:00+00:00,DK2,-480.685839,0.32282705725836297,282.459216,1355.64105,273.589996,5.069811320754717,3.906140350877193,0.0
2024-01-02 02:00:00+00:00,DK1,-525.050949,0.8619078378747534,2101.88623,2963.694778,137.089996,5.1000000000000005,4.087719298245614,0.0
2024-01-02 02:00:00+00:00,DK2,-420.7990050000001,0.3976251660537993,381.95537099999996,1381.390546,240.710007,5.1000000000000005,4.087719298245614,0.0
2024-01-02 01:00:00+00:00,DK1,-404.9515510000001,0.8701647114490338,2109.2443799999996,2828.911466,231.320007,5.130188679245283,4.2330409356725145,0.0
2024-01-02 01:00:00+00:00,DK2,-510.67130800000007,0.36360824291288973,330.53504000000004,1419.712966,238.779999,5.130188679245283,4.2330409356725145,0.0
2024-01-02 00:00:00+00:00,DK1,-286.8694660000001,0.8900339845208548,2176.00153,2731.721649,149.619995,5.158490566037735,4.326023391812866,0.0
2024-01-02 00:00:00+00:00,DK2,-463.0014030000001,0.4054370141844706,399.606463,1448.620498,250.179993,5.158490566037735,4.326023391812866,0.0
2024-01-01 23:00:00+00:00,DK1,-215.25871199999983,0.8815370701909097,2310.541552,2836.296023,228.039993,5.1000000000000005,4.414619883040936,0.0
2024-01-01 23:00:00+00:00,DK2,-381.76631,0.4411828174134938,479.52694299999996,1468.678411,283.279999,5.1000000000000005,4.414619883040936,0.0
2024-01-01 22:00:00+00:00,DK1,197.24928799999998,0.8419149885794113,2391.031056,2642.74179,265.019989,5.041509433962264,4.53625730994152,0.0
2024-01-01 22:00:00+00:00,DK2,-334.9020159999998,0.40365202134701933,470.268568,1499.936608,283.279999,5.041509433962264,4.53625730994152,0.0
2024-01-01 21:00:00+00:00,DK1,87.50113099999999,0.8249396625607842,2383.741351,2802.093659,355.220001,4.962264150943396,4.685380116959065,0.0
2024-01-01 21:00:00+00:00,DK2,-384.8614620000001,0.33559019742847956,390.446351,1548.32319,336.959991,4.962264150943396,4.685380116959065,0.0
2024-01-01 20:00:00+00:00,DK1,4.3342810000008285,0.8175437769072518,2299.4534730000005,2808.302226,409.420013,4.915094339622642,4.7935672514619885,0.0
2024-01-01 20:00:00+00:00,DK2,-414.62843599999997,0.36436683763978706,445.41138,1637.054118,328.079987,4.915094339622642,4.7935672514619885,0.0
2024-01-01 19:00:00+00:00,DK1,199.52916800000003,0.7835311611569397,2163.8663880000004,2562.156002,447.059998,4.990566037735849,4.891228070175439,0.0
2024-01-01 19:00:00+00:00,DK2,-418.25603300000034,0.37218629841571904,460.37691,1655.208903,357.899994,4.990566037735849,4.891228070175439,0.0
2024-01-01 18:00:00+00:00,DK1,293.5882710000001,0.7155626003385339,2098.4176310000003,2638.954081,456.75,4.954716981132076,4.955555555555556,0.0
2024-01-01 18:00:00+00:00,DK2,-542.2232240000001,0.3662970612132475,434.31160100000005,1727.904593,410.529999,4.954716981132076,4.955555555555556,0.0
2024-01-01 17:00:00+00:00,DK1,127.78184199999941,0.7084592132768954,2037.913463,2748.76126,460.26001,4.988679245283018,5.02719298245614,0.0
2024-01-01 17:00:00+00:00,DK2,-776.5331430000001,0.2843005449154517,296.630224,1819.901611,460.26001,4.988679245283018,5.02719298245614,0.0
2024-01-01 16:00:00+00:00,DK1,-24.340332000000217,0.6975634194928316,1963.4268459999998,2839.033292,484.480011,4.862264150943396,5.098538011695907,0.0
2024-01-01 16:00:00+00:00,DK2,-774.6313719999998,0.2806540579672817,304.714875,1860.3626,484.480011,4.862264150943396,5.098538011695907,0.0
2024-01-01 15:00:00+00:00,DK1,-30.43684200000007,0.7143475435183758,1918.9120719999999,2716.681219,443.329987,4.856603773584905,5.202923976608187,0.0
2024-01-01 15:00:00+00:00,DK2,-612.4562040000001,0.3102094603436559,369.574349,1803.82654,443.329987,4.856603773584905,5.202923976608187,0.0
2024-01-01 14:00:00+00:00,DK1,-353.8422989999999,0.744562188288581,1782.106985,2747.33879,377.290009,4.952830188679245,5.295029239766082,0.12
2024-01-01 14:00:00+00:00,DK2,-658.2715819999999,0.2836655315386092,300.845046,1718.834155,377.290009,4.952830188679245,5.295029239766082,0.12
2024-01-01 13:00:00+00:00,DK1,-599.7337110000003,0.7737307415847726,1739.8566970000002,2848.392842,344.709991,4.983018867924529,5.399415204678363,0.0
2024-01-01 13:00:00+00:00,DK2,-728.1472359999997,0.27743209461701424,268.497179,1695.941461,344.709991,4.983018867924529,5.399415204678363,0.0
2024-01-01 12:00:00+00:00,DK1,-567.8857040000003,0.7818753311477302,1784.6282150000002,2850.382854,330.170013,5.043396226415094,5.495029239766081,0.1
2024-01-01 12:00:00+00:00,DK2,-492.38374899999985,0.4200387751357104,504.75105699999995,1694.061039,330.170013,5.043396226415094,5.495029239766081,0.1
2024-01-01 11:00:00+00:00,DK1,-446.8327919999997,0.7968334027287484,1889.6648409999998,2818.300698,320.700012,5.145283018867924,5.530116959064327,0.9
2024-01-01 11:00:00+00:00,DK2,-468.35921699999994,0.46448710803258686,561.677339,1677.601259,320.700012,5.145283018867924,5.530116959064327,0.9
2024-01-01 10:00:00+00:00,DK1,-331.0124190000006,0.8187424366931442,2056.397319,2842.665934,324.359985,5.067924528301887,5.492690058479532,0.0
2024-01-01 10:00:00+00:00,DK2,-411.484197,0.4799005588533048,602.0393119999999,1665.992659,324.359985,5.067924528301887,5.492690058479532,0.0
2024-01-01 09:00:00+00:00,DK1,-254.09434700000065,0.8339682426657141,2152.8621679999997,2835.562151,308.179993,5.020754716981132,5.382163742690059,0.32
2024-01-01 09:00:00+00:00,DK2,-368.40708500000005,0.4747498619674653,588.635338,1608.292307,308.179993,5.020754716981132,5.382163742690059,0.32
2024-01-01 08:00:00+00:00,DK1,-406.6489219999994,0.8723728308986779,2201.3994330000005,2930.110629,0.6,4.886792452830188,5.2824561403508765,0.0
2024-01-01 08:00:00+00:00,DK2,-362.634102,0.4796867372583656,553.383129,1516.268518,240.119995,4.886792452830188,5.2824561403508765,0.0
2024-01-01 07:00:00+00:00,DK1,-790.5373439999998,0.8495657411889793,1774.546305,2879.306016,0.0,4.967924528301887,5.273976608187135,0.0
2024-01-01 07:00:00+00:00,DK2,-285.637884,0.49776824267606823,576.763012,1444.335773,189.5,4.967924528301887,5.273976608187135,0.0
2024-01-01 06:00:00+00:00,DK1,-756.427083,0.8506005356392834,1844.124247,2924.453283,-0.15,5.0,5.256432748538012,0.0
2024-01-01 06:00:00+00:00,DK2,-197.70028800000023,0.5337837734978585,645.5264930000001,1407.041083,164.300003,5.0,5.256432748538012,0.0
2024-01-01 05:00:00+00:00,DK1,-890.5629709999998,0.848115341032828,1741.4370039999997,2943.865063,-0.37,4.99811320754717,5.254678362573099,0.0
2024-01-01 05:00:00+00:00,DK2,-147.49981500000013,0.5634242177426093,691.1631,1374.21865,118.309998,4.99811320754717,5.254678362573099,0.0
2024-01-01 04:00:00+00:00,DK1,-939.1234069999998,0.8533366948268922,1722.8320820000001,2958.0593,-0.15,5.035849056603773,5.258771929824562,0.0
2024-01-01 04:00:00+00:00,DK2,-25.005605999999716,0.6128527580139577,829.70113,1378.83998,118.379997,5.035849056603773,5.258771929824562,0.0
2024-01-01 03:00:00+00:00,DK1,-913.4800420000001,0.8526379848982519,1728.525664,2940.747997,-0.22,4.977358490566038,5.31812865497076,0.0
2024-01-01 03:00:00+00:00,DK2,-19.712289000000055,0.6184459913472036,847.041924,1389.34187,178.990005,4.977358490566038,5.31812865497076,0.0
2024-01-01 02:00:00+00:00,DK1,-455.2731909999993,0.881538992708036,2201.387266,2952.482372,30.860001,4.962264150943396,5.306451612903226,0.0
2024-01-01 02:00:00+00:00,DK2,-165.85941000000003,0.5832047100746091,732.5868239999999,1421.999512,182.490005,4.962264150943396,5.306451612903226,0.0
2024-01-01 01:00:00+00:00,DK1,-185.46820500000013,0.8658478909910953,2234.334409,2765.984289,198.740005,5.241509433962264,5.31812865497076,0.0
2024-01-01 01:00:00+00:00,DK2,-221.6978170000002,0.5701309528342076,708.4292150000001,1464.270618,198.740005,5.241509433962264,5.31812865497076,0.0
2024-01-01 00:00:00+00:00,DK1,98.80743799999982,0.871847751737224,2353.491381,2600.621879,209.779999,5.269230769230769,5.351524390243903,0.0
2024-01-01 00:00:00+00:00,DK2,-366.229053,0.5229162163550625,587.5398139999999,1489.812135,212.160004,5.269230769230769,5.351524390243903,0.0
2023-12-31 23:00:00+00:00,DK1,107.40518299999985,0.8796470565517565,2502.9080379999996,2737.949689,126.660004,,,
2023-12-31 23:00:00+00:00,DK2,-286.77873400000044,0.5602424055111663,687.59927,1514.103305,217.160004,,,
